transaction_id,user_id,transaction_date,transaction_month,day_of_week,is_weekend,transaction_type,amount_xaf,fee_xaf,status,provider,month_num,year,quarter
TX_000001,USER_001,2025-01-22,2025-01-01,Wednesday,0,Receive Money,43700.0,813.0,Success,MTN Mobile Money,1,2025,1
TX_000002,USER_001,2024-04-27,2024-04-01,Saturday,1,Pay Bill,10700.0,171.0,Success,Orange Money,4,2024,2
TX_000003,USER_001,2024-03-13,2024-03-01,Wednesday,0,Deposit Cash,62400.0,811.0,Success,Orange Money,3,2024,1
TX_000004,USER_001,2024-07-19,2024-07-01,Friday,0,Save/Investment,37700.0,588.0,Success,MTN Mobile Money,7,2024,3
TX_000005,USER_001,2024-07-04,2024-07-01,Thursday,0,Send Money,45800.0,753.0,Success,MTN Mobile Money,7,2024,3
TX_000006,USER_001,2024-06-23,2024-06-01,Sunday,1,Receive Money,27100.0,461.0,Success,Orange Money,6,2024,2
TX_000007,USER_001,2024-05-11,2024-05-01,Saturday,1,Receive Money,63900.0,463.0,Success,Orange Money,5,2024,2
TX_000008,USER_001,2024-04-22,2024-04-01,Monday,0,Withdraw Cash,2200.0,31.0,Success,Orange Money,4,2024,2
TX_000009,USER_001,2025-02-10,2025-02-01,Monday,0,Receive Money,28000.0,216.0,Success,Orange Money,2,2025,1
TX_000010,USER_001,2024-12-05,2024-12-01,Thursday,0,Receive Money,34200.0,319.0,Success,Orange Money,12,2024,4
TX_000011,USER_001,2024-04-14,2024-04-01,Sunday,1,Buy Airtime,2600.0,37.0,Success,Orange Money,4,2024,2
TX_000012,USER_001,2024-12-28,2024-12-01,Saturday,1,Buy Airtime,2600.0,11.0,Success,MTN Mobile Money,12,2024,4
TX_000013,USER_001,2024-10-03,2024-10-01,Thursday,0,Withdraw Cash,16100.0,220.0,Success,Orange Money,10,2024,4
TX_000014,USER_001,2024-03-17,2024-03-01,Sunday,1,Send Money,8800.0,155.0,Success,MTN Mobile Money,3,2024,1
TX_000015,USER_001,2024-03-16,2024-03-01,Saturday,1,Send Money,78800.0,1386.0,Success,MTN Mobile Money,3,2024,1
TX_000016,USER_001,2024-04-17,2024-04-01,Wednesday,0,Receive Money,25300.0,213.0,Success,MTN Mobile Money,4,2024,2
TX_000017,USER_001,2024-06-20,2024-06-01,Thursday,0,Send Money,27100.0,462.0,Success,MTN Mobile Money,6,2024,2
TX_000018,USER_001,2024-06-28,2024-06-01,Friday,0,Send Money,33500.0,601.0,Failed,MTN Mobile Money,6,2024,2
TX_000019,USER_001,2024-11-14,2024-11-01,Thursday,0,Receive Money,59100.0,696.0,Success,Orange Money,11,2024,4
TX_000020,USER_001,2025-01-03,2025-01-01,Friday,0,Merchant Payment,12600.0,172.0,Success,MTN Mobile Money,1,2025,1
TX_000021,USER_001,2024-03-14,2024-03-01,Thursday,0,Merchant Payment,18200.0,250.0,Success,Orange Money,3,2024,1
TX_000022,USER_001,2024-12-13,2024-12-01,Friday,0,Receive Money,41500.0,815.0,Success,Orange Money,12,2024,4
TX_000023,USER_001,2024-06-10,2024-06-01,Monday,0,Pay Bill,3500.0,70.0,Success,MTN Mobile Money,6,2024,2
TX_000024,USER_001,2025-01-27,2025-01-01,Monday,0,Receive Money,32100.0,366.0,Success,Orange Money,1,2025,1
TX_000025,USER_001,2025-02-23,2025-02-01,Sunday,1,Receive Money,15700.0,87.0,Success,Orange Money,2,2025,1
TX_000026,USER_001,2024-12-05,2024-12-01,Thursday,0,Buy Airtime,2600.0,24.0,Success,Orange Money,12,2024,4
TX_000027,USER_001,2024-10-01,2024-10-01,Tuesday,0,Pay Bill,12600.0,169.0,Success,MTN Mobile Money,10,2024,4
TX_000028,USER_001,2024-06-21,2024-06-01,Friday,0,Receive Money,6500.0,106.0,Success,MTN Mobile Money,6,2024,2
TX_000029,USER_001,2024-10-16,2024-10-01,Wednesday,0,Buy Airtime,2100.0,11.0,Success,Orange Money,10,2024,4
TX_000030,USER_001,2024-12-27,2024-12-01,Friday,0,Deposit Cash,41400.0,550.0,Success,MTN Mobile Money,12,2024,4
TX_000031,USER_001,2024-07-21,2024-07-01,Sunday,1,Withdraw Cash,3000.0,20.0,Success,MTN Mobile Money,7,2024,3
TX_000032,USER_001,2024-03-04,2024-03-01,Monday,0,Merchant Payment,27900.0,441.0,Success,Orange Money,3,2024,1
TX_000033,USER_001,2024-05-21,2024-05-01,Tuesday,0,Withdraw Cash,85700.0,1496.0,Success,MTN Mobile Money,5,2024,2
TX_000034,USER_001,2025-02-21,2025-02-01,Friday,0,Send Money,32800.0,323.0,Success,Orange Money,2,2025,1
TX_000035,USER_001,2024-10-03,2024-10-01,Thursday,0,Send Money,17000.0,92.0,Success,Orange Money,10,2024,4
TX_000036,USER_001,2024-08-22,2024-08-01,Thursday,0,Buy Airtime,3500.0,65.0,Success,MTN Mobile Money,8,2024,3
TX_000037,USER_001,2024-07-21,2024-07-01,Sunday,1,Receive Money,30700.0,425.0,Success,MTN Mobile Money,7,2024,3
TX_000038,USER_001,2024-05-19,2024-05-01,Sunday,1,Receive Money,62000.0,647.0,Success,MTN Mobile Money,5,2024,2
TX_000039,USER_001,2024-06-19,2024-06-01,Wednesday,0,Merchant Payment,38200.0,271.0,Success,Orange Money,6,2024,2
TX_000040,USER_001,2024-08-20,2024-08-01,Tuesday,0,Save/Investment,23800.0,184.0,Success,MTN Mobile Money,8,2024,3
TX_000041,USER_001,2024-04-22,2024-04-01,Monday,0,Receive Money,43600.0,632.0,Success,Orange Money,4,2024,2
TX_000042,USER_001,2024-04-17,2024-04-01,Wednesday,0,Buy Airtime,2200.0,15.0,Success,Orange Money,4,2024,2
TX_000043,USER_001,2024-09-11,2024-09-01,Wednesday,0,Receive Money,2000.0,37.0,Success,Orange Money,9,2024,3
TX_000044,USER_001,2024-04-19,2024-04-01,Friday,0,Pay Bill,2900.0,32.0,Success,Orange Money,4,2024,2
TX_000045,USER_002,2024-08-31,2024-08-01,Saturday,1,Receive Money,1000.0,7.0,Success,MTN Mobile Money,8,2024,3
TX_000046,USER_002,2024-08-24,2024-08-01,Saturday,1,Merchant Payment,21000.0,294.0,Success,MTN Mobile Money,8,2024,3
TX_000047,USER_002,2025-01-04,2025-01-01,Saturday,1,Send Money,51200.0,578.0,Success,MTN Mobile Money,1,2025,1
TX_000048,USER_002,2024-07-14,2024-07-01,Sunday,1,Pay Bill,1700.0,13.0,Success,MTN Mobile Money,7,2024,3
TX_000049,USER_002,2024-03-23,2024-03-01,Saturday,1,Send Money,33900.0,294.0,Success,MTN Mobile Money,3,2024,1
TX_000050,USER_002,2024-10-22,2024-10-01,Tuesday,0,Receive Money,20100.0,317.0,Success,MTN Mobile Money,10,2024,4
TX_000051,USER_002,2024-11-30,2024-11-01,Saturday,1,Buy Airtime,1700.0,25.0,Failed,MTN Mobile Money,11,2024,4
TX_000052,USER_002,2024-05-03,2024-05-01,Friday,0,Withdraw Cash,15600.0,85.0,Success,MTN Mobile Money,5,2024,2
TX_000053,USER_002,2024-09-10,2024-09-01,Tuesday,0,Buy Airtime,200.0,2.0,Success,MTN Mobile Money,9,2024,3
TX_000054,USER_002,2024-04-10,2024-04-01,Wednesday,0,Receive Money,43300.0,286.0,Success,MTN Mobile Money,4,2024,2
TX_000055,USER_002,2024-12-08,2024-12-01,Sunday,1,Withdraw Cash,35000.0,536.0,Success,MTN Mobile Money,12,2024,4
TX_000056,USER_002,2024-07-29,2024-07-01,Monday,0,Receive Money,45900.0,780.0,Success,MTN Mobile Money,7,2024,3
TX_000057,USER_002,2025-01-16,2025-01-01,Thursday,0,Receive Money,33200.0,346.0,Success,MTN Mobile Money,1,2025,1
TX_000058,USER_002,2025-01-11,2025-01-01,Saturday,1,Merchant Payment,4900.0,94.0,Success,MTN Mobile Money,1,2025,1
TX_000059,USER_002,2024-09-02,2024-09-01,Monday,0,Send Money,30500.0,552.0,Success,MTN Mobile Money,9,2024,3
TX_000060,USER_002,2024-12-21,2024-12-01,Saturday,1,Deposit Cash,46400.0,714.0,Success,MTN Mobile Money,12,2024,4
TX_000061,USER_002,2024-06-07,2024-06-01,Friday,0,Receive Money,27600.0,230.0,Pending,MTN Mobile Money,6,2024,2
TX_000062,USER_002,2025-02-24,2025-02-01,Monday,0,Merchant Payment,1500.0,23.0,Failed,MTN Mobile Money,2,2025,1
TX_000063,USER_002,2024-04-05,2024-04-01,Friday,0,Send Money,32000.0,599.0,Success,MTN Mobile Money,4,2024,2
TX_000064,USER_002,2024-03-24,2024-03-01,Sunday,1,Withdraw Cash,21300.0,402.0,Pending,MTN Mobile Money,3,2024,1
TX_000065,USER_002,2025-02-02,2025-02-01,Sunday,1,Merchant Payment,16700.0,299.0,Success,MTN Mobile Money,2,2025,1
TX_000066,USER_002,2024-06-25,2024-06-01,Tuesday,0,Receive Money,46500.0,258.0,Success,MTN Mobile Money,6,2024,2
TX_000067,USER_002,2024-07-27,2024-07-01,Saturday,1,Receive Money,27100.0,44.0,Success,MTN Mobile Money,7,2024,3
TX_000068,USER_002,2024-04-10,2024-04-01,Wednesday,0,Receive Money,40700.0,243.0,Success,MTN Mobile Money,4,2024,2
TX_000069,USER_002,2024-06-28,2024-06-01,Friday,0,Buy Airtime,2800.0,27.0,Success,MTN Mobile Money,6,2024,2
TX_000070,USER_002,2024-04-21,2024-04-01,Sunday,1,Merchant Payment,21600.0,183.0,Success,MTN Mobile Money,4,2024,2
TX_000071,USER_002,2024-09-11,2024-09-01,Wednesday,0,Merchant Payment,900.0,16.0,Success,MTN Mobile Money,9,2024,3
TX_000072,USER_002,2024-07-21,2024-07-01,Sunday,1,Merchant Payment,28000.0,559.0,Success,MTN Mobile Money,7,2024,3
TX_000073,USER_002,2024-10-19,2024-10-01,Saturday,1,Receive Money,27100.0,349.0,Success,MTN Mobile Money,10,2024,4
TX_000074,USER_002,2025-01-20,2025-01-01,Monday,0,Merchant Payment,34400.0,568.0,Success,MTN Mobile Money,1,2025,1
TX_000075,USER_002,2024-09-03,2024-09-01,Tuesday,0,Pay Bill,15700.0,135.0,Success,MTN Mobile Money,9,2024,3
TX_000076,USER_002,2024-05-23,2024-05-01,Thursday,0,Receive Money,16300.0,154.0,Success,MTN Mobile Money,5,2024,2
TX_000077,USER_002,2024-09-06,2024-09-01,Friday,0,Send Money,1300.0,26.0,Success,MTN Mobile Money,9,2024,3
TX_000078,USER_002,2024-08-29,2024-08-01,Thursday,0,Receive Money,38200.0,316.0,Failed,MTN Mobile Money,8,2024,3
TX_000079,USER_002,2024-06-16,2024-06-01,Sunday,1,Withdraw Cash,6900.0,78.0,Success,MTN Mobile Money,6,2024,2
TX_000080,USER_002,2025-02-07,2025-02-01,Friday,0,Merchant Payment,16400.0,233.0,Success,MTN Mobile Money,2,2025,1
TX_000081,USER_003,2024-07-15,2024-07-01,Monday,0,Buy Airtime,2600.0,22.0,Success,MTN Mobile Money,7,2024,3
TX_000082,USER_003,2025-02-23,2025-02-01,Sunday,1,Receive Money,15300.0,255.0,Success,MTN Mobile Money,2,2025,1
TX_000083,USER_003,2025-02-13,2025-02-01,Thursday,0,Send Money,77500.0,1415.0,Failed,MTN Mobile Money,2,2025,1
TX_000084,USER_003,2025-01-26,2025-01-01,Sunday,1,Save/Investment,9100.0,100.0,Success,MTN Mobile Money,1,2025,1
TX_000085,USER_003,2024-04-06,2024-04-01,Saturday,1,Withdraw Cash,16200.0,279.0,Success,MTN Mobile Money,4,2024,2
TX_000086,USER_003,2025-01-06,2025-01-01,Monday,0,Receive Money,43200.0,600.0,Success,MTN Mobile Money,1,2025,1
TX_000087,USER_003,2025-01-20,2025-01-01,Monday,0,Send Money,70300.0,632.0,Success,MTN Mobile Money,1,2025,1
TX_000088,USER_003,2024-05-27,2024-05-01,Monday,0,Merchant Payment,47800.0,857.0,Success,MTN Mobile Money,5,2024,2
TX_000089,USER_003,2024-11-29,2024-11-01,Friday,0,Buy Airtime,2800.0,18.0,Success,MTN Mobile Money,11,2024,4
TX_000090,USER_003,2024-07-04,2024-07-01,Thursday,0,Receive Money,21200.0,336.0,Success,MTN Mobile Money,7,2024,3
TX_000091,USER_003,2024-05-23,2024-05-01,Thursday,0,Send Money,18000.0,274.0,Success,MTN Mobile Money,5,2024,2
TX_000092,USER_003,2024-10-23,2024-10-01,Wednesday,0,Deposit Cash,50000.0,610.0,Success,MTN Mobile Money,10,2024,4
TX_000093,USER_003,2024-09-11,2024-09-01,Wednesday,0,Deposit Cash,35400.0,537.0,Success,MTN Mobile Money,9,2024,3
TX_000094,USER_003,2024-07-17,2024-07-01,Wednesday,0,Receive Money,70400.0,1194.0,Success,MTN Mobile Money,7,2024,3
TX_000095,USER_003,2025-01-22,2025-01-01,Wednesday,0,Deposit Cash,86900.0,1358.0,Success,MTN Mobile Money,1,2025,1
TX_000096,USER_003,2025-02-16,2025-02-01,Sunday,1,Withdraw Cash,68300.0,975.0,Success,MTN Mobile Money,2,2025,1
TX_000097,USER_003,2024-12-11,2024-12-01,Wednesday,0,Send Money,70500.0,1274.0,Success,MTN Mobile Money,12,2024,4
TX_000098,USER_003,2024-06-21,2024-06-01,Friday,0,Deposit Cash,13800.0,138.0,Success,MTN Mobile Money,6,2024,2
TX_000099,USER_003,2025-02-14,2025-02-01,Friday,0,Send Money,65500.0,1145.0,Success,MTN Mobile Money,2,2025,1
TX_000100,USER_003,2024-08-14,2024-08-01,Wednesday,0,Send Money,23300.0,332.0,Pending,MTN Mobile Money,8,2024,3
TX_000101,USER_003,2024-03-29,2024-03-01,Friday,0,Buy Airtime,1400.0,20.0,Success,MTN Mobile Money,3,2024,1
TX_000102,USER_003,2024-06-26,2024-06-01,Wednesday,0,Withdraw Cash,11600.0,190.0,Success,MTN Mobile Money,6,2024,2
TX_000103,USER_003,2024-03-17,2024-03-01,Sunday,1,Save/Investment,17400.0,252.0,Failed,MTN Mobile Money,3,2024,1
TX_000104,USER_003,2024-08-09,2024-08-01,Friday,0,Send Money,75000.0,1149.0,Success,MTN Mobile Money,8,2024,3
TX_000105,USER_003,2024-09-22,2024-09-01,Sunday,1,Receive Money,56800.0,341.0,Success,MTN Mobile Money,9,2024,3
TX_000106,USER_003,2024-07-16,2024-07-01,Tuesday,0,Receive Money,49900.0,284.0,Success,MTN Mobile Money,7,2024,3
TX_000107,USER_003,2024-04-03,2024-04-01,Wednesday,0,Save/Investment,48500.0,788.0,Success,MTN Mobile Money,4,2024,2
TX_000108,USER_003,2024-06-17,2024-06-01,Monday,0,Withdraw Cash,3400.0,18.0,Success,MTN Mobile Money,6,2024,2
TX_000109,USER_003,2024-12-16,2024-12-01,Monday,0,Pay Bill,23300.0,355.0,Success,MTN Mobile Money,12,2024,4
TX_000110,USER_003,2024-08-09,2024-08-01,Friday,0,Receive Money,79800.0,909.0,Success,MTN Mobile Money,8,2024,3
TX_000111,USER_003,2024-06-17,2024-06-01,Monday,0,Send Money,63700.0,981.0,Success,MTN Mobile Money,6,2024,2
TX_000112,USER_003,2025-01-30,2025-01-01,Thursday,0,Send Money,54600.0,809.0,Success,MTN Mobile Money,1,2025,1
TX_000113,USER_003,2024-11-11,2024-11-01,Monday,0,Save/Investment,8000.0,92.0,Failed,MTN Mobile Money,11,2024,4
TX_000114,USER_003,2024-09-19,2024-09-01,Thursday,0,Pay Bill,19500.0,214.0,Success,MTN Mobile Money,9,2024,3
TX_000115,USER_003,2025-01-24,2025-01-01,Friday,0,Save/Investment,20800.0,383.0,Success,MTN Mobile Money,1,2025,1
TX_000116,USER_003,2024-10-21,2024-10-01,Monday,0,Receive Money,3000.0,44.0,Success,MTN Mobile Money,10,2024,4
TX_000117,USER_003,2024-05-13,2024-05-01,Monday,0,Deposit Cash,47800.0,933.0,Success,MTN Mobile Money,5,2024,2
TX_000118,USER_003,2024-07-14,2024-07-01,Sunday,1,Deposit Cash,77900.0,1290.0,Success,MTN Mobile Money,7,2024,3
TX_000119,USER_003,2024-05-11,2024-05-01,Saturday,1,Withdraw Cash,63000.0,439.0,Success,MTN Mobile Money,5,2024,2
TX_000120,USER_003,2024-07-05,2024-07-01,Friday,0,Merchant Payment,26800.0,524.0,Success,MTN Mobile Money,7,2024,3
TX_000121,USER_003,2024-12-13,2024-12-01,Friday,0,Send Money,10500.0,160.0,Success,MTN Mobile Money,12,2024,4
TX_000122,USER_003,2024-12-01,2024-12-01,Sunday,1,Receive Money,39600.0,236.0,Success,MTN Mobile Money,12,2024,4
TX_000123,USER_004,2024-07-13,2024-07-01,Saturday,1,Receive Money,63900.0,617.0,Success,Orange Money,7,2024,3
TX_000124,USER_004,2024-12-25,2024-12-01,Wednesday,0,Pay Bill,20700.0,226.0,Pending,Orange Money,12,2024,4
TX_000125,USER_004,2024-10-06,2024-10-01,Sunday,1,Receive Money,55800.0,999.0,Success,Orange Money,10,2024,4
TX_000126,USER_004,2024-12-24,2024-12-01,Tuesday,0,Withdraw Cash,75200.0,541.0,Success,Orange Money,12,2024,4
TX_000127,USER_004,2024-09-21,2024-09-01,Saturday,1,Send Money,40200.0,574.0,Success,Orange Money,9,2024,3
TX_000128,USER_004,2024-09-02,2024-09-01,Monday,0,Withdraw Cash,94200.0,573.0,Success,MTN Mobile Money,9,2024,3
TX_000129,USER_004,2024-06-21,2024-06-01,Friday,0,Receive Money,3100.0,19.0,Success,Orange Money,6,2024,2
TX_000130,USER_004,2024-05-10,2024-05-01,Friday,0,Save/Investment,10400.0,160.0,Success,Orange Money,5,2024,2
TX_000131,USER_004,2024-11-16,2024-11-01,Saturday,1,Send Money,8800.0,128.0,Success,Orange Money,11,2024,4
TX_000132,USER_004,2024-11-08,2024-11-01,Friday,0,Buy Airtime,3100.0,44.0,Success,Orange Money,11,2024,4
TX_000133,USER_004,2024-04-16,2024-04-01,Tuesday,0,Merchant Payment,35800.0,610.0,Success,MTN Mobile Money,4,2024,2
TX_000134,USER_004,2024-03-25,2024-03-01,Monday,0,Pay Bill,20200.0,269.0,Success,Orange Money,3,2024,1
TX_000135,USER_004,2024-04-26,2024-04-01,Friday,0,Pay Bill,19700.0,254.0,Success,MTN Mobile Money,4,2024,2
TX_000136,USER_004,2024-05-18,2024-05-01,Saturday,1,Withdraw Cash,59700.0,881.0,Success,MTN Mobile Money,5,2024,2
TX_000137,USER_004,2025-01-16,2025-01-01,Thursday,0,Receive Money,78100.0,785.0,Success,MTN Mobile Money,1,2025,1
TX_000138,USER_004,2024-05-21,2024-05-01,Tuesday,0,Pay Bill,2300.0,17.0,Success,MTN Mobile Money,5,2024,2
TX_000139,USER_004,2025-02-12,2025-02-01,Wednesday,0,Receive Money,79700.0,1564.0,Success,Orange Money,2,2025,1
TX_000140,USER_004,2024-10-03,2024-10-01,Thursday,0,Pay Bill,7400.0,83.0,Success,MTN Mobile Money,10,2024,4
TX_000141,USER_004,2024-12-31,2024-12-01,Tuesday,0,Pay Bill,26200.0,417.0,Success,Orange Money,12,2024,4
TX_000142,USER_004,2024-04-02,2024-04-01,Tuesday,0,Buy Airtime,3700.0,61.0,Success,Orange Money,4,2024,2
TX_000143,USER_004,2024-09-14,2024-09-01,Saturday,1,Deposit Cash,58300.0,675.0,Success,Orange Money,9,2024,3
TX_000144,USER_004,2024-09-12,2024-09-01,Thursday,0,Buy Airtime,3000.0,51.0,Success,MTN Mobile Money,9,2024,3
TX_000145,USER_004,2024-12-31,2024-12-01,Tuesday,0,Buy Airtime,4600.0,38.0,Success,Orange Money,12,2024,4
TX_000146,USER_004,2024-10-26,2024-10-01,Saturday,1,Deposit Cash,24300.0,404.0,Success,Orange Money,10,2024,4
TX_000147,USER_004,2024-11-26,2024-11-01,Tuesday,0,Send Money,19400.0,380.0,Success,MTN Mobile Money,11,2024,4
TX_000148,USER_004,2024-07-07,2024-07-01,Sunday,1,Send Money,39800.0,228.0,Success,Orange Money,7,2024,3
TX_000149,USER_004,2024-12-09,2024-12-01,Monday,0,Pay Bill,11400.0,158.0,Success,MTN Mobile Money,12,2024,4
TX_000150,USER_004,2024-03-06,2024-03-01,Wednesday,0,Receive Money,32200.0,575.0,Success,MTN Mobile Money,3,2024,1
TX_000151,USER_004,2025-02-12,2025-02-01,Wednesday,0,Withdraw Cash,14000.0,274.0,Success,MTN Mobile Money,2,2025,1
TX_000152,USER_004,2024-04-28,2024-04-01,Sunday,1,Merchant Payment,22200.0,221.0,Success,Orange Money,4,2024,2
TX_000153,USER_004,2025-02-13,2025-02-01,Thursday,0,Deposit Cash,43700.0,382.0,Success,MTN Mobile Money,2,2025,1
TX_000154,USER_004,2024-11-30,2024-11-01,Saturday,1,Receive Money,29100.0,311.0,Success,MTN Mobile Money,11,2024,4
TX_000155,USER_004,2024-07-15,2024-07-01,Monday,0,Buy Airtime,2400.0,42.0,Success,Orange Money,7,2024,3
TX_000156,USER_004,2025-01-23,2025-01-01,Thursday,0,Deposit Cash,56300.0,737.0,Success,Orange Money,1,2025,1
TX_000157,USER_004,2024-08-22,2024-08-01,Thursday,0,Send Money,42700.0,813.0,Success,MTN Mobile Money,8,2024,3
TX_000158,USER_004,2024-04-27,2024-04-01,Saturday,1,Receive Money,14800.0,94.0,Success,MTN Mobile Money,4,2024,2
TX_000159,USER_004,2024-07-29,2024-07-01,Monday,0,Send Money,12300.0,244.0,Failed,MTN Mobile Money,7,2024,3
TX_000160,USER_004,2024-10-09,2024-10-01,Wednesday,0,Send Money,26200.0,513.0,Success,Orange Money,10,2024,4
TX_000161,USER_004,2024-05-20,2024-05-01,Monday,0,Pay Bill,15200.0,228.0,Success,Orange Money,5,2024,2
TX_000162,USER_004,2024-10-19,2024-10-01,Saturday,1,Send Money,11900.0,227.0,Success,Orange Money,10,2024,4
TX_000163,USER_004,2024-03-02,2024-03-01,Saturday,1,Save/Investment,5100.0,77.0,Success,MTN Mobile Money,3,2024,1
TX_000164,USER_004,2024-07-13,2024-07-01,Saturday,1,Save/Investment,13100.0,196.0,Pending,MTN Mobile Money,7,2024,3
TX_000165,USER_004,2024-11-12,2024-11-01,Tuesday,0,Withdraw Cash,50200.0,716.0,Success,Orange Money,11,2024,4
TX_000166,USER_004,2024-05-31,2024-05-01,Friday,0,Withdraw Cash,12200.0,207.0,Success,MTN Mobile Money,5,2024,2
TX_000167,USER_004,2024-11-15,2024-11-01,Friday,0,Receive Money,52900.0,577.0,Success,Orange Money,11,2024,4
TX_000168,USER_004,2024-04-24,2024-04-01,Wednesday,0,Receive Money,13200.0,186.0,Success,MTN Mobile Money,4,2024,2
TX_000169,USER_004,2025-01-15,2025-01-01,Wednesday,0,Pay Bill,16200.0,440.0,Success,MTN Mobile Money,1,2025,1
TX_000170,USER_005,2024-07-31,2024-07-01,Wednesday,0,Withdraw Cash,92600.0,1072.0,Success,Orange Money,7,2024,3
TX_000171,USER_005,2025-01-22,2025-01-01,Wednesday,0,Merchant Payment,16000.0,289.0,Success,Orange Money,1,2025,1
TX_000172,USER_005,2024-11-15,2024-11-01,Friday,0,Receive Money,52100.0,517.0,Success,Orange Money,11,2024,4
TX_000173,USER_005,2025-01-06,2025-01-01,Monday,0,Buy Airtime,2900.0,31.0,Success,Orange Money,1,2025,1
TX_000174,USER_005,2024-06-10,2024-06-01,Monday,0,Buy Airtime,2800.0,33.0,Success,Orange Money,6,2024,2
TX_000175,USER_005,2024-05-18,2024-05-01,Saturday,1,Buy Airtime,900.0,13.0,Success,Orange Money,5,2024,2
TX_000176,USER_005,2024-09-08,2024-09-01,Sunday,1,Pay Bill,16700.0,322.0,Success,Orange Money,9,2024,3
TX_000177,USER_005,2024-05-22,2024-05-01,Wednesday,0,Merchant Payment,40700.0,270.0,Success,Orange Money,5,2024,2
TX_000178,USER_005,2024-12-02,2024-12-01,Monday,0,Buy Airtime,1300.0,16.0,Success,Orange Money,12,2024,4
TX_000179,USER_005,2024-11-27,2024-11-01,Wednesday,0,Buy Airtime,3800.0,60.0,Success,Orange Money,11,2024,4
TX_000180,USER_005,2024-03-01,2024-03-01,Friday,0,Deposit Cash,43700.0,806.0,Success,Orange Money,3,2024,1
TX_000181,USER_005,2025-01-01,2025-01-01,Wednesday,0,Save/Investment,32900.0,352.0,Success,Orange Money,1,2025,1
TX_000182,USER_005,2024-08-13,2024-08-01,Tuesday,0,Pay Bill,6600.0,49.0,Success,Orange Money,8,2024,3
TX_000183,USER_005,2024-11-06,2024-11-01,Wednesday,0,Receive Money,27100.0,64.0,Success,Orange Money,11,2024,4
TX_000184,USER_005,2024-03-10,2024-03-01,Sunday,1,Buy Airtime,500.0,8.0,Success,Orange Money,3,2024,1
TX_000185,USER_005,2024-04-27,2024-04-01,Saturday,1,Save/Investment,41200.0,529.0,Success,Orange Money,4,2024,2
TX_000186,USER_005,2024-09-02,2024-09-01,Monday,0,Deposit Cash,80200.0,623.0,Success,Orange Money,9,2024,3
TX_000187,USER_005,2024-08-05,2024-08-01,Monday,0,Deposit Cash,19300.0,362.0,Success,Orange Money,8,2024,3
TX_000188,USER_005,2024-07-01,2024-07-01,Monday,0,Send Money,65400.0,693.0,Success,Orange Money,7,2024,3
TX_000189,USER_005,2024-03-30,2024-03-01,Saturday,1,Send Money,700.0,10.0,Success,Orange Money,3,2024,1
TX_000190,USER_005,2024-07-02,2024-07-01,Tuesday,0,Receive Money,27100.0,59.0,Success,Orange Money,7,2024,3
TX_000191,USER_005,2024-12-16,2024-12-01,Monday,0,Receive Money,72500.0,1200.0,Success,Orange Money,12,2024,4
TX_000192,USER_005,2024-04-10,2024-04-01,Wednesday,0,Receive Money,24500.0,391.0,Success,Orange Money,4,2024,2
TX_000193,USER_005,2024-04-13,2024-04-01,Saturday,1,Withdraw Cash,81100.0,1338.0,Success,Orange Money,4,2024,2
TX_000194,USER_005,2024-11-04,2024-11-01,Monday,0,Pay Bill,5400.0,46.0,Success,Orange Money,11,2024,4
TX_000195,USER_005,2024-04-05,2024-04-01,Friday,0,Pay Bill,16500.0,127.0,Success,Orange Money,4,2024,2
TX_000196,USER_005,2024-11-28,2024-11-01,Thursday,0,Receive Money,16900.0,246.0,Success,Orange Money,11,2024,4
TX_000197,USER_005,2024-05-04,2024-05-01,Saturday,1,Buy Airtime,400.0,3.0,Success,Orange Money,5,2024,2
TX_000198,USER_005,2024-05-05,2024-05-01,Sunday,1,Buy Airtime,3400.0,40.0,Success,Orange Money,5,2024,2
TX_000199,USER_005,2025-02-01,2025-02-01,Saturday,1,Withdraw Cash,2600.0,26.0,Success,Orange Money,2,2025,1
TX_000200,USER_005,2024-10-30,2024-10-01,Wednesday,0,Buy Airtime,1800.0,33.0,Success,Orange Money,10,2024,4
TX_000201,USER_005,2024-12-07,2024-12-01,Saturday,1,Receive Money,51800.0,722.0,Success,Orange Money,12,2024,4
TX_000202,USER_005,2024-05-24,2024-05-01,Friday,0,Receive Money,27800.0,396.0,Success,Orange Money,5,2024,2
TX_000203,USER_005,2024-07-14,2024-07-01,Sunday,1,Deposit Cash,67300.0,407.0,Success,Orange Money,7,2024,3
TX_000204,USER_005,2024-11-26,2024-11-01,Tuesday,0,Receive Money,47600.0,724.0,Success,Orange Money,11,2024,4
TX_000205,USER_005,2025-01-05,2025-01-01,Sunday,1,Pay Bill,6500.0,38.0,Success,Orange Money,1,2025,1
TX_000206,USER_005,2024-10-03,2024-10-01,Thursday,0,Receive Money,79600.0,931.0,Success,Orange Money,10,2024,4
TX_000207,USER_005,2024-06-17,2024-06-01,Monday,0,Buy Airtime,500.0,10.0,Success,Orange Money,6,2024,2
TX_000208,USER_005,2024-12-02,2024-12-01,Monday,0,Withdraw Cash,17900.0,199.0,Success,Orange Money,12,2024,4
TX_000209,USER_005,2025-02-17,2025-02-01,Monday,0,Deposit Cash,1100.0,10.0,Pending,Orange Money,2,2025,1
TX_000210,USER_005,2024-06-11,2024-06-01,Tuesday,0,Pay Bill,12100.0,82.0,Pending,Orange Money,6,2024,2
TX_000211,USER_005,2024-08-07,2024-08-01,Wednesday,0,Send Money,59100.0,977.0,Success,Orange Money,8,2024,3
TX_000212,USER_005,2024-09-21,2024-09-01,Saturday,1,Withdraw Cash,10200.0,90.0,Success,Orange Money,9,2024,3
TX_000213,USER_005,2025-02-07,2025-02-01,Friday,0,Deposit Cash,61200.0,771.0,Success,Orange Money,2,2025,1
TX_000214,USER_005,2025-01-27,2025-01-01,Monday,0,Send Money,9900.0,83.0,Success,Orange Money,1,2025,1
TX_000215,USER_005,2024-09-08,2024-09-01,Sunday,1,Receive Money,28000.0,240.0,Success,Orange Money,9,2024,3
TX_000216,USER_005,2024-10-11,2024-10-01,Friday,0,Deposit Cash,28700.0,549.0,Success,Orange Money,10,2024,4
TX_000217,USER_005,2024-11-20,2024-11-01,Wednesday,0,Send Money,63000.0,858.0,Success,Orange Money,11,2024,4
TX_000218,USER_005,2024-10-18,2024-10-01,Friday,0,Receive Money,40300.0,442.0,Success,Orange Money,10,2024,4
TX_000219,USER_005,2024-05-01,2024-05-01,Wednesday,0,Buy Airtime,3400.0,44.0,Success,Orange Money,5,2024,2
TX_000220,USER_005,2024-07-05,2024-07-01,Friday,0,Send Money,17400.0,301.0,Success,Orange Money,7,2024,3
TX_000221,USER_005,2024-06-24,2024-06-01,Monday,0,Send Money,12700.0,106.0,Failed,Orange Money,6,2024,2
TX_000222,USER_005,2024-04-02,2024-04-01,Tuesday,0,Buy Airtime,4700.0,64.0,Success,Orange Money,4,2024,2
TX_000223,USER_005,2024-08-21,2024-08-01,Wednesday,0,Receive Money,48700.0,345.0,Success,Orange Money,8,2024,3
TX_000224,USER_005,2024-03-11,2024-03-01,Monday,0,Deposit Cash,32400.0,625.0,Success,Orange Money,3,2024,1
TX_000225,USER_005,2024-12-27,2024-12-01,Friday,0,Buy Airtime,700.0,9.0,Success,Orange Money,12,2024,4
TX_000226,USER_005,2024-12-09,2024-12-01,Monday,0,Receive Money,6900.0,115.0,Success,Orange Money,12,2024,4
TX_000227,USER_005,2024-06-26,2024-06-01,Wednesday,0,Buy Airtime,4700.0,85.0,Success,Orange Money,6,2024,2
TX_000228,USER_005,2024-12-27,2024-12-01,Friday,0,Deposit Cash,1000.0,5.0,Success,Orange Money,12,2024,4
TX_000229,USER_005,2024-06-21,2024-06-01,Friday,0,Receive Money,31200.0,420.0,Success,Orange Money,6,2024,2
TX_000230,USER_005,2024-03-04,2024-03-01,Monday,0,Receive Money,39000.0,636.0,Success,Orange Money,3,2024,1
TX_000231,USER_005,2024-04-06,2024-04-01,Saturday,1,Receive Money,34700.0,262.0,Success,Orange Money,4,2024,2
TX_000232,USER_005,2025-02-26,2025-02-01,Wednesday,0,Withdraw Cash,27300.0,209.0,Success,Orange Money,2,2025,1
TX_000233,USER_005,2025-01-18,2025-01-01,Saturday,1,Buy Airtime,3200.0,27.0,Success,Orange Money,1,2025,1
TX_000234,USER_005,2024-03-31,2024-03-01,Sunday,1,Receive Money,14300.0,212.0,Success,Orange Money,3,2024,1
TX_000235,USER_005,2024-06-26,2024-06-01,Wednesday,0,Withdraw Cash,79400.0,879.0,Success,Orange Money,6,2024,2
TX_000236,USER_005,2024-04-04,2024-04-01,Thursday,0,Receive Money,42300.0,517.0,Success,Orange Money,4,2024,2
TX_000237,USER_005,2024-03-17,2024-03-01,Sunday,1,Receive Money,77100.0,673.0,Success,Orange Money,3,2024,1
TX_000238,USER_005,2024-08-17,2024-08-01,Saturday,1,Pay Bill,23900.0,328.0,Success,Orange Money,8,2024,3
TX_000239,USER_005,2024-04-06,2024-04-01,Saturday,1,Send Money,49700.0,490.0,Success,Orange Money,4,2024,2
TX_000240,USER_005,2024-11-19,2024-11-01,Tuesday,0,Buy Airtime,1100.0,7.0,Success,Orange Money,11,2024,4
TX_000241,USER_005,2024-06-30,2024-06-01,Sunday,1,Receive Money,21600.0,317.0,Success,Orange Money,6,2024,2
TX_000242,USER_005,2024-07-21,2024-07-01,Sunday,1,Receive Money,12400.0,86.0,Success,Orange Money,7,2024,3
TX_000243,USER_005,2025-02-06,2025-02-01,Thursday,0,Receive Money,52300.0,897.0,Success,Orange Money,2,2025,1
TX_000244,USER_005,2024-11-04,2024-11-01,Monday,0,Deposit Cash,39800.0,770.0,Success,Orange Money,11,2024,4
TX_000245,USER_005,2024-06-18,2024-06-01,Tuesday,0,Send Money,52900.0,1013.0,Success,Orange Money,6,2024,2
TX_000246,USER_005,2024-12-02,2024-12-01,Monday,0,Send Money,22700.0,430.0,Success,Orange Money,12,2024,4
TX_000247,USER_005,2024-05-07,2024-05-01,Tuesday,0,Receive Money,27100.0,1028.0,Success,Orange Money,5,2024,2
TX_000248,USER_005,2024-12-18,2024-12-01,Wednesday,0,Pay Bill,7600.0,139.0,Success,Orange Money,12,2024,4
TX_000249,USER_005,2024-12-21,2024-12-01,Saturday,1,Merchant Payment,5500.0,109.0,Success,Orange Money,12,2024,4
TX_000250,USER_005,2024-10-29,2024-10-01,Tuesday,0,Send Money,3500.0,57.0,Success,Orange Money,10,2024,4
TX_000251,USER_005,2024-07-03,2024-07-01,Wednesday,0,Deposit Cash,11400.0,63.0,Success,Orange Money,7,2024,3
TX_000252,USER_005,2024-10-29,2024-10-01,Tuesday,0,Receive Money,37200.0,739.0,Pending,Orange Money,10,2024,4
TX_000253,USER_005,2024-09-25,2024-09-01,Wednesday,0,Merchant Payment,39200.0,405.0,Success,Orange Money,9,2024,3
TX_000254,USER_005,2024-06-06,2024-06-01,Thursday,0,Buy Airtime,4200.0,25.0,Success,Orange Money,6,2024,2
TX_000255,USER_005,2024-04-18,2024-04-01,Thursday,0,Send Money,41400.0,765.0,Success,Orange Money,4,2024,2
TX_000256,USER_005,2024-04-19,2024-04-01,Friday,0,Receive Money,78100.0,1172.0,Success,Orange Money,4,2024,2
TX_000257,USER_005,2025-02-01,2025-02-01,Saturday,1,Receive Money,21200.0,128.0,Failed,Orange Money,2,2025,1
TX_000258,USER_005,2024-10-07,2024-10-01,Monday,0,Pay Bill,27000.0,265.0,Success,Orange Money,10,2024,4
TX_000259,USER_005,2024-08-29,2024-08-01,Thursday,0,Pay Bill,4300.0,53.0,Failed,Orange Money,8,2024,3
TX_000260,USER_005,2024-10-03,2024-10-01,Thursday,0,Buy Airtime,3100.0,23.0,Success,Orange Money,10,2024,4
TX_000261,USER_006,2024-09-27,2024-09-01,Friday,0,Send Money,33700.0,217.0,Success,MTN Mobile Money,9,2024,3
TX_000262,USER_006,2024-10-26,2024-10-01,Saturday,1,Buy Airtime,1400.0,10.0,Success,MTN Mobile Money,10,2024,4
TX_000263,USER_006,2024-03-28,2024-03-01,Thursday,0,Merchant Payment,23700.0,295.0,Success,MTN Mobile Money,3,2024,1
TX_000264,USER_006,2025-02-08,2025-02-01,Saturday,1,Save/Investment,23600.0,230.0,Success,MTN Mobile Money,2,2025,1
TX_000265,USER_006,2025-01-29,2025-01-01,Wednesday,0,Receive Money,30600.0,445.0,Success,MTN Mobile Money,1,2025,1
TX_000266,USER_006,2025-01-25,2025-01-01,Saturday,1,Save/Investment,26300.0,352.0,Success,MTN Mobile Money,1,2025,1
TX_000267,USER_006,2024-04-20,2024-04-01,Saturday,1,Send Money,18200.0,297.0,Success,MTN Mobile Money,4,2024,2
TX_000268,USER_006,2024-04-01,2024-04-01,Monday,0,Buy Airtime,2600.0,17.0,Success,MTN Mobile Money,4,2024,2
TX_000269,USER_006,2024-09-23,2024-09-01,Monday,0,Send Money,54100.0,667.0,Success,MTN Mobile Money,9,2024,3
TX_000270,USER_006,2024-08-21,2024-08-01,Wednesday,0,Receive Money,23400.0,383.0,Success,MTN Mobile Money,8,2024,3
TX_000271,USER_006,2024-04-25,2024-04-01,Thursday,0,Buy Airtime,400.0,3.0,Success,MTN Mobile Money,4,2024,2
TX_000272,USER_006,2024-07-06,2024-07-01,Saturday,1,Buy Airtime,3100.0,36.0,Success,MTN Mobile Money,7,2024,3
TX_000273,USER_006,2024-06-07,2024-06-01,Friday,0,Buy Airtime,2900.0,47.0,Success,MTN Mobile Money,6,2024,2
TX_000274,USER_006,2024-06-06,2024-06-01,Thursday,0,Receive Money,11100.0,202.0,Success,MTN Mobile Money,6,2024,2
TX_000275,USER_006,2024-11-30,2024-11-01,Saturday,1,Receive Money,41700.0,718.0,Success,MTN Mobile Money,11,2024,4
TX_000276,USER_006,2024-10-16,2024-10-01,Wednesday,0,Withdraw Cash,26700.0,349.0,Success,MTN Mobile Money,10,2024,4
TX_000277,USER_006,2024-05-11,2024-05-01,Saturday,1,Deposit Cash,58900.0,1030.0,Success,MTN Mobile Money,5,2024,2
TX_000278,USER_006,2024-10-03,2024-10-01,Thursday,0,Receive Money,27100.0,809.0,Success,MTN Mobile Money,10,2024,4
TX_000279,USER_006,2024-06-02,2024-06-01,Sunday,1,Deposit Cash,33300.0,417.0,Success,MTN Mobile Money,6,2024,2
TX_000280,USER_006,2024-07-21,2024-07-01,Sunday,1,Receive Money,36200.0,605.0,Success,MTN Mobile Money,7,2024,3
TX_000281,USER_006,2024-10-23,2024-10-01,Wednesday,0,Send Money,37200.0,187.0,Success,MTN Mobile Money,10,2024,4
TX_000282,USER_006,2024-07-06,2024-07-01,Saturday,1,Send Money,9600.0,74.0,Success,MTN Mobile Money,7,2024,3
TX_000283,USER_006,2024-04-08,2024-04-01,Monday,0,Pay Bill,18400.0,233.0,Success,MTN Mobile Money,4,2024,2
TX_000284,USER_006,2024-10-13,2024-10-01,Sunday,1,Send Money,12900.0,201.0,Success,MTN Mobile Money,10,2024,4
TX_000285,USER_006,2024-12-07,2024-12-01,Saturday,1,Pay Bill,12900.0,181.0,Success,MTN Mobile Money,12,2024,4
TX_000286,USER_006,2024-04-20,2024-04-01,Saturday,1,Receive Money,35800.0,259.0,Success,MTN Mobile Money,4,2024,2
TX_000287,USER_006,2024-03-26,2024-03-01,Tuesday,0,Withdraw Cash,68800.0,561.0,Success,MTN Mobile Money,3,2024,1
TX_000288,USER_006,2025-01-28,2025-01-01,Tuesday,0,Buy Airtime,1400.0,10.0,Success,MTN Mobile Money,1,2025,1
TX_000289,USER_006,2024-12-02,2024-12-01,Monday,0,Receive Money,21000.0,125.0,Success,MTN Mobile Money,12,2024,4
TX_000290,USER_006,2024-03-08,2024-03-01,Friday,0,Withdraw Cash,51500.0,489.0,Success,MTN Mobile Money,3,2024,1
TX_000291,USER_006,2024-04-17,2024-04-01,Wednesday,0,Buy Airtime,1800.0,14.0,Success,MTN Mobile Money,4,2024,2
TX_000292,USER_006,2024-06-30,2024-06-01,Sunday,1,Save/Investment,26200.0,422.0,Failed,MTN Mobile Money,6,2024,2
TX_000293,USER_006,2024-05-25,2024-05-01,Saturday,1,Receive Money,31800.0,626.0,Success,MTN Mobile Money,5,2024,2
TX_000294,USER_006,2024-09-25,2024-09-01,Wednesday,0,Withdraw Cash,41300.0,570.0,Success,MTN Mobile Money,9,2024,3
TX_000295,USER_006,2024-11-04,2024-11-01,Monday,0,Merchant Payment,27400.0,160.0,Success,MTN Mobile Money,11,2024,4
TX_000296,USER_006,2024-11-02,2024-11-01,Saturday,1,Receive Money,21300.0,254.0,Success,MTN Mobile Money,11,2024,4
TX_000297,USER_006,2024-06-18,2024-06-01,Tuesday,0,Pay Bill,19700.0,307.0,Success,MTN Mobile Money,6,2024,2
TX_000298,USER_006,2024-09-22,2024-09-01,Sunday,1,Send Money,50700.0,945.0,Success,MTN Mobile Money,9,2024,3
TX_000299,USER_006,2024-03-31,2024-03-01,Sunday,1,Send Money,3500.0,29.0,Success,MTN Mobile Money,3,2024,1
TX_000300,USER_006,2024-05-24,2024-05-01,Friday,0,Receive Money,51700.0,625.0,Success,MTN Mobile Money,5,2024,2
TX_000301,USER_006,2024-09-11,2024-09-01,Wednesday,0,Receive Money,2800.0,16.0,Success,MTN Mobile Money,9,2024,3
TX_000302,USER_006,2024-03-02,2024-03-01,Saturday,1,Receive Money,44200.0,867.0,Success,MTN Mobile Money,3,2024,1
TX_000303,USER_006,2024-09-16,2024-09-01,Monday,0,Pay Bill,17800.0,161.0,Success,MTN Mobile Money,9,2024,3
TX_000304,USER_006,2024-07-14,2024-07-01,Sunday,1,Deposit Cash,3900.0,56.0,Success,MTN Mobile Money,7,2024,3
TX_000305,USER_006,2024-10-19,2024-10-01,Saturday,1,Receive Money,17900.0,297.0,Success,MTN Mobile Money,10,2024,4
TX_000306,USER_006,2024-07-25,2024-07-01,Thursday,0,Receive Money,41100.0,544.0,Success,MTN Mobile Money,7,2024,3
TX_000307,USER_006,2024-10-03,2024-10-01,Thursday,0,Merchant Payment,13900.0,242.0,Success,MTN Mobile Money,10,2024,4
TX_000308,USER_006,2025-02-20,2025-02-01,Thursday,0,Buy Airtime,1800.0,35.0,Success,MTN Mobile Money,2,2025,1
TX_000309,USER_006,2024-12-10,2024-12-01,Tuesday,0,Withdraw Cash,13900.0,140.0,Success,MTN Mobile Money,12,2024,4
TX_000310,USER_006,2025-02-02,2025-02-01,Sunday,1,Merchant Payment,26800.0,263.0,Success,MTN Mobile Money,2,2025,1
TX_000311,USER_006,2024-11-05,2024-11-01,Tuesday,0,Withdraw Cash,29700.0,188.0,Success,MTN Mobile Money,11,2024,4
TX_000312,USER_006,2024-05-19,2024-05-01,Sunday,1,Buy Airtime,3400.0,29.0,Success,MTN Mobile Money,5,2024,2
TX_000313,USER_006,2024-06-06,2024-06-01,Thursday,0,Buy Airtime,2800.0,37.0,Success,MTN Mobile Money,6,2024,2
TX_000314,USER_006,2024-07-30,2024-07-01,Tuesday,0,Receive Money,47500.0,543.0,Success,MTN Mobile Money,7,2024,3
TX_000315,USER_006,2024-06-20,2024-06-01,Thursday,0,Buy Airtime,2600.0,5.0,Success,MTN Mobile Money,6,2024,2
TX_000316,USER_006,2024-03-30,2024-03-01,Saturday,1,Pay Bill,15900.0,149.0,Success,MTN Mobile Money,3,2024,1
TX_000317,USER_006,2024-12-22,2024-12-01,Sunday,1,Send Money,20200.0,397.0,Success,MTN Mobile Money,12,2024,4
TX_000318,USER_006,2024-12-03,2024-12-01,Tuesday,0,Pay Bill,7600.0,137.0,Success,MTN Mobile Money,12,2024,4
TX_000319,USER_006,2024-04-01,2024-04-01,Monday,0,Withdraw Cash,53000.0,279.0,Success,MTN Mobile Money,4,2024,2
TX_000320,USER_006,2024-08-08,2024-08-01,Thursday,0,Buy Airtime,600.0,5.0,Failed,MTN Mobile Money,8,2024,3
TX_000321,USER_006,2024-03-30,2024-03-01,Saturday,1,Buy Airtime,2600.0,35.0,Success,MTN Mobile Money,3,2024,1
TX_000322,USER_006,2024-03-26,2024-03-01,Tuesday,0,Send Money,19500.0,180.0,Success,MTN Mobile Money,3,2024,1
TX_000323,USER_006,2024-12-25,2024-12-01,Wednesday,0,Deposit Cash,26500.0,312.0,Success,MTN Mobile Money,12,2024,4
TX_000324,USER_006,2024-10-31,2024-10-01,Thursday,0,Send Money,24900.0,198.0,Success,MTN Mobile Money,10,2024,4
TX_000325,USER_006,2024-11-13,2024-11-01,Wednesday,0,Send Money,20200.0,331.0,Success,MTN Mobile Money,11,2024,4
TX_000326,USER_006,2024-11-27,2024-11-01,Wednesday,0,Receive Money,36100.0,287.0,Success,MTN Mobile Money,11,2024,4
TX_000327,USER_006,2024-05-20,2024-05-01,Monday,0,Buy Airtime,1600.0,21.0,Success,MTN Mobile Money,5,2024,2
TX_000328,USER_006,2024-03-30,2024-03-01,Saturday,1,Buy Airtime,1300.0,24.0,Success,MTN Mobile Money,3,2024,1
TX_000329,USER_006,2024-11-16,2024-11-01,Saturday,1,Pay Bill,12800.0,70.0,Success,MTN Mobile Money,11,2024,4
TX_000330,USER_007,2024-04-11,2024-04-01,Thursday,0,Receive Money,64000.0,1249.0,Success,MTN Mobile Money,4,2024,2
TX_000331,USER_007,2024-06-04,2024-06-01,Tuesday,0,Send Money,59300.0,581.0,Pending,MTN Mobile Money,6,2024,2
TX_000332,USER_007,2024-04-05,2024-04-01,Friday,0,Pay Bill,4600.0,73.0,Success,MTN Mobile Money,4,2024,2
TX_000333,USER_007,2024-12-30,2024-12-01,Monday,0,Save/Investment,49000.0,727.0,Success,MTN Mobile Money,12,2024,4
TX_000334,USER_007,2024-04-04,2024-04-01,Thursday,0,Withdraw Cash,10200.0,55.0,Success,MTN Mobile Money,4,2024,2
TX_000335,USER_007,2025-02-09,2025-02-01,Sunday,1,Receive Money,30600.0,600.0,Success,MTN Mobile Money,2,2025,1
TX_000336,USER_007,2024-06-29,2024-06-01,Saturday,1,Receive Money,73500.0,490.0,Success,MTN Mobile Money,6,2024,2
TX_000337,USER_007,2024-09-23,2024-09-01,Monday,0,Save/Investment,45100.0,666.0,Success,MTN Mobile Money,9,2024,3
TX_000338,USER_007,2024-05-01,2024-05-01,Wednesday,0,Receive Money,65600.0,1194.0,Success,MTN Mobile Money,5,2024,2
TX_000339,USER_007,2024-12-17,2024-12-01,Tuesday,0,Receive Money,9500.0,60.0,Success,MTN Mobile Money,12,2024,4
TX_000340,USER_007,2024-07-05,2024-07-01,Friday,0,Pay Bill,27300.0,439.0,Success,MTN Mobile Money,7,2024,3
TX_000341,USER_007,2024-12-22,2024-12-01,Sunday,1,Buy Airtime,2200.0,30.0,Success,MTN Mobile Money,12,2024,4
TX_000342,USER_007,2024-12-30,2024-12-01,Monday,0,Deposit Cash,84500.0,744.0,Success,MTN Mobile Money,12,2024,4
TX_000343,USER_007,2024-03-21,2024-03-01,Thursday,0,Withdraw Cash,11500.0,112.0,Success,MTN Mobile Money,3,2024,1
TX_000344,USER_007,2025-01-12,2025-01-01,Sunday,1,Withdraw Cash,17500.0,260.0,Pending,MTN Mobile Money,1,2025,1
TX_000345,USER_007,2024-04-11,2024-04-01,Thursday,0,Send Money,6600.0,67.0,Success,MTN Mobile Money,4,2024,2
TX_000346,USER_007,2024-10-01,2024-10-01,Tuesday,0,Receive Money,29200.0,176.0,Success,MTN Mobile Money,10,2024,4
TX_000347,USER_007,2025-01-31,2025-01-01,Friday,0,Pay Bill,23000.0,427.0,Success,MTN Mobile Money,1,2025,1
TX_000348,USER_007,2024-12-24,2024-12-01,Tuesday,0,Deposit Cash,6900.0,128.0,Success,MTN Mobile Money,12,2024,4
TX_000349,USER_007,2024-12-15,2024-12-01,Sunday,1,Merchant Payment,200.0,2.0,Success,MTN Mobile Money,12,2024,4
TX_000350,USER_007,2024-11-23,2024-11-01,Saturday,1,Receive Money,18500.0,198.0,Success,MTN Mobile Money,11,2024,4
TX_000351,USER_007,2024-08-09,2024-08-01,Friday,0,Pay Bill,24300.0,296.0,Success,MTN Mobile Money,8,2024,3
TX_000352,USER_007,2024-07-12,2024-07-01,Friday,0,Pay Bill,1800.0,35.0,Success,MTN Mobile Money,7,2024,3
TX_000353,USER_007,2024-06-13,2024-06-01,Thursday,0,Withdraw Cash,97300.0,1692.0,Success,MTN Mobile Money,6,2024,2
TX_000354,USER_007,2025-02-06,2025-02-01,Thursday,0,Deposit Cash,98200.0,1406.0,Success,MTN Mobile Money,2,2025,1
TX_000355,USER_007,2024-08-08,2024-08-01,Thursday,0,Buy Airtime,2700.0,39.0,Success,MTN Mobile Money,8,2024,3
TX_000356,USER_007,2024-07-01,2024-07-01,Monday,0,Receive Money,10100.0,61.0,Success,MTN Mobile Money,7,2024,3
TX_000357,USER_007,2024-07-14,2024-07-01,Sunday,1,Send Money,45600.0,422.0,Success,MTN Mobile Money,7,2024,3
TX_000358,USER_007,2024-09-19,2024-09-01,Thursday,0,Send Money,18500.0,295.0,Success,MTN Mobile Money,9,2024,3
TX_000359,USER_007,2024-05-07,2024-05-01,Tuesday,0,Send Money,70200.0,1275.0,Success,MTN Mobile Money,5,2024,2
TX_000360,USER_007,2025-02-07,2025-02-01,Friday,0,Receive Money,39000.0,1138.0,Success,MTN Mobile Money,2,2025,1
TX_000361,USER_007,2025-01-25,2025-01-01,Saturday,1,Deposit Cash,29200.0,334.0,Success,MTN Mobile Money,1,2025,1
TX_000362,USER_007,2024-08-01,2024-08-01,Thursday,0,Withdraw Cash,57800.0,860.0,Success,MTN Mobile Money,8,2024,3
TX_000363,USER_007,2024-10-21,2024-10-01,Monday,0,Receive Money,39300.0,631.0,Success,MTN Mobile Money,10,2024,4
TX_000364,USER_007,2024-08-09,2024-08-01,Friday,0,Send Money,69500.0,415.0,Failed,MTN Mobile Money,8,2024,3
TX_000365,USER_007,2024-04-07,2024-04-01,Sunday,1,Send Money,55700.0,347.0,Success,MTN Mobile Money,4,2024,2
TX_000366,USER_007,2024-03-05,2024-03-01,Tuesday,0,Pay Bill,5000.0,51.0,Success,MTN Mobile Money,3,2024,1
TX_000367,USER_007,2024-10-21,2024-10-01,Monday,0,Send Money,75900.0,886.0,Success,MTN Mobile Money,10,2024,4
TX_000368,USER_007,2025-01-13,2025-01-01,Monday,0,Buy Airtime,3400.0,24.0,Success,MTN Mobile Money,1,2025,1
TX_000369,USER_007,2024-12-14,2024-12-01,Saturday,1,Withdraw Cash,97100.0,868.0,Success,MTN Mobile Money,12,2024,4
TX_000370,USER_007,2024-04-21,2024-04-01,Sunday,1,Pay Bill,29500.0,267.0,Success,MTN Mobile Money,4,2024,2
TX_000371,USER_007,2024-04-07,2024-04-01,Sunday,1,Merchant Payment,300.0,2.0,Success,MTN Mobile Money,4,2024,2
TX_000372,USER_007,2024-12-01,2024-12-01,Sunday,1,Merchant Payment,12100.0,146.0,Success,MTN Mobile Money,12,2024,4
TX_000373,USER_007,2024-06-18,2024-06-01,Tuesday,0,Pay Bill,19100.0,230.0,Success,MTN Mobile Money,6,2024,2
TX_000374,USER_007,2024-11-15,2024-11-01,Friday,0,Pay Bill,18100.0,236.0,Success,MTN Mobile Money,11,2024,4
TX_000375,USER_007,2024-07-14,2024-07-01,Sunday,1,Send Money,66700.0,1178.0,Success,MTN Mobile Money,7,2024,3
TX_000376,USER_007,2024-05-07,2024-05-01,Tuesday,0,Pay Bill,13700.0,113.0,Success,MTN Mobile Money,5,2024,2
TX_000377,USER_007,2024-08-26,2024-08-01,Monday,0,Send Money,22600.0,390.0,Success,MTN Mobile Money,8,2024,3
TX_000378,USER_007,2024-04-05,2024-04-01,Friday,0,Deposit Cash,53600.0,975.0,Success,MTN Mobile Money,4,2024,2
TX_000379,USER_007,2024-07-04,2024-07-01,Thursday,0,Send Money,54200.0,307.0,Success,MTN Mobile Money,7,2024,3
TX_000380,USER_007,2024-09-06,2024-09-01,Friday,0,Merchant Payment,8400.0,91.0,Success,MTN Mobile Money,9,2024,3
TX_000381,USER_007,2024-07-24,2024-07-01,Wednesday,0,Merchant Payment,33600.0,298.0,Success,MTN Mobile Money,7,2024,3
TX_000382,USER_007,2024-05-20,2024-05-01,Monday,0,Receive Money,57600.0,1112.0,Success,MTN Mobile Money,5,2024,2
TX_000383,USER_007,2024-10-11,2024-10-01,Friday,0,Deposit Cash,1200.0,19.0,Success,MTN Mobile Money,10,2024,4
TX_000384,USER_007,2024-12-04,2024-12-01,Wednesday,0,Send Money,69800.0,618.0,Success,MTN Mobile Money,12,2024,4
TX_000385,USER_007,2025-02-24,2025-02-01,Monday,0,Deposit Cash,66600.0,425.0,Success,MTN Mobile Money,2,2025,1
TX_000386,USER_007,2024-08-02,2024-08-01,Friday,0,Buy Airtime,4500.0,50.0,Success,MTN Mobile Money,8,2024,3
TX_000387,USER_007,2025-01-08,2025-01-01,Wednesday,0,Withdraw Cash,41900.0,616.0,Success,MTN Mobile Money,1,2025,1
TX_000388,USER_007,2025-01-29,2025-01-01,Wednesday,0,Merchant Payment,30000.0,376.0,Success,MTN Mobile Money,1,2025,1
TX_000389,USER_007,2024-11-26,2024-11-01,Tuesday,0,Send Money,12800.0,97.0,Success,MTN Mobile Money,11,2024,4
TX_000390,USER_007,2024-03-05,2024-03-01,Tuesday,0,Withdraw Cash,53500.0,933.0,Pending,MTN Mobile Money,3,2024,1
TX_000391,USER_007,2025-02-05,2025-02-01,Wednesday,0,Deposit Cash,69800.0,907.0,Success,MTN Mobile Money,2,2025,1
TX_000392,USER_007,2024-12-09,2024-12-01,Monday,0,Send Money,32200.0,601.0,Success,MTN Mobile Money,12,2024,4
TX_000393,USER_007,2024-08-01,2024-08-01,Thursday,0,Receive Money,37600.0,649.0,Success,MTN Mobile Money,8,2024,3
TX_000394,USER_007,2025-02-03,2025-02-01,Monday,0,Receive Money,68200.0,754.0,Success,MTN Mobile Money,2,2025,1
TX_000395,USER_007,2024-04-23,2024-04-01,Tuesday,0,Buy Airtime,4300.0,60.0,Success,MTN Mobile Money,4,2024,2
TX_000396,USER_007,2024-05-08,2024-05-01,Wednesday,0,Receive Money,36300.0,497.0,Success,MTN Mobile Money,5,2024,2
TX_000397,USER_007,2024-07-14,2024-07-01,Sunday,1,Send Money,71200.0,369.0,Success,MTN Mobile Money,7,2024,3
TX_000398,USER_007,2024-04-29,2024-04-01,Monday,0,Send Money,31700.0,409.0,Success,MTN Mobile Money,4,2024,2
TX_000399,USER_007,2024-04-24,2024-04-01,Wednesday,0,Send Money,51800.0,294.0,Success,MTN Mobile Money,4,2024,2
TX_000400,USER_007,2024-12-09,2024-12-01,Monday,0,Merchant Payment,17100.0,218.0,Success,MTN Mobile Money,12,2024,4
TX_000401,USER_007,2024-05-19,2024-05-01,Sunday,1,Send Money,31200.0,527.0,Success,MTN Mobile Money,5,2024,2
TX_000402,USER_007,2024-07-18,2024-07-01,Thursday,0,Send Money,67800.0,879.0,Success,MTN Mobile Money,7,2024,3
TX_000403,USER_007,2024-07-23,2024-07-01,Tuesday,0,Buy Airtime,2800.0,18.0,Success,MTN Mobile Money,7,2024,3
TX_000404,USER_007,2025-01-04,2025-01-01,Saturday,1,Save/Investment,11800.0,232.0,Success,MTN Mobile Money,1,2025,1
TX_000405,USER_007,2024-06-16,2024-06-01,Sunday,1,Send Money,8400.0,68.0,Failed,MTN Mobile Money,6,2024,2
TX_000406,USER_007,2024-08-23,2024-08-01,Friday,0,Pay Bill,12500.0,121.0,Success,MTN Mobile Money,8,2024,3
TX_000407,USER_007,2024-06-13,2024-06-01,Thursday,0,Pay Bill,4800.0,84.0,Success,MTN Mobile Money,6,2024,2
TX_000408,USER_007,2025-02-15,2025-02-01,Saturday,1,Receive Money,38200.0,445.0,Pending,MTN Mobile Money,2,2025,1
TX_000409,USER_007,2025-01-19,2025-01-01,Sunday,1,Buy Airtime,500.0,7.0,Success,MTN Mobile Money,1,2025,1
TX_000410,USER_007,2024-07-14,2024-07-01,Sunday,1,Send Money,77700.0,1290.0,Pending,MTN Mobile Money,7,2024,3
TX_000411,USER_007,2024-11-14,2024-11-01,Thursday,0,Pay Bill,16400.0,123.0,Success,MTN Mobile Money,11,2024,4
TX_000412,USER_007,2024-11-06,2024-11-01,Wednesday,0,Deposit Cash,36300.0,632.0,Success,MTN Mobile Money,11,2024,4
TX_000413,USER_007,2024-07-07,2024-07-01,Sunday,1,Send Money,40800.0,619.0,Success,MTN Mobile Money,7,2024,3
TX_000414,USER_007,2024-03-27,2024-03-01,Wednesday,0,Deposit Cash,54900.0,411.0,Success,MTN Mobile Money,3,2024,1
TX_000415,USER_007,2024-04-17,2024-04-01,Wednesday,0,Save/Investment,8000.0,138.0,Success,MTN Mobile Money,4,2024,2
TX_000416,USER_007,2025-01-19,2025-01-01,Sunday,1,Withdraw Cash,73700.0,701.0,Success,MTN Mobile Money,1,2025,1
TX_000417,USER_007,2024-10-03,2024-10-01,Thursday,0,Deposit Cash,46700.0,745.0,Success,MTN Mobile Money,10,2024,4
TX_000418,USER_007,2024-07-20,2024-07-01,Saturday,1,Deposit Cash,71400.0,1328.0,Success,MTN Mobile Money,7,2024,3
TX_000419,USER_007,2024-03-23,2024-03-01,Saturday,1,Buy Airtime,3000.0,31.0,Success,MTN Mobile Money,3,2024,1
TX_000420,USER_007,2024-03-02,2024-03-01,Saturday,1,Send Money,59800.0,792.0,Success,MTN Mobile Money,3,2024,1
TX_000421,USER_007,2024-08-18,2024-08-01,Sunday,1,Withdraw Cash,47200.0,260.0,Failed,MTN Mobile Money,8,2024,3
TX_000422,USER_007,2024-05-06,2024-05-01,Monday,0,Merchant Payment,25700.0,165.0,Success,MTN Mobile Money,5,2024,2
TX_000423,USER_007,2025-01-21,2025-01-01,Tuesday,0,Pay Bill,9800.0,121.0,Success,MTN Mobile Money,1,2025,1
TX_000424,USER_007,2024-07-13,2024-07-01,Saturday,1,Receive Money,27100.0,32.0,Success,MTN Mobile Money,7,2024,3
TX_000425,USER_007,2024-05-22,2024-05-01,Wednesday,0,Receive Money,58200.0,1072.0,Success,MTN Mobile Money,5,2024,2
TX_000426,USER_007,2024-10-13,2024-10-01,Sunday,1,Pay Bill,18500.0,257.0,Success,MTN Mobile Money,10,2024,4
TX_000427,USER_007,2024-12-08,2024-12-01,Sunday,1,Pay Bill,29900.0,176.0,Success,MTN Mobile Money,12,2024,4
TX_000428,USER_007,2025-02-25,2025-02-01,Tuesday,0,Buy Airtime,1600.0,14.0,Success,MTN Mobile Money,2,2025,1
TX_000429,USER_007,2024-10-05,2024-10-01,Saturday,1,Receive Money,2900.0,57.0,Success,MTN Mobile Money,10,2024,4
TX_000430,USER_008,2024-12-13,2024-12-01,Friday,0,Withdraw Cash,116900.0,2608.0,Success,Orange Money,12,2024,4
TX_000431,USER_008,2024-03-05,2024-03-01,Tuesday,0,Merchant Payment,47600.0,690.0,Success,Orange Money,3,2024,1
TX_000432,USER_008,2024-04-27,2024-04-01,Saturday,1,Deposit Cash,61200.0,979.0,Success,Orange Money,4,2024,2
TX_000433,USER_008,2024-04-08,2024-04-01,Monday,0,Deposit Cash,116900.0,1428.0,Pending,Orange Money,4,2024,2
TX_000434,USER_008,2025-02-17,2025-02-01,Monday,0,Send Money,1200.0,7.0,Success,Orange Money,2,2025,1
TX_000435,USER_008,2024-05-16,2024-05-01,Thursday,0,Buy Airtime,800.0,4.0,Failed,Orange Money,5,2024,2
TX_000436,USER_008,2024-12-05,2024-12-01,Thursday,0,Deposit Cash,116900.0,2667.0,Success,Orange Money,12,2024,4
TX_000437,USER_008,2024-03-19,2024-03-01,Tuesday,0,Send Money,58000.0,919.0,Success,Orange Money,3,2024,1
TX_000438,USER_008,2024-09-06,2024-09-01,Friday,0,Withdraw Cash,6200.0,59.0,Success,Orange Money,9,2024,3
TX_000439,USER_008,2024-12-24,2024-12-01,Tuesday,0,Buy Airtime,5300.0,82.0,Success,Orange Money,12,2024,4
TX_000440,USER_008,2024-12-08,2024-12-01,Sunday,1,Send Money,116900.0,1906.0,Success,Orange Money,12,2024,4
TX_000441,USER_008,2024-05-15,2024-05-01,Wednesday,0,Deposit Cash,45000.0,548.0,Success,Orange Money,5,2024,2
TX_000442,USER_008,2024-10-07,2024-10-01,Monday,0,Withdraw Cash,116900.0,985.0,Success,Orange Money,10,2024,4
TX_000443,USER_008,2024-05-05,2024-05-01,Sunday,1,Pay Bill,17100.0,125.0,Success,Orange Money,5,2024,2
TX_000444,USER_008,2024-03-22,2024-03-01,Friday,0,Send Money,84400.0,1488.0,Success,Orange Money,3,2024,1
TX_000445,USER_008,2024-08-05,2024-08-01,Monday,0,Receive Money,5700.0,47.0,Success,Orange Money,8,2024,3
TX_000446,USER_008,2024-09-03,2024-09-01,Tuesday,0,Withdraw Cash,35300.0,558.0,Success,Orange Money,9,2024,3
TX_000447,USER_008,2024-03-21,2024-03-01,Thursday,0,Pay Bill,44700.0,595.0,Success,Orange Money,3,2024,1
TX_000448,USER_009,2024-08-31,2024-08-01,Saturday,1,Receive Money,24600.0,230.0,Success,MTN Mobile Money,8,2024,3
TX_000449,USER_009,2024-06-16,2024-06-01,Sunday,1,Send Money,73400.0,1160.0,Success,MTN Mobile Money,6,2024,2
TX_000450,USER_009,2025-02-13,2025-02-01,Thursday,0,Send Money,70600.0,1225.0,Success,MTN Mobile Money,2,2025,1
TX_000451,USER_010,2024-07-06,2024-07-01,Saturday,1,Receive Money,22700.0,148.0,Success,MTN Mobile Money,7,2024,3
TX_000452,USER_010,2025-02-05,2025-02-01,Wednesday,0,Withdraw Cash,50300.0,699.0,Success,MTN Mobile Money,2,2025,1
TX_000453,USER_010,2024-04-22,2024-04-01,Monday,0,Buy Airtime,1700.0,17.0,Failed,MTN Mobile Money,4,2024,2
TX_000454,USER_010,2024-08-29,2024-08-01,Thursday,0,Send Money,52200.0,908.0,Success,MTN Mobile Money,8,2024,3
TX_000455,USER_010,2024-12-12,2024-12-01,Thursday,0,Buy Airtime,3000.0,41.0,Success,MTN Mobile Money,12,2024,4
TX_000456,USER_010,2024-09-25,2024-09-01,Wednesday,0,Merchant Payment,14900.0,159.0,Failed,MTN Mobile Money,9,2024,3
TX_000457,USER_010,2025-01-12,2025-01-01,Sunday,1,Withdraw Cash,8700.0,49.0,Success,MTN Mobile Money,1,2025,1
TX_000458,USER_010,2024-05-19,2024-05-01,Sunday,1,Merchant Payment,29600.0,448.0,Success,MTN Mobile Money,5,2024,2
TX_000459,USER_010,2024-06-30,2024-06-01,Sunday,1,Receive Money,49100.0,380.0,Success,MTN Mobile Money,6,2024,2
TX_000460,USER_010,2024-05-23,2024-05-01,Thursday,0,Send Money,38000.0,728.0,Success,MTN Mobile Money,5,2024,2
TX_000461,USER_010,2024-05-30,2024-05-01,Thursday,0,Pay Bill,13600.0,272.0,Success,MTN Mobile Money,5,2024,2
TX_000462,USER_010,2024-09-28,2024-09-01,Saturday,1,Pay Bill,8500.0,153.0,Success,MTN Mobile Money,9,2024,3
TX_000463,USER_010,2024-03-13,2024-03-01,Wednesday,0,Send Money,35700.0,591.0,Success,MTN Mobile Money,3,2024,1
TX_000464,USER_010,2024-05-31,2024-05-01,Friday,0,Deposit Cash,13600.0,181.0,Success,MTN Mobile Money,5,2024,2
TX_000465,USER_010,2024-08-18,2024-08-01,Sunday,1,Withdraw Cash,26400.0,476.0,Success,MTN Mobile Money,8,2024,3
TX_000466,USER_010,2024-09-27,2024-09-01,Friday,0,Buy Airtime,2800.0,46.0,Success,MTN Mobile Money,9,2024,3
TX_000467,USER_010,2025-02-06,2025-02-01,Thursday,0,Receive Money,52100.0,359.0,Success,MTN Mobile Money,2,2025,1
TX_000468,USER_010,2024-07-06,2024-07-01,Saturday,1,Save/Investment,2200.0,34.0,Success,MTN Mobile Money,7,2024,3
TX_000469,USER_010,2024-07-15,2024-07-01,Monday,0,Buy Airtime,400.0,2.0,Success,MTN Mobile Money,7,2024,3
TX_000470,USER_010,2024-05-21,2024-05-01,Tuesday,0,Receive Money,27100.0,722.0,Success,MTN Mobile Money,5,2024,2
TX_000471,USER_010,2025-02-23,2025-02-01,Sunday,1,Withdraw Cash,17500.0,327.0,Success,MTN Mobile Money,2,2025,1
TX_000472,USER_010,2024-04-25,2024-04-01,Thursday,0,Withdraw Cash,66500.0,364.0,Success,MTN Mobile Money,4,2024,2
TX_000473,USER_010,2024-09-12,2024-09-01,Thursday,0,Receive Money,50800.0,457.0,Success,MTN Mobile Money,9,2024,3
TX_000474,USER_010,2024-03-20,2024-03-01,Wednesday,0,Merchant Payment,1600.0,18.0,Success,MTN Mobile Money,3,2024,1
TX_000475,USER_010,2024-10-27,2024-10-01,Sunday,1,Pay Bill,6100.0,51.0,Success,MTN Mobile Money,10,2024,4
TX_000476,USER_010,2024-06-22,2024-06-01,Saturday,1,Deposit Cash,40600.0,250.0,Success,MTN Mobile Money,6,2024,2
TX_000477,USER_010,2024-06-11,2024-06-01,Tuesday,0,Receive Money,10500.0,121.0,Success,MTN Mobile Money,6,2024,2
TX_000478,USER_010,2024-10-22,2024-10-01,Tuesday,0,Receive Money,41500.0,346.0,Success,MTN Mobile Money,10,2024,4
TX_000479,USER_010,2024-08-27,2024-08-01,Tuesday,0,Buy Airtime,2000.0,30.0,Success,MTN Mobile Money,8,2024,3
TX_000480,USER_010,2024-08-04,2024-08-01,Sunday,1,Merchant Payment,23700.0,313.0,Success,MTN Mobile Money,8,2024,3
TX_000481,USER_010,2024-06-25,2024-06-01,Tuesday,0,Buy Airtime,1100.0,9.0,Success,MTN Mobile Money,6,2024,2
TX_000482,USER_010,2024-06-23,2024-06-01,Sunday,1,Merchant Payment,24900.0,475.0,Success,MTN Mobile Money,6,2024,2
TX_000483,USER_010,2024-03-13,2024-03-01,Wednesday,0,Pay Bill,1900.0,29.0,Success,MTN Mobile Money,3,2024,1
TX_000484,USER_010,2025-02-01,2025-02-01,Saturday,1,Save/Investment,8600.0,111.0,Success,MTN Mobile Money,2,2025,1
TX_000485,USER_010,2024-06-07,2024-06-01,Friday,0,Buy Airtime,2000.0,33.0,Success,MTN Mobile Money,6,2024,2
TX_000486,USER_010,2024-09-21,2024-09-01,Saturday,1,Withdraw Cash,43600.0,804.0,Success,MTN Mobile Money,9,2024,3
TX_000487,USER_010,2024-08-16,2024-08-01,Friday,0,Receive Money,15700.0,310.0,Success,MTN Mobile Money,8,2024,3
TX_000488,USER_010,2024-07-21,2024-07-01,Sunday,1,Merchant Payment,5900.0,86.0,Success,MTN Mobile Money,7,2024,3
TX_000489,USER_010,2024-04-05,2024-04-01,Friday,0,Merchant Payment,11900.0,189.0,Success,MTN Mobile Money,4,2024,2
TX_000490,USER_010,2024-07-21,2024-07-01,Sunday,1,Send Money,38700.0,594.0,Failed,MTN Mobile Money,7,2024,3
TX_000491,USER_010,2024-08-27,2024-08-01,Tuesday,0,Pay Bill,5400.0,31.0,Success,MTN Mobile Money,8,2024,3
TX_000492,USER_010,2025-01-23,2025-01-01,Thursday,0,Receive Money,42700.0,440.0,Failed,MTN Mobile Money,1,2025,1
TX_000493,USER_010,2024-11-16,2024-11-01,Saturday,1,Save/Investment,21900.0,415.0,Success,MTN Mobile Money,11,2024,4
TX_000494,USER_010,2024-09-21,2024-09-01,Saturday,1,Buy Airtime,700.0,8.0,Success,MTN Mobile Money,9,2024,3
TX_000495,USER_010,2025-02-11,2025-02-01,Tuesday,0,Deposit Cash,34100.0,630.0,Success,MTN Mobile Money,2,2025,1
TX_000496,USER_010,2024-11-30,2024-11-01,Saturday,1,Send Money,55700.0,719.0,Success,MTN Mobile Money,11,2024,4
TX_000497,USER_010,2024-08-17,2024-08-01,Saturday,1,Buy Airtime,400.0,6.0,Success,MTN Mobile Money,8,2024,3
TX_000498,USER_010,2024-03-15,2024-03-01,Friday,0,Pay Bill,20000.0,257.0,Success,MTN Mobile Money,3,2024,1
TX_000499,USER_010,2024-04-29,2024-04-01,Monday,0,Pay Bill,19400.0,148.0,Success,MTN Mobile Money,4,2024,2
TX_000500,USER_010,2024-07-12,2024-07-01,Friday,0,Receive Money,27100.0,19.0,Success,MTN Mobile Money,7,2024,3
TX_000501,USER_010,2024-05-31,2024-05-01,Friday,0,Receive Money,39200.0,428.0,Failed,MTN Mobile Money,5,2024,2
TX_000502,USER_010,2024-12-23,2024-12-01,Monday,0,Save/Investment,14000.0,249.0,Success,MTN Mobile Money,12,2024,4
TX_000503,USER_010,2024-07-14,2024-07-01,Sunday,1,Receive Money,13300.0,158.0,Success,MTN Mobile Money,7,2024,3
TX_000504,USER_010,2024-03-20,2024-03-01,Wednesday,0,Save/Investment,26800.0,478.0,Success,MTN Mobile Money,3,2024,1
TX_000505,USER_010,2024-04-25,2024-04-01,Thursday,0,Deposit Cash,55100.0,587.0,Success,MTN Mobile Money,4,2024,2
TX_000506,USER_010,2024-12-31,2024-12-01,Tuesday,0,Deposit Cash,3900.0,67.0,Success,MTN Mobile Money,12,2024,4
TX_000507,USER_010,2024-10-09,2024-10-01,Wednesday,0,Pay Bill,17100.0,151.0,Success,MTN Mobile Money,10,2024,4
TX_000508,USER_010,2024-08-24,2024-08-01,Saturday,1,Pay Bill,18900.0,95.0,Success,MTN Mobile Money,8,2024,3
TX_000509,USER_010,2024-08-08,2024-08-01,Thursday,0,Send Money,55400.0,1070.0,Success,MTN Mobile Money,8,2024,3
TX_000510,USER_010,2024-10-10,2024-10-01,Thursday,0,Pay Bill,10500.0,153.0,Success,MTN Mobile Money,10,2024,4
TX_000511,USER_010,2025-01-05,2025-01-01,Sunday,1,Send Money,3600.0,42.0,Success,MTN Mobile Money,1,2025,1
TX_000512,USER_010,2024-11-17,2024-11-01,Sunday,1,Buy Airtime,3500.0,38.0,Success,MTN Mobile Money,11,2024,4
TX_000513,USER_010,2024-04-29,2024-04-01,Monday,0,Pay Bill,17900.0,332.0,Success,MTN Mobile Money,4,2024,2
TX_000514,USER_010,2024-09-14,2024-09-01,Saturday,1,Save/Investment,1300.0,23.0,Success,MTN Mobile Money,9,2024,3
TX_000515,USER_010,2024-12-21,2024-12-01,Saturday,1,Receive Money,53600.0,387.0,Success,MTN Mobile Money,12,2024,4
TX_000516,USER_010,2024-06-06,2024-06-01,Thursday,0,Receive Money,24400.0,385.0,Success,MTN Mobile Money,6,2024,2
TX_000517,USER_010,2024-07-09,2024-07-01,Tuesday,0,Pay Bill,7300.0,128.0,Success,MTN Mobile Money,7,2024,3
TX_000518,USER_011,2024-03-23,2024-03-01,Saturday,1,Deposit Cash,28500.0,469.0,Success,MTN Mobile Money,3,2024,1
TX_000519,USER_011,2025-02-26,2025-02-01,Wednesday,0,Merchant Payment,19100.0,154.0,Success,MTN Mobile Money,2,2025,1
TX_000520,USER_011,2024-10-10,2024-10-01,Thursday,0,Receive Money,33400.0,183.0,Success,MTN Mobile Money,10,2024,4
TX_000521,USER_011,2024-03-01,2024-03-01,Friday,0,Receive Money,16800.0,306.0,Success,MTN Mobile Money,3,2024,1
TX_000522,USER_011,2024-11-22,2024-11-01,Friday,0,Send Money,46400.0,265.0,Success,MTN Mobile Money,11,2024,4
TX_000523,USER_011,2024-12-01,2024-12-01,Sunday,1,Withdraw Cash,25100.0,436.0,Success,MTN Mobile Money,12,2024,4
TX_000524,USER_011,2025-02-15,2025-02-01,Saturday,1,Pay Bill,1600.0,15.0,Failed,MTN Mobile Money,2,2025,1
TX_000525,USER_011,2025-02-07,2025-02-01,Friday,0,Receive Money,30800.0,400.0,Success,MTN Mobile Money,2,2025,1
TX_000526,USER_011,2024-06-09,2024-06-01,Sunday,1,Send Money,20500.0,325.0,Success,MTN Mobile Money,6,2024,2
TX_000527,USER_011,2024-09-03,2024-09-01,Tuesday,0,Receive Money,900.0,10.0,Success,MTN Mobile Money,9,2024,3
TX_000528,USER_011,2024-10-07,2024-10-01,Monday,0,Send Money,11000.0,106.0,Success,MTN Mobile Money,10,2024,4
TX_000529,USER_011,2024-04-05,2024-04-01,Friday,0,Buy Airtime,1500.0,25.0,Success,MTN Mobile Money,4,2024,2
TX_000530,USER_011,2025-02-04,2025-02-01,Tuesday,0,Merchant Payment,28700.0,252.0,Success,MTN Mobile Money,2,2025,1
TX_000531,USER_011,2024-08-17,2024-08-01,Saturday,1,Send Money,19100.0,382.0,Success,MTN Mobile Money,8,2024,3
TX_000532,USER_011,2025-01-14,2025-01-01,Tuesday,0,Receive Money,42800.0,562.0,Success,MTN Mobile Money,1,2025,1
TX_000533,USER_011,2024-08-08,2024-08-01,Thursday,0,Receive Money,23400.0,382.0,Success,MTN Mobile Money,8,2024,3
TX_000534,USER_011,2025-02-03,2025-02-01,Monday,0,Receive Money,29200.0,264.0,Success,MTN Mobile Money,2,2025,1
TX_000535,USER_011,2024-05-03,2024-05-01,Friday,0,Pay Bill,8000.0,154.0,Success,MTN Mobile Money,5,2024,2
TX_000536,USER_011,2024-08-01,2024-08-01,Thursday,0,Send Money,31500.0,526.0,Success,MTN Mobile Money,8,2024,3
TX_000537,USER_011,2024-11-15,2024-11-01,Friday,0,Send Money,54500.0,639.0,Success,MTN Mobile Money,11,2024,4
TX_000538,USER_011,2024-08-06,2024-08-01,Tuesday,0,Send Money,5800.0,99.0,Success,MTN Mobile Money,8,2024,3
TX_000539,USER_011,2025-02-05,2025-02-01,Wednesday,0,Send Money,47700.0,485.0,Success,MTN Mobile Money,2,2025,1
TX_000540,USER_011,2024-09-26,2024-09-01,Thursday,0,Send Money,8300.0,68.0,Success,MTN Mobile Money,9,2024,3
TX_000541,USER_011,2024-08-15,2024-08-01,Thursday,0,Send Money,7000.0,115.0,Success,MTN Mobile Money,8,2024,3
TX_000542,USER_011,2024-09-23,2024-09-01,Monday,0,Pay Bill,11900.0,115.0,Success,MTN Mobile Money,9,2024,3
TX_000543,USER_011,2025-02-20,2025-02-01,Thursday,0,Pay Bill,8600.0,160.0,Success,MTN Mobile Money,2,2025,1
TX_000544,USER_011,2024-07-30,2024-07-01,Tuesday,0,Withdraw Cash,9300.0,158.0,Success,MTN Mobile Money,7,2024,3
TX_000545,USER_011,2024-12-09,2024-12-01,Monday,0,Deposit Cash,7500.0,100.0,Success,MTN Mobile Money,12,2024,4
TX_000546,USER_011,2024-05-05,2024-05-01,Sunday,1,Withdraw Cash,37700.0,494.0,Success,MTN Mobile Money,5,2024,2
TX_000547,USER_011,2024-06-07,2024-06-01,Friday,0,Receive Money,27200.0,184.0,Failed,MTN Mobile Money,6,2024,2
TX_000548,USER_011,2024-10-02,2024-10-01,Wednesday,0,Withdraw Cash,66700.0,560.0,Success,MTN Mobile Money,10,2024,4
TX_000549,USER_011,2025-02-04,2025-02-01,Tuesday,0,Deposit Cash,47600.0,684.0,Success,MTN Mobile Money,2,2025,1
TX_000550,USER_011,2024-09-11,2024-09-01,Wednesday,0,Deposit Cash,35500.0,215.0,Success,MTN Mobile Money,9,2024,3
TX_000551,USER_011,2025-02-10,2025-02-01,Monday,0,Merchant Payment,29800.0,588.0,Success,MTN Mobile Money,2,2025,1
TX_000552,USER_011,2024-05-29,2024-05-01,Wednesday,0,Receive Money,9400.0,73.0,Success,MTN Mobile Money,5,2024,2
TX_000553,USER_011,2025-01-10,2025-01-01,Friday,0,Receive Money,11000.0,123.0,Failed,MTN Mobile Money,1,2025,1
TX_000554,USER_011,2024-12-17,2024-12-01,Tuesday,0,Pay Bill,18500.0,261.0,Success,MTN Mobile Money,12,2024,4
TX_000555,USER_011,2024-08-02,2024-08-01,Friday,0,Receive Money,5000.0,50.0,Success,MTN Mobile Money,8,2024,3
TX_000556,USER_011,2024-09-24,2024-09-01,Tuesday,0,Send Money,11800.0,127.0,Pending,MTN Mobile Money,9,2024,3
TX_000557,USER_011,2024-12-06,2024-12-01,Friday,0,Withdraw Cash,51500.0,347.0,Success,MTN Mobile Money,12,2024,4
TX_000558,USER_011,2024-03-01,2024-03-01,Friday,0,Withdraw Cash,42400.0,842.0,Success,MTN Mobile Money,3,2024,1
TX_000559,USER_011,2024-08-03,2024-08-01,Saturday,1,Merchant Payment,32000.0,166.0,Success,MTN Mobile Money,8,2024,3
TX_000560,USER_011,2024-07-25,2024-07-01,Thursday,0,Save/Investment,3900.0,52.0,Pending,MTN Mobile Money,7,2024,3
TX_000561,USER_011,2024-06-16,2024-06-01,Sunday,1,Buy Airtime,700.0,10.0,Success,MTN Mobile Money,6,2024,2
TX_000562,USER_011,2024-10-07,2024-10-01,Monday,0,Pay Bill,2200.0,31.0,Success,MTN Mobile Money,10,2024,4
TX_000563,USER_011,2024-12-22,2024-12-01,Sunday,1,Withdraw Cash,44400.0,588.0,Success,MTN Mobile Money,12,2024,4
TX_000564,USER_011,2025-01-05,2025-01-01,Sunday,1,Send Money,33500.0,254.0,Failed,MTN Mobile Money,1,2025,1
TX_000565,USER_011,2025-01-30,2025-01-01,Thursday,0,Send Money,24300.0,375.0,Success,MTN Mobile Money,1,2025,1
TX_000566,USER_011,2024-08-12,2024-08-01,Monday,0,Send Money,31100.0,455.0,Success,MTN Mobile Money,8,2024,3
TX_000567,USER_011,2024-10-25,2024-10-01,Friday,0,Receive Money,31700.0,373.0,Success,MTN Mobile Money,10,2024,4
TX_000568,USER_011,2024-10-13,2024-10-01,Sunday,1,Buy Airtime,1900.0,17.0,Success,MTN Mobile Money,10,2024,4
TX_000569,USER_011,2024-10-13,2024-10-01,Sunday,1,Send Money,6900.0,81.0,Success,MTN Mobile Money,10,2024,4
TX_000570,USER_011,2025-02-09,2025-02-01,Sunday,1,Receive Money,52600.0,268.0,Success,MTN Mobile Money,2,2025,1
TX_000571,USER_012,2024-06-18,2024-06-01,Tuesday,0,Buy Airtime,5800.0,33.0,Success,Orange Money,6,2024,2
TX_000572,USER_012,2024-11-17,2024-11-01,Sunday,1,Receive Money,116900.0,2952.0,Failed,Orange Money,11,2024,4
TX_000573,USER_012,2024-10-29,2024-10-01,Tuesday,0,Receive Money,116900.0,2490.0,Success,Orange Money,10,2024,4
TX_000574,USER_012,2024-05-26,2024-05-01,Sunday,1,Receive Money,116900.0,1997.0,Success,Orange Money,5,2024,2
TX_000575,USER_012,2025-02-01,2025-02-01,Saturday,1,Receive Money,116900.0,1339.0,Success,Orange Money,2,2025,1
TX_000576,USER_012,2024-04-13,2024-04-01,Saturday,1,Deposit Cash,116900.0,3118.0,Success,Orange Money,4,2024,2
TX_000577,USER_012,2024-07-24,2024-07-01,Wednesday,0,Save/Investment,35500.0,469.0,Success,Orange Money,7,2024,3
TX_000578,USER_012,2024-11-19,2024-11-01,Tuesday,0,Withdraw Cash,63600.0,942.0,Success,Orange Money,11,2024,4
TX_000579,USER_012,2025-02-03,2025-02-01,Monday,0,Send Money,116900.0,1191.0,Success,Orange Money,2,2025,1
TX_000580,USER_012,2025-01-19,2025-01-01,Sunday,1,Send Money,19900.0,371.0,Success,Orange Money,1,2025,1
TX_000581,USER_012,2025-01-12,2025-01-01,Sunday,1,Pay Bill,21700.0,303.0,Success,Orange Money,1,2025,1
TX_000582,USER_012,2024-08-19,2024-08-01,Monday,0,Receive Money,80900.0,1478.0,Success,Orange Money,8,2024,3
TX_000583,USER_012,2024-04-17,2024-04-01,Wednesday,0,Pay Bill,27600.0,464.0,Success,Orange Money,4,2024,2
TX_000584,USER_012,2024-06-29,2024-06-01,Saturday,1,Pay Bill,25000.0,495.0,Success,Orange Money,6,2024,2
TX_000585,USER_012,2025-02-08,2025-02-01,Saturday,1,Withdraw Cash,116900.0,1052.0,Success,Orange Money,2,2025,1
TX_000586,USER_012,2024-08-06,2024-08-01,Tuesday,0,Receive Money,116900.0,3892.0,Success,Orange Money,8,2024,3
TX_000587,USER_012,2024-06-24,2024-06-01,Monday,0,Send Money,116900.0,2114.0,Success,Orange Money,6,2024,2
TX_000588,USER_012,2024-06-10,2024-06-01,Monday,0,Buy Airtime,12600.0,157.0,Success,Orange Money,6,2024,2
TX_000589,USER_012,2024-05-15,2024-05-01,Wednesday,0,Send Money,116900.0,2128.0,Success,Orange Money,5,2024,2
TX_000590,USER_012,2024-03-13,2024-03-01,Wednesday,0,Withdraw Cash,116900.0,1450.0,Success,Orange Money,3,2024,1
TX_000591,USER_012,2024-03-24,2024-03-01,Sunday,1,Pay Bill,16200.0,238.0,Success,Orange Money,3,2024,1
TX_000592,USER_012,2024-07-04,2024-07-01,Thursday,0,Receive Money,116900.0,887.0,Success,Orange Money,7,2024,3
TX_000593,USER_012,2024-10-30,2024-10-01,Wednesday,0,Merchant Payment,17300.0,221.0,Success,Orange Money,10,2024,4
TX_000594,USER_012,2025-01-07,2025-01-01,Tuesday,0,Merchant Payment,112200.0,1774.0,Success,Orange Money,1,2025,1
TX_000595,USER_012,2024-04-07,2024-04-01,Sunday,1,Pay Bill,73100.0,374.0,Failed,Orange Money,4,2024,2
TX_000596,USER_012,2024-10-20,2024-10-01,Sunday,1,Pay Bill,51100.0,451.0,Success,Orange Money,10,2024,4
TX_000597,USER_012,2024-09-29,2024-09-01,Sunday,1,Send Money,116900.0,3652.0,Success,Orange Money,9,2024,3
TX_000598,USER_012,2025-01-17,2025-01-01,Friday,0,Deposit Cash,116900.0,3425.0,Success,Orange Money,1,2025,1
TX_000599,USER_012,2024-12-20,2024-12-01,Friday,0,Receive Money,56800.0,555.0,Success,Orange Money,12,2024,4
TX_000600,USER_012,2024-06-08,2024-06-01,Saturday,1,Send Money,116900.0,2038.0,Success,Orange Money,6,2024,2
TX_000601,USER_012,2025-02-20,2025-02-01,Thursday,0,Deposit Cash,116900.0,2703.0,Success,Orange Money,2,2025,1
TX_000602,USER_012,2024-09-13,2024-09-01,Friday,0,Pay Bill,4200.0,40.0,Success,Orange Money,9,2024,3
TX_000603,USER_012,2024-11-09,2024-11-01,Saturday,1,Pay Bill,65800.0,709.0,Success,Orange Money,11,2024,4
TX_000604,USER_012,2024-09-21,2024-09-01,Saturday,1,Pay Bill,67400.0,1209.0,Success,Orange Money,9,2024,3
TX_000605,USER_012,2024-07-03,2024-07-01,Wednesday,0,Withdraw Cash,91100.0,1195.0,Success,Orange Money,7,2024,3
TX_000606,USER_012,2024-05-15,2024-05-01,Wednesday,0,Pay Bill,66700.0,1216.0,Success,Orange Money,5,2024,2
TX_000607,USER_012,2025-01-30,2025-01-01,Thursday,0,Buy Airtime,8900.0,60.0,Success,Orange Money,1,2025,1
TX_000608,USER_013,2025-02-16,2025-02-01,Sunday,1,Receive Money,21800.0,219.0,Success,Orange Money,2,2025,1
TX_000609,USER_013,2024-03-03,2024-03-01,Sunday,1,Buy Airtime,4900.0,55.0,Success,Orange Money,3,2024,1
TX_000610,USER_013,2024-04-24,2024-04-01,Wednesday,0,Merchant Payment,34000.0,380.0,Success,Orange Money,4,2024,2
TX_000611,USER_013,2024-10-04,2024-10-01,Friday,0,Receive Money,26500.0,350.0,Success,Orange Money,10,2024,4
TX_000612,USER_013,2024-06-21,2024-06-01,Friday,0,Send Money,75600.0,1168.0,Success,Orange Money,6,2024,2
TX_000613,USER_013,2024-05-30,2024-05-01,Thursday,0,Merchant Payment,22100.0,436.0,Success,Orange Money,5,2024,2
TX_000614,USER_013,2025-02-20,2025-02-01,Thursday,0,Send Money,61300.0,931.0,Success,Orange Money,2,2025,1
TX_000615,USER_013,2024-11-21,2024-11-01,Thursday,0,Save/Investment,38900.0,551.0,Success,Orange Money,11,2024,4
TX_000616,USER_013,2024-10-24,2024-10-01,Thursday,0,Withdraw Cash,41400.0,757.0,Success,Orange Money,10,2024,4
TX_000617,USER_013,2024-03-26,2024-03-01,Tuesday,0,Withdraw Cash,88300.0,1410.0,Success,Orange Money,3,2024,1
TX_000618,USER_013,2024-12-11,2024-12-01,Wednesday,0,Withdraw Cash,47000.0,851.0,Success,Orange Money,12,2024,4
TX_000619,USER_013,2024-07-06,2024-07-01,Saturday,1,Send Money,23200.0,301.0,Success,Orange Money,7,2024,3
TX_000620,USER_013,2024-05-02,2024-05-01,Thursday,0,Deposit Cash,41100.0,504.0,Success,Orange Money,5,2024,2
TX_000621,USER_013,2024-10-20,2024-10-01,Sunday,1,Pay Bill,19800.0,104.0,Success,Orange Money,10,2024,4
TX_000622,USER_013,2024-05-08,2024-05-01,Wednesday,0,Receive Money,3800.0,46.0,Success,Orange Money,5,2024,2
TX_000623,USER_013,2024-10-24,2024-10-01,Thursday,0,Withdraw Cash,84900.0,1119.0,Pending,Orange Money,10,2024,4
TX_000624,USER_013,2025-02-05,2025-02-01,Wednesday,0,Pay Bill,15900.0,315.0,Success,Orange Money,2,2025,1
TX_000625,USER_013,2024-11-27,2024-11-01,Wednesday,0,Merchant Payment,2300.0,27.0,Success,Orange Money,11,2024,4
TX_000626,USER_013,2024-12-12,2024-12-01,Thursday,0,Withdraw Cash,61200.0,955.0,Success,Orange Money,12,2024,4
TX_000627,USER_013,2024-12-30,2024-12-01,Monday,0,Receive Money,4100.0,42.0,Failed,Orange Money,12,2024,4
TX_000628,USER_013,2024-08-10,2024-08-01,Saturday,1,Receive Money,66600.0,1174.0,Success,Orange Money,8,2024,3
TX_000629,USER_013,2024-10-13,2024-10-01,Sunday,1,Buy Airtime,600.0,4.0,Success,Orange Money,10,2024,4
TX_000630,USER_013,2025-01-08,2025-01-01,Wednesday,0,Buy Airtime,2200.0,29.0,Success,Orange Money,1,2025,1
TX_000631,USER_013,2024-11-14,2024-11-01,Thursday,0,Receive Money,54400.0,891.0,Success,Orange Money,11,2024,4
TX_000632,USER_013,2024-10-05,2024-10-01,Saturday,1,Receive Money,57200.0,618.0,Success,Orange Money,10,2024,4
TX_000633,USER_013,2024-12-06,2024-12-01,Friday,0,Receive Money,31600.0,233.0,Success,Orange Money,12,2024,4
TX_000634,USER_013,2024-10-15,2024-10-01,Tuesday,0,Buy Airtime,2200.0,37.0,Success,Orange Money,10,2024,4
TX_000635,USER_013,2024-05-21,2024-05-01,Tuesday,0,Buy Airtime,3800.0,36.0,Success,Orange Money,5,2024,2
TX_000636,USER_013,2024-10-30,2024-10-01,Wednesday,0,Withdraw Cash,39200.0,542.0,Success,Orange Money,10,2024,4
TX_000637,USER_013,2024-10-17,2024-10-01,Thursday,0,Buy Airtime,4300.0,78.0,Success,Orange Money,10,2024,4
TX_000638,USER_013,2024-07-11,2024-07-01,Thursday,0,Withdraw Cash,56200.0,774.0,Success,Orange Money,7,2024,3
TX_000639,USER_013,2024-07-05,2024-07-01,Friday,0,Pay Bill,14100.0,273.0,Success,Orange Money,7,2024,3
TX_000640,USER_013,2025-01-21,2025-01-01,Tuesday,0,Buy Airtime,2700.0,39.0,Success,Orange Money,1,2025,1
TX_000641,USER_013,2024-07-20,2024-07-01,Saturday,1,Receive Money,42500.0,739.0,Success,Orange Money,7,2024,3
TX_000642,USER_013,2024-11-22,2024-11-01,Friday,0,Receive Money,52500.0,911.0,Success,Orange Money,11,2024,4
TX_000643,USER_013,2024-11-04,2024-11-01,Monday,0,Withdraw Cash,82300.0,981.0,Pending,Orange Money,11,2024,4
TX_000644,USER_013,2025-01-15,2025-01-01,Wednesday,0,Withdraw Cash,77600.0,1258.0,Success,Orange Money,1,2025,1
TX_000645,USER_013,2024-07-01,2024-07-01,Monday,0,Receive Money,37400.0,335.0,Success,Orange Money,7,2024,3
TX_000646,USER_013,2024-07-19,2024-07-01,Friday,0,Merchant Payment,41300.0,597.0,Success,Orange Money,7,2024,3
TX_000647,USER_013,2024-10-12,2024-10-01,Saturday,1,Withdraw Cash,43500.0,349.0,Success,Orange Money,10,2024,4
TX_000648,USER_013,2024-04-09,2024-04-01,Tuesday,0,Withdraw Cash,44200.0,663.0,Success,Orange Money,4,2024,2
TX_000649,USER_013,2024-07-25,2024-07-01,Thursday,0,Withdraw Cash,81500.0,1272.0,Failed,Orange Money,7,2024,3
TX_000650,USER_013,2024-06-29,2024-06-01,Saturday,1,Deposit Cash,90400.0,1718.0,Success,Orange Money,6,2024,2
TX_000651,USER_013,2024-07-18,2024-07-01,Thursday,0,Withdraw Cash,1600.0,19.0,Success,Orange Money,7,2024,3
TX_000652,USER_013,2024-08-19,2024-08-01,Monday,0,Receive Money,25800.0,501.0,Success,Orange Money,8,2024,3
TX_000653,USER_013,2024-08-11,2024-08-01,Sunday,1,Deposit Cash,41200.0,214.0,Success,Orange Money,8,2024,3
TX_000654,USER_013,2024-12-02,2024-12-01,Monday,0,Receive Money,1800.0,9.0,Success,Orange Money,12,2024,4
TX_000655,USER_013,2024-04-11,2024-04-01,Thursday,0,Withdraw Cash,31600.0,221.0,Success,Orange Money,4,2024,2
TX_000656,USER_013,2024-05-10,2024-05-01,Friday,0,Send Money,75100.0,843.0,Success,Orange Money,5,2024,2
TX_000657,USER_013,2024-05-17,2024-05-01,Friday,0,Receive Money,6000.0,87.0,Success,Orange Money,5,2024,2
TX_000658,USER_013,2024-06-27,2024-06-01,Thursday,0,Withdraw Cash,14700.0,201.0,Success,Orange Money,6,2024,2
TX_000659,USER_013,2024-09-13,2024-09-01,Friday,0,Deposit Cash,38500.0,407.0,Success,Orange Money,9,2024,3
TX_000660,USER_013,2025-02-19,2025-02-01,Wednesday,0,Buy Airtime,2400.0,28.0,Success,Orange Money,2,2025,1
TX_000661,USER_013,2024-05-18,2024-05-01,Saturday,1,Deposit Cash,46700.0,892.0,Success,Orange Money,5,2024,2
TX_000662,USER_013,2025-02-25,2025-02-01,Tuesday,0,Merchant Payment,41700.0,435.0,Success,Orange Money,2,2025,1
TX_000663,USER_013,2024-06-18,2024-06-01,Tuesday,0,Send Money,74000.0,1071.0,Success,Orange Money,6,2024,2
TX_000664,USER_013,2024-04-02,2024-04-01,Tuesday,0,Buy Airtime,4900.0,30.0,Success,Orange Money,4,2024,2
TX_000665,USER_013,2024-09-29,2024-09-01,Sunday,1,Withdraw Cash,81200.0,910.0,Success,Orange Money,9,2024,3
TX_000666,USER_013,2024-09-25,2024-09-01,Wednesday,0,Send Money,46600.0,550.0,Failed,Orange Money,9,2024,3
TX_000667,USER_013,2024-08-17,2024-08-01,Saturday,1,Send Money,55000.0,296.0,Success,Orange Money,8,2024,3
TX_000668,USER_013,2024-12-03,2024-12-01,Tuesday,0,Pay Bill,16200.0,217.0,Success,Orange Money,12,2024,4
TX_000669,USER_013,2024-10-25,2024-10-01,Friday,0,Buy Airtime,4800.0,87.0,Success,Orange Money,10,2024,4
TX_000670,USER_013,2024-09-29,2024-09-01,Sunday,1,Deposit Cash,64600.0,399.0,Success,Orange Money,9,2024,3
TX_000671,USER_013,2024-04-01,2024-04-01,Monday,0,Send Money,47700.0,741.0,Success,Orange Money,4,2024,2
TX_000672,USER_013,2024-06-14,2024-06-01,Friday,0,Receive Money,73300.0,1044.0,Success,Orange Money,6,2024,2
TX_000673,USER_013,2024-10-02,2024-10-01,Wednesday,0,Withdraw Cash,60100.0,753.0,Pending,Orange Money,10,2024,4
TX_000674,USER_013,2024-09-16,2024-09-01,Monday,0,Withdraw Cash,38200.0,649.0,Success,Orange Money,9,2024,3
TX_000675,USER_014,2024-12-25,2024-12-01,Wednesday,0,Send Money,29600.0,244.0,Success,MTN Mobile Money,12,2024,4
TX_000676,USER_014,2025-02-20,2025-02-01,Thursday,0,Buy Airtime,5600.0,107.0,Success,MTN Mobile Money,2,2025,1
TX_000677,USER_014,2024-03-11,2024-03-01,Monday,0,Send Money,50600.0,583.0,Success,MTN Mobile Money,3,2024,1
TX_000678,USER_014,2024-12-20,2024-12-01,Friday,0,Buy Airtime,8000.0,77.0,Success,MTN Mobile Money,12,2024,4
TX_000679,USER_014,2024-09-11,2024-09-01,Wednesday,0,Withdraw Cash,76000.0,572.0,Success,MTN Mobile Money,9,2024,3
TX_000680,USER_014,2024-10-31,2024-10-01,Thursday,0,Send Money,116900.0,831.0,Success,MTN Mobile Money,10,2024,4
TX_000681,USER_014,2024-03-04,2024-03-01,Monday,0,Buy Airtime,8900.0,67.0,Success,MTN Mobile Money,3,2024,1
TX_000682,USER_014,2024-08-28,2024-08-01,Wednesday,0,Send Money,23200.0,188.0,Success,MTN Mobile Money,8,2024,3
TX_000683,USER_014,2024-07-31,2024-07-01,Wednesday,0,Receive Money,3800.0,66.0,Success,MTN Mobile Money,7,2024,3
TX_000684,USER_014,2024-09-16,2024-09-01,Monday,0,Receive Money,44200.0,868.0,Success,MTN Mobile Money,9,2024,3
TX_000685,USER_014,2024-10-01,2024-10-01,Tuesday,0,Merchant Payment,70000.0,430.0,Pending,MTN Mobile Money,10,2024,4
TX_000686,USER_014,2024-12-01,2024-12-01,Sunday,1,Receive Money,15000.0,262.0,Success,MTN Mobile Money,12,2024,4
TX_000687,USER_014,2024-12-05,2024-12-01,Thursday,0,Buy Airtime,1600.0,19.0,Success,MTN Mobile Money,12,2024,4
TX_000688,USER_014,2025-01-03,2025-01-01,Friday,0,Receive Money,45500.0,230.0,Success,MTN Mobile Money,1,2025,1
TX_000689,USER_014,2024-06-21,2024-06-01,Friday,0,Merchant Payment,40000.0,791.0,Success,MTN Mobile Money,6,2024,2
TX_000690,USER_014,2024-11-05,2024-11-01,Tuesday,0,Withdraw Cash,52000.0,544.0,Success,MTN Mobile Money,11,2024,4
TX_000691,USER_014,2024-06-21,2024-06-01,Friday,0,Receive Money,79200.0,1574.0,Success,MTN Mobile Money,6,2024,2
TX_000692,USER_014,2024-07-18,2024-07-01,Thursday,0,Send Money,7300.0,50.0,Success,MTN Mobile Money,7,2024,3
TX_000693,USER_014,2024-10-10,2024-10-01,Thursday,0,Withdraw Cash,116900.0,887.0,Success,MTN Mobile Money,10,2024,4
TX_000694,USER_014,2024-11-04,2024-11-01,Monday,0,Pay Bill,36000.0,482.0,Success,MTN Mobile Money,11,2024,4
TX_000695,USER_014,2024-03-15,2024-03-01,Friday,0,Buy Airtime,1200.0,20.0,Success,MTN Mobile Money,3,2024,1
TX_000696,USER_014,2024-09-16,2024-09-01,Monday,0,Withdraw Cash,76000.0,966.0,Success,MTN Mobile Money,9,2024,3
TX_000697,USER_014,2024-08-20,2024-08-01,Tuesday,0,Merchant Payment,73700.0,932.0,Success,MTN Mobile Money,8,2024,3
TX_000698,USER_014,2025-02-06,2025-02-01,Thursday,0,Pay Bill,47200.0,521.0,Pending,MTN Mobile Money,2,2025,1
TX_000699,USER_014,2025-02-11,2025-02-01,Tuesday,0,Merchant Payment,66800.0,614.0,Success,MTN Mobile Money,2,2025,1
TX_000700,USER_014,2024-09-24,2024-09-01,Tuesday,0,Deposit Cash,31300.0,558.0,Success,MTN Mobile Money,9,2024,3
TX_000701,USER_014,2024-05-24,2024-05-01,Friday,0,Pay Bill,48900.0,687.0,Success,MTN Mobile Money,5,2024,2
TX_000702,USER_014,2024-10-26,2024-10-01,Saturday,1,Buy Airtime,3500.0,59.0,Success,MTN Mobile Money,10,2024,4
TX_000703,USER_014,2024-05-05,2024-05-01,Sunday,1,Merchant Payment,80500.0,810.0,Success,MTN Mobile Money,5,2024,2
TX_000704,USER_014,2025-01-13,2025-01-01,Monday,0,Buy Airtime,3200.0,63.0,Success,MTN Mobile Money,1,2025,1
TX_000705,USER_014,2024-11-29,2024-11-01,Friday,0,Receive Money,75300.0,966.0,Success,MTN Mobile Money,11,2024,4
TX_000706,USER_014,2024-03-14,2024-03-01,Thursday,0,Withdraw Cash,112900.0,1581.0,Success,MTN Mobile Money,3,2024,1
TX_000707,USER_015,2024-09-18,2024-09-01,Wednesday,0,Receive Money,80200.0,641.0,Success,Orange Money,9,2024,3
TX_000708,USER_015,2024-12-29,2024-12-01,Sunday,1,Receive Money,116900.0,2619.0,Success,Orange Money,12,2024,4
TX_000709,USER_015,2024-12-14,2024-12-01,Saturday,1,Merchant Payment,70800.0,981.0,Success,Orange Money,12,2024,4
TX_000710,USER_015,2025-02-03,2025-02-01,Monday,0,Withdraw Cash,116900.0,1807.0,Success,Orange Money,2,2025,1
TX_000711,USER_015,2024-03-14,2024-03-01,Thursday,0,Pay Bill,38600.0,734.0,Success,Orange Money,3,2024,1
TX_000712,USER_015,2024-04-12,2024-04-01,Friday,0,Withdraw Cash,86600.0,1309.0,Success,Orange Money,4,2024,2
TX_000713,USER_015,2025-01-24,2025-01-01,Friday,0,Send Money,93400.0,785.0,Success,Orange Money,1,2025,1
TX_000714,USER_015,2024-10-06,2024-10-01,Sunday,1,Pay Bill,42200.0,289.0,Success,Orange Money,10,2024,4
TX_000715,USER_015,2024-05-09,2024-05-01,Thursday,0,Receive Money,116900.0,2328.0,Pending,Orange Money,5,2024,2
TX_000716,USER_015,2024-10-23,2024-10-01,Wednesday,0,Deposit Cash,116900.0,1120.0,Success,Orange Money,10,2024,4
TX_000717,USER_015,2024-06-02,2024-06-01,Sunday,1,Pay Bill,42200.0,790.0,Success,Orange Money,6,2024,2
TX_000718,USER_015,2024-03-26,2024-03-01,Tuesday,0,Merchant Payment,62700.0,888.0,Success,Orange Money,3,2024,1
TX_000719,USER_015,2024-07-12,2024-07-01,Friday,0,Send Money,82200.0,1214.0,Success,Orange Money,7,2024,3
TX_000720,USER_015,2024-09-11,2024-09-01,Wednesday,0,Buy Airtime,7700.0,135.0,Failed,Orange Money,9,2024,3
TX_000721,USER_015,2024-08-15,2024-08-01,Thursday,0,Receive Money,46400.0,754.0,Success,Orange Money,8,2024,3
TX_000722,USER_015,2024-06-17,2024-06-01,Monday,0,Send Money,41400.0,467.0,Success,Orange Money,6,2024,2
TX_000723,USER_015,2024-10-19,2024-10-01,Saturday,1,Receive Money,42900.0,241.0,Success,Orange Money,10,2024,4
TX_000724,USER_015,2024-08-15,2024-08-01,Thursday,0,Buy Airtime,5900.0,47.0,Success,Orange Money,8,2024,3
TX_000725,USER_015,2024-08-20,2024-08-01,Tuesday,0,Buy Airtime,5500.0,69.0,Success,Orange Money,8,2024,3
TX_000726,USER_015,2024-09-11,2024-09-01,Wednesday,0,Merchant Payment,30800.0,364.0,Success,Orange Money,9,2024,3
TX_000727,USER_016,2024-07-21,2024-07-01,Sunday,1,Buy Airtime,1800.0,21.0,Success,MTN Mobile Money,7,2024,3
TX_000728,USER_016,2024-10-02,2024-10-01,Wednesday,0,Receive Money,11800.0,114.0,Success,MTN Mobile Money,10,2024,4
TX_000729,USER_016,2024-07-08,2024-07-01,Monday,0,Send Money,79300.0,1040.0,Pending,MTN Mobile Money,7,2024,3
TX_000730,USER_016,2024-04-11,2024-04-01,Thursday,0,Merchant Payment,22800.0,182.0,Success,MTN Mobile Money,4,2024,2
TX_000731,USER_016,2024-10-27,2024-10-01,Sunday,1,Receive Money,57000.0,518.0,Success,MTN Mobile Money,10,2024,4
TX_000732,USER_016,2024-03-10,2024-03-01,Sunday,1,Pay Bill,27500.0,216.0,Success,MTN Mobile Money,3,2024,1
TX_000733,USER_016,2024-12-02,2024-12-01,Monday,0,Send Money,72400.0,1065.0,Success,MTN Mobile Money,12,2024,4
TX_000734,USER_016,2024-03-27,2024-03-01,Wednesday,0,Send Money,23900.0,161.0,Failed,MTN Mobile Money,3,2024,1
TX_000735,USER_016,2024-08-27,2024-08-01,Tuesday,0,Withdraw Cash,46800.0,841.0,Success,MTN Mobile Money,8,2024,3
TX_000736,USER_016,2024-06-23,2024-06-01,Sunday,1,Withdraw Cash,85800.0,888.0,Success,MTN Mobile Money,6,2024,2
TX_000737,USER_017,2025-01-27,2025-01-01,Monday,0,Send Money,14200.0,226.0,Failed,Orange Money,1,2025,1
TX_000738,USER_017,2024-04-05,2024-04-01,Friday,0,Buy Airtime,1700.0,29.0,Success,Orange Money,4,2024,2
TX_000739,USER_017,2025-01-28,2025-01-01,Tuesday,0,Pay Bill,1800.0,27.0,Failed,Orange Money,1,2025,1
TX_000740,USER_017,2024-03-21,2024-03-01,Thursday,0,Send Money,23500.0,340.0,Success,Orange Money,3,2024,1
TX_000741,USER_017,2024-03-16,2024-03-01,Saturday,1,Receive Money,11500.0,65.0,Success,Orange Money,3,2024,1
TX_000742,USER_017,2024-07-05,2024-07-01,Friday,0,Send Money,18700.0,123.0,Success,Orange Money,7,2024,3
TX_000743,USER_017,2024-06-11,2024-06-01,Tuesday,0,Buy Airtime,1400.0,16.0,Success,Orange Money,6,2024,2
TX_000744,USER_018,2024-03-11,2024-03-01,Monday,0,Merchant Payment,1700.0,15.0,Success,Orange Money,3,2024,1
TX_000745,USER_018,2025-01-13,2025-01-01,Monday,0,Send Money,2600.0,27.0,Success,Orange Money,1,2025,1
TX_000746,USER_018,2024-05-18,2024-05-01,Saturday,1,Buy Airtime,500.0,9.0,Success,Orange Money,5,2024,2
TX_000747,USER_018,2024-07-01,2024-07-01,Monday,0,Withdraw Cash,24800.0,445.0,Success,Orange Money,7,2024,3
TX_000748,USER_018,2024-05-04,2024-05-01,Saturday,1,Merchant Payment,15800.0,256.0,Success,Orange Money,5,2024,2
TX_000749,USER_018,2024-10-29,2024-10-01,Tuesday,0,Receive Money,13700.0,232.0,Success,Orange Money,10,2024,4
TX_000750,USER_018,2025-02-06,2025-02-01,Thursday,0,Withdraw Cash,9900.0,71.0,Success,Orange Money,2,2025,1
TX_000751,USER_018,2024-04-28,2024-04-01,Sunday,1,Send Money,16900.0,140.0,Pending,Orange Money,4,2024,2
TX_000752,USER_018,2024-12-14,2024-12-01,Saturday,1,Buy Airtime,300.0,5.0,Success,Orange Money,12,2024,4
TX_000753,USER_018,2024-06-20,2024-06-01,Thursday,0,Withdraw Cash,3400.0,63.0,Success,Orange Money,6,2024,2
TX_000754,USER_018,2024-10-25,2024-10-01,Friday,0,Send Money,1800.0,24.0,Success,Orange Money,10,2024,4
TX_000755,USER_018,2025-02-22,2025-02-01,Saturday,1,Deposit Cash,14600.0,273.0,Success,Orange Money,2,2025,1
TX_000756,USER_018,2024-07-10,2024-07-01,Wednesday,0,Send Money,4600.0,63.0,Success,Orange Money,7,2024,3
TX_000757,USER_018,2024-09-05,2024-09-01,Thursday,0,Withdraw Cash,11300.0,91.0,Success,Orange Money,9,2024,3
TX_000758,USER_018,2024-05-25,2024-05-01,Saturday,1,Withdraw Cash,3400.0,38.0,Success,Orange Money,5,2024,2
TX_000759,USER_018,2025-01-05,2025-01-01,Sunday,1,Merchant Payment,6300.0,55.0,Success,Orange Money,1,2025,1
TX_000760,USER_018,2025-01-05,2025-01-01,Sunday,1,Buy Airtime,700.0,13.0,Success,Orange Money,1,2025,1
TX_000761,USER_018,2024-04-28,2024-04-01,Sunday,1,Receive Money,7800.0,99.0,Success,Orange Money,4,2024,2
TX_000762,USER_018,2024-05-23,2024-05-01,Thursday,0,Send Money,22200.0,327.0,Success,Orange Money,5,2024,2
TX_000763,USER_018,2024-08-07,2024-08-01,Wednesday,0,Withdraw Cash,37600.0,214.0,Success,Orange Money,8,2024,3
TX_000764,USER_018,2024-04-25,2024-04-01,Thursday,0,Pay Bill,10800.0,210.0,Success,Orange Money,4,2024,2
TX_000765,USER_018,2024-12-22,2024-12-01,Sunday,1,Withdraw Cash,21500.0,281.0,Success,Orange Money,12,2024,4
TX_000766,USER_018,2024-03-14,2024-03-01,Thursday,0,Receive Money,9400.0,125.0,Success,Orange Money,3,2024,1
TX_000767,USER_018,2024-08-07,2024-08-01,Wednesday,0,Merchant Payment,3200.0,27.0,Success,Orange Money,8,2024,3
TX_000768,USER_019,2024-12-20,2024-12-01,Friday,0,Receive Money,116900.0,2077.0,Success,Orange Money,12,2024,4
TX_000769,USER_019,2025-02-10,2025-02-01,Monday,0,Deposit Cash,17900.0,214.0,Success,Orange Money,2,2025,1
TX_000770,USER_019,2024-09-09,2024-09-01,Monday,0,Receive Money,69600.0,443.0,Success,Orange Money,9,2024,3
TX_000771,USER_019,2024-09-20,2024-09-01,Friday,0,Send Money,116900.0,2061.0,Success,Orange Money,9,2024,3
TX_000772,USER_019,2024-06-10,2024-06-01,Monday,0,Merchant Payment,98900.0,506.0,Failed,Orange Money,6,2024,2
TX_000773,USER_019,2024-04-08,2024-04-01,Monday,0,Receive Money,27200.0,449.0,Success,Orange Money,4,2024,2
TX_000774,USER_019,2024-12-29,2024-12-01,Sunday,1,Pay Bill,24700.0,326.0,Success,Orange Money,12,2024,4
TX_000775,USER_019,2025-02-17,2025-02-01,Monday,0,Receive Money,27100.0,599.0,Success,Orange Money,2,2025,1
TX_000776,USER_019,2025-01-16,2025-01-01,Thursday,0,Receive Money,27100.0,3317.0,Success,Orange Money,1,2025,1
TX_000777,USER_019,2024-07-03,2024-07-01,Wednesday,0,Receive Money,51800.0,925.0,Success,Orange Money,7,2024,3
TX_000778,USER_019,2024-04-22,2024-04-01,Monday,0,Pay Bill,14500.0,156.0,Success,Orange Money,4,2024,2
TX_000779,USER_019,2025-02-20,2025-02-01,Thursday,0,Pay Bill,70900.0,1415.0,Success,Orange Money,2,2025,1
TX_000780,USER_019,2024-08-02,2024-08-01,Friday,0,Pay Bill,40500.0,387.0,Success,Orange Money,8,2024,3
TX_000781,USER_019,2025-02-14,2025-02-01,Friday,0,Send Money,116900.0,2408.0,Success,Orange Money,2,2025,1
TX_000782,USER_019,2025-01-02,2025-01-01,Thursday,0,Merchant Payment,116600.0,811.0,Success,Orange Money,1,2025,1
TX_000783,USER_019,2024-05-01,2024-05-01,Wednesday,0,Pay Bill,72400.0,1149.0,Success,Orange Money,5,2024,2
TX_000784,USER_019,2024-12-15,2024-12-01,Sunday,1,Receive Money,116900.0,1120.0,Success,Orange Money,12,2024,4
TX_000785,USER_019,2024-03-22,2024-03-01,Friday,0,Receive Money,19800.0,169.0,Success,Orange Money,3,2024,1
TX_000786,USER_019,2024-08-25,2024-08-01,Sunday,1,Merchant Payment,46100.0,413.0,Success,Orange Money,8,2024,3
TX_000787,USER_019,2024-11-28,2024-11-01,Thursday,0,Receive Money,10100.0,191.0,Success,Orange Money,11,2024,4
TX_000788,USER_019,2024-10-06,2024-10-01,Sunday,1,Pay Bill,3800.0,68.0,Success,Orange Money,10,2024,4
TX_000789,USER_019,2025-02-02,2025-02-01,Sunday,1,Merchant Payment,116900.0,1139.0,Success,Orange Money,2,2025,1
TX_000790,USER_019,2024-09-06,2024-09-01,Friday,0,Withdraw Cash,111100.0,1499.0,Success,Orange Money,9,2024,3
TX_000791,USER_019,2024-04-05,2024-04-01,Friday,0,Send Money,116900.0,1743.0,Success,Orange Money,4,2024,2
TX_000792,USER_019,2024-11-15,2024-11-01,Friday,0,Send Money,116900.0,981.0,Success,Orange Money,11,2024,4
TX_000793,USER_019,2025-01-26,2025-01-01,Sunday,1,Pay Bill,17200.0,143.0,Success,Orange Money,1,2025,1
TX_000794,USER_019,2024-08-22,2024-08-01,Thursday,0,Receive Money,22400.0,142.0,Success,Orange Money,8,2024,3
TX_000795,USER_019,2024-03-07,2024-03-01,Thursday,0,Send Money,116900.0,1405.0,Success,Orange Money,3,2024,1
TX_000796,USER_019,2024-10-02,2024-10-01,Wednesday,0,Receive Money,116900.0,2882.0,Success,Orange Money,10,2024,4
TX_000797,USER_019,2024-11-06,2024-11-01,Wednesday,0,Withdraw Cash,116900.0,2263.0,Success,Orange Money,11,2024,4
TX_000798,USER_019,2024-04-24,2024-04-01,Wednesday,0,Receive Money,51200.0,484.0,Success,Orange Money,4,2024,2
TX_000799,USER_019,2024-10-08,2024-10-01,Tuesday,0,Buy Airtime,11100.0,113.0,Success,Orange Money,10,2024,4
TX_000800,USER_019,2024-09-02,2024-09-01,Monday,0,Send Money,42400.0,738.0,Success,Orange Money,9,2024,3
TX_000801,USER_019,2025-01-20,2025-01-01,Monday,0,Receive Money,116900.0,1679.0,Pending,Orange Money,1,2025,1
TX_000802,USER_019,2024-10-22,2024-10-01,Tuesday,0,Receive Money,81900.0,793.0,Success,Orange Money,10,2024,4
TX_000803,USER_019,2025-02-26,2025-02-01,Wednesday,0,Send Money,116900.0,2830.0,Success,Orange Money,2,2025,1
TX_000804,USER_019,2024-05-18,2024-05-01,Saturday,1,Send Money,116900.0,866.0,Success,Orange Money,5,2024,2
TX_000805,USER_019,2024-10-09,2024-10-01,Wednesday,0,Buy Airtime,8200.0,51.0,Success,Orange Money,10,2024,4
TX_000806,USER_019,2024-05-30,2024-05-01,Thursday,0,Save/Investment,6000.0,70.0,Success,Orange Money,5,2024,2
TX_000807,USER_019,2024-11-23,2024-11-01,Saturday,1,Send Money,41800.0,430.0,Success,Orange Money,11,2024,4
TX_000808,USER_019,2025-01-28,2025-01-01,Tuesday,0,Pay Bill,58500.0,1157.0,Success,Orange Money,1,2025,1
TX_000809,USER_019,2024-07-17,2024-07-01,Wednesday,0,Pay Bill,41800.0,597.0,Success,Orange Money,7,2024,3
TX_000810,USER_019,2025-01-10,2025-01-01,Friday,0,Pay Bill,59100.0,316.0,Success,Orange Money,1,2025,1
TX_000811,USER_019,2024-12-01,2024-12-01,Sunday,1,Receive Money,32300.0,210.0,Success,Orange Money,12,2024,4
TX_000812,USER_019,2024-11-03,2024-11-01,Sunday,1,Buy Airtime,4000.0,48.0,Success,Orange Money,11,2024,4
TX_000813,USER_019,2024-10-25,2024-10-01,Friday,0,Send Money,39800.0,2624.0,Success,Orange Money,10,2024,4
TX_000814,USER_019,2024-10-10,2024-10-01,Thursday,0,Buy Airtime,7800.0,46.0,Success,Orange Money,10,2024,4
TX_000815,USER_019,2024-12-29,2024-12-01,Sunday,1,Send Money,116900.0,1626.0,Success,Orange Money,12,2024,4
TX_000816,USER_019,2024-07-16,2024-07-01,Tuesday,0,Merchant Payment,116900.0,2335.0,Success,Orange Money,7,2024,3
TX_000817,USER_019,2024-08-13,2024-08-01,Tuesday,0,Send Money,91700.0,656.0,Success,Orange Money,8,2024,3
TX_000818,USER_019,2024-07-04,2024-07-01,Thursday,0,Pay Bill,85000.0,838.0,Success,Orange Money,7,2024,3
TX_000819,USER_019,2024-04-14,2024-04-01,Sunday,1,Buy Airtime,4000.0,59.0,Success,Orange Money,4,2024,2
TX_000820,USER_019,2024-07-21,2024-07-01,Sunday,1,Receive Money,27100.0,1131.0,Pending,Orange Money,7,2024,3
TX_000821,USER_019,2024-10-17,2024-10-01,Thursday,0,Send Money,116900.0,1600.0,Success,Orange Money,10,2024,4
TX_000822,USER_019,2024-07-03,2024-07-01,Wednesday,0,Send Money,116900.0,2565.0,Success,Orange Money,7,2024,3
TX_000823,USER_019,2024-10-24,2024-10-01,Thursday,0,Pay Bill,70600.0,1066.0,Success,Orange Money,10,2024,4
TX_000824,USER_019,2024-12-17,2024-12-01,Tuesday,0,Pay Bill,58100.0,993.0,Success,Orange Money,12,2024,4
TX_000825,USER_019,2025-01-07,2025-01-01,Tuesday,0,Deposit Cash,116900.0,1339.0,Success,Orange Money,1,2025,1
TX_000826,USER_019,2025-02-06,2025-02-01,Thursday,0,Receive Money,116900.0,2321.0,Success,Orange Money,2,2025,1
TX_000827,USER_019,2024-09-11,2024-09-01,Wednesday,0,Deposit Cash,116900.0,1883.0,Success,Orange Money,9,2024,3
TX_000828,USER_019,2024-08-20,2024-08-01,Tuesday,0,Save/Investment,109400.0,1835.0,Pending,Orange Money,8,2024,3
TX_000829,USER_019,2024-03-15,2024-03-01,Friday,0,Buy Airtime,4800.0,84.0,Success,Orange Money,3,2024,1
TX_000830,USER_019,2024-11-09,2024-11-01,Saturday,1,Buy Airtime,4000.0,65.0,Success,Orange Money,11,2024,4
TX_000831,USER_019,2024-08-14,2024-08-01,Wednesday,0,Merchant Payment,26800.0,341.0,Success,Orange Money,8,2024,3
TX_000832,USER_019,2024-06-02,2024-06-01,Sunday,1,Send Money,116900.0,3055.0,Success,Orange Money,6,2024,2
TX_000833,USER_019,2024-11-05,2024-11-01,Tuesday,0,Send Money,31600.0,544.0,Failed,Orange Money,11,2024,4
TX_000834,USER_019,2024-06-17,2024-06-01,Monday,0,Pay Bill,46400.0,454.0,Success,Orange Money,6,2024,2
TX_000835,USER_019,2024-08-29,2024-08-01,Thursday,0,Buy Airtime,4500.0,43.0,Success,Orange Money,8,2024,3
TX_000836,USER_019,2024-07-11,2024-07-01,Thursday,0,Send Money,78500.0,1045.0,Success,Orange Money,7,2024,3
TX_000837,USER_019,2024-08-22,2024-08-01,Thursday,0,Send Money,116900.0,3608.0,Success,Orange Money,8,2024,3
TX_000838,USER_019,2024-07-22,2024-07-01,Monday,0,Merchant Payment,83200.0,1430.0,Success,Orange Money,7,2024,3
TX_000839,USER_019,2024-12-31,2024-12-01,Tuesday,0,Buy Airtime,14800.0,124.0,Success,Orange Money,12,2024,4
TX_000840,USER_019,2025-02-23,2025-02-01,Sunday,1,Pay Bill,15000.0,93.0,Success,Orange Money,2,2025,1
TX_000841,USER_019,2024-07-20,2024-07-01,Saturday,1,Save/Investment,61600.0,389.0,Success,Orange Money,7,2024,3
TX_000842,USER_020,2024-12-10,2024-12-01,Tuesday,0,Merchant Payment,69900.0,685.0,Success,MTN Mobile Money,12,2024,4
TX_000843,USER_020,2024-03-06,2024-03-01,Wednesday,0,Pay Bill,61500.0,937.0,Success,MTN Mobile Money,3,2024,1
TX_000844,USER_020,2024-11-20,2024-11-01,Wednesday,0,Receive Money,116900.0,2664.0,Success,Orange Money,11,2024,4
TX_000845,USER_020,2024-06-06,2024-06-01,Thursday,0,Withdraw Cash,116900.0,4103.0,Success,Orange Money,6,2024,2
TX_000846,USER_020,2024-04-13,2024-04-01,Saturday,1,Send Money,116900.0,2834.0,Success,Orange Money,4,2024,2
TX_000847,USER_020,2024-07-02,2024-07-01,Tuesday,0,Pay Bill,56700.0,1006.0,Success,Orange Money,7,2024,3
TX_000848,USER_020,2024-09-25,2024-09-01,Wednesday,0,Buy Airtime,8000.0,74.0,Success,MTN Mobile Money,9,2024,3
TX_000849,USER_020,2024-11-06,2024-11-01,Wednesday,0,Buy Airtime,1600.0,9.0,Success,Orange Money,11,2024,4
TX_000850,USER_020,2024-12-10,2024-12-01,Tuesday,0,Pay Bill,8800.0,50.0,Success,MTN Mobile Money,12,2024,4
TX_000851,USER_020,2024-07-02,2024-07-01,Tuesday,0,Send Money,116900.0,1845.0,Success,Orange Money,7,2024,3
TX_000852,USER_020,2025-02-17,2025-02-01,Monday,0,Buy Airtime,2600.0,51.0,Success,Orange Money,2,2025,1
TX_000853,USER_020,2024-10-30,2024-10-01,Wednesday,0,Withdraw Cash,111400.0,1628.0,Success,MTN Mobile Money,10,2024,4
TX_000854,USER_020,2025-01-25,2025-01-01,Saturday,1,Withdraw Cash,116900.0,2332.0,Failed,MTN Mobile Money,1,2025,1
TX_000855,USER_020,2025-02-28,2025-02-01,Friday,0,Send Money,76800.0,450.0,Success,Orange Money,2,2025,1
TX_000856,USER_020,2024-11-07,2024-11-01,Thursday,0,Receive Money,116900.0,3346.0,Failed,MTN Mobile Money,11,2024,4
TX_000857,USER_020,2024-10-16,2024-10-01,Wednesday,0,Pay Bill,38900.0,740.0,Success,MTN Mobile Money,10,2024,4
TX_000858,USER_020,2024-03-09,2024-03-01,Saturday,1,Receive Money,116900.0,1424.0,Success,MTN Mobile Money,3,2024,1
TX_000859,USER_020,2024-04-17,2024-04-01,Wednesday,0,Receive Money,116900.0,908.0,Success,MTN Mobile Money,4,2024,2
TX_000860,USER_020,2024-07-29,2024-07-01,Monday,0,Send Money,28700.0,549.0,Success,Orange Money,7,2024,3
TX_000861,USER_020,2024-06-22,2024-06-01,Saturday,1,Merchant Payment,62600.0,677.0,Success,Orange Money,6,2024,2
TX_000862,USER_020,2024-09-24,2024-09-01,Tuesday,0,Pay Bill,37500.0,444.0,Success,MTN Mobile Money,9,2024,3
TX_000863,USER_020,2025-02-18,2025-02-01,Tuesday,0,Buy Airtime,14300.0,104.0,Success,MTN Mobile Money,2,2025,1
TX_000864,USER_020,2024-07-03,2024-07-01,Wednesday,0,Buy Airtime,1900.0,34.0,Success,Orange Money,7,2024,3
TX_000865,USER_020,2024-08-04,2024-08-01,Sunday,1,Receive Money,40300.0,645.0,Success,Orange Money,8,2024,3
TX_000866,USER_020,2025-02-03,2025-02-01,Monday,0,Receive Money,11500.0,120.0,Success,Orange Money,2,2025,1
TX_000867,USER_020,2024-12-23,2024-12-01,Monday,0,Receive Money,116900.0,2529.0,Success,MTN Mobile Money,12,2024,4
TX_000868,USER_020,2024-09-05,2024-09-01,Thursday,0,Buy Airtime,2500.0,19.0,Success,MTN Mobile Money,9,2024,3
TX_000869,USER_020,2024-10-29,2024-10-01,Tuesday,0,Send Money,104700.0,1459.0,Success,Orange Money,10,2024,4
TX_000870,USER_020,2024-12-09,2024-12-01,Monday,0,Receive Money,113600.0,1424.0,Success,Orange Money,12,2024,4
TX_000871,USER_020,2024-11-27,2024-11-01,Wednesday,0,Pay Bill,57800.0,1007.0,Success,MTN Mobile Money,11,2024,4
TX_000872,USER_020,2024-08-24,2024-08-01,Saturday,1,Send Money,39800.0,1608.0,Pending,Orange Money,8,2024,3
TX_000873,USER_020,2024-10-04,2024-10-01,Friday,0,Send Money,116900.0,973.0,Success,MTN Mobile Money,10,2024,4
TX_000874,USER_020,2024-12-07,2024-12-01,Saturday,1,Pay Bill,89600.0,462.0,Success,Orange Money,12,2024,4
TX_000875,USER_020,2024-08-17,2024-08-01,Saturday,1,Deposit Cash,116900.0,1521.0,Pending,MTN Mobile Money,8,2024,3
TX_000876,USER_020,2024-08-28,2024-08-01,Wednesday,0,Send Money,55600.0,751.0,Success,Orange Money,8,2024,3
TX_000877,USER_020,2025-02-23,2025-02-01,Sunday,1,Buy Airtime,5900.0,34.0,Success,MTN Mobile Money,2,2025,1
TX_000878,USER_020,2024-10-19,2024-10-01,Saturday,1,Pay Bill,68400.0,1271.0,Success,MTN Mobile Money,10,2024,4
TX_000879,USER_020,2024-07-17,2024-07-01,Wednesday,0,Deposit Cash,116900.0,3433.0,Success,MTN Mobile Money,7,2024,3
TX_000880,USER_020,2024-08-04,2024-08-01,Sunday,1,Send Money,53500.0,1018.0,Success,MTN Mobile Money,8,2024,3
TX_000881,USER_020,2024-07-07,2024-07-01,Sunday,1,Buy Airtime,6400.0,124.0,Success,Orange Money,7,2024,3
TX_000882,USER_020,2024-06-27,2024-06-01,Thursday,0,Pay Bill,4200.0,51.0,Success,Orange Money,6,2024,2
TX_000883,USER_020,2024-05-01,2024-05-01,Wednesday,0,Send Money,116900.0,2396.0,Success,Orange Money,5,2024,2
TX_000884,USER_020,2024-06-07,2024-06-01,Friday,0,Buy Airtime,5800.0,83.0,Success,MTN Mobile Money,6,2024,2
TX_000885,USER_020,2024-08-09,2024-08-01,Friday,0,Send Money,49700.0,537.0,Success,MTN Mobile Money,8,2024,3
TX_000886,USER_021,2024-05-01,2024-05-01,Wednesday,0,Send Money,26800.0,137.0,Success,Orange Money,5,2024,2
TX_000887,USER_021,2024-11-30,2024-11-01,Saturday,1,Buy Airtime,2000.0,36.0,Success,MTN Mobile Money,11,2024,4
TX_000888,USER_021,2025-02-17,2025-02-01,Monday,0,Send Money,51400.0,857.0,Success,Orange Money,2,2025,1
TX_000889,USER_021,2024-06-03,2024-06-01,Monday,0,Buy Airtime,2300.0,13.0,Failed,Orange Money,6,2024,2
TX_000890,USER_021,2024-06-07,2024-06-01,Friday,0,Pay Bill,9900.0,189.0,Pending,Orange Money,6,2024,2
TX_000891,USER_021,2024-06-19,2024-06-01,Wednesday,0,Send Money,29200.0,254.0,Success,MTN Mobile Money,6,2024,2
TX_000892,USER_021,2024-11-03,2024-11-01,Sunday,1,Withdraw Cash,51200.0,292.0,Failed,MTN Mobile Money,11,2024,4
TX_000893,USER_021,2024-07-20,2024-07-01,Saturday,1,Buy Airtime,300.0,2.0,Success,MTN Mobile Money,7,2024,3
TX_000894,USER_021,2024-12-27,2024-12-01,Friday,0,Receive Money,43000.0,482.0,Success,Orange Money,12,2024,4
TX_000895,USER_021,2024-11-24,2024-11-01,Sunday,1,Receive Money,10200.0,66.0,Failed,Orange Money,11,2024,4
TX_000896,USER_021,2024-12-31,2024-12-01,Tuesday,0,Buy Airtime,3400.0,23.0,Success,MTN Mobile Money,12,2024,4
TX_000897,USER_021,2024-07-23,2024-07-01,Tuesday,0,Send Money,10300.0,175.0,Success,MTN Mobile Money,7,2024,3
TX_000898,USER_021,2024-04-21,2024-04-01,Sunday,1,Send Money,18800.0,314.0,Success,MTN Mobile Money,4,2024,2
TX_000899,USER_021,2024-06-08,2024-06-01,Saturday,1,Receive Money,43900.0,873.0,Success,Orange Money,6,2024,2
TX_000900,USER_021,2024-07-30,2024-07-01,Tuesday,0,Save/Investment,25700.0,317.0,Success,MTN Mobile Money,7,2024,3
TX_000901,USER_021,2024-06-25,2024-06-01,Tuesday,0,Save/Investment,6600.0,112.0,Success,MTN Mobile Money,6,2024,2
TX_000902,USER_021,2024-09-01,2024-09-01,Sunday,1,Receive Money,41100.0,435.0,Success,Orange Money,9,2024,3
TX_000903,USER_021,2024-05-31,2024-05-01,Friday,0,Deposit Cash,4800.0,74.0,Success,MTN Mobile Money,5,2024,2
TX_000904,USER_021,2024-08-02,2024-08-01,Friday,0,Pay Bill,14400.0,206.0,Success,Orange Money,8,2024,3
TX_000905,USER_021,2024-03-08,2024-03-01,Friday,0,Send Money,37900.0,415.0,Success,Orange Money,3,2024,1
TX_000906,USER_021,2025-02-26,2025-02-01,Wednesday,0,Withdraw Cash,40300.0,464.0,Success,MTN Mobile Money,2,2025,1
TX_000907,USER_021,2024-11-29,2024-11-01,Friday,0,Receive Money,20100.0,302.0,Success,MTN Mobile Money,11,2024,4
TX_000908,USER_021,2024-05-04,2024-05-01,Saturday,1,Buy Airtime,3300.0,34.0,Success,MTN Mobile Money,5,2024,2
TX_000909,USER_021,2024-07-19,2024-07-01,Friday,0,Pay Bill,11900.0,161.0,Success,MTN Mobile Money,7,2024,3
TX_000910,USER_021,2024-03-24,2024-03-01,Sunday,1,Deposit Cash,18300.0,221.0,Success,MTN Mobile Money,3,2024,1
TX_000911,USER_021,2024-03-28,2024-03-01,Thursday,0,Receive Money,39000.0,527.0,Success,Orange Money,3,2024,1
TX_000912,USER_021,2024-12-09,2024-12-01,Monday,0,Pay Bill,3300.0,38.0,Success,Orange Money,12,2024,4
TX_000913,USER_021,2024-07-28,2024-07-01,Sunday,1,Pay Bill,12900.0,164.0,Success,Orange Money,7,2024,3
TX_000914,USER_021,2025-02-21,2025-02-01,Friday,0,Pay Bill,19100.0,165.0,Success,MTN Mobile Money,2,2025,1
TX_000915,USER_021,2024-05-04,2024-05-01,Saturday,1,Buy Airtime,3300.0,25.0,Success,Orange Money,5,2024,2
TX_000916,USER_021,2025-01-21,2025-01-01,Tuesday,0,Send Money,40100.0,418.0,Success,MTN Mobile Money,1,2025,1
TX_000917,USER_021,2024-11-07,2024-11-01,Thursday,0,Merchant Payment,7000.0,37.0,Success,MTN Mobile Money,11,2024,4
TX_000918,USER_021,2024-04-22,2024-04-01,Monday,0,Buy Airtime,1200.0,17.0,Success,MTN Mobile Money,4,2024,2
TX_000919,USER_021,2024-03-07,2024-03-01,Thursday,0,Withdraw Cash,64000.0,869.0,Success,Orange Money,3,2024,1
TX_000920,USER_022,2024-12-19,2024-12-01,Thursday,0,Send Money,63400.0,683.0,Success,Orange Money,12,2024,4
TX_000921,USER_022,2024-07-24,2024-07-01,Wednesday,0,Buy Airtime,3000.0,18.0,Success,Orange Money,7,2024,3
TX_000922,USER_022,2024-10-27,2024-10-01,Sunday,1,Send Money,58000.0,962.0,Success,Orange Money,10,2024,4
TX_000923,USER_022,2024-11-01,2024-11-01,Friday,0,Buy Airtime,200.0,2.0,Success,Orange Money,11,2024,4
TX_000924,USER_022,2024-10-12,2024-10-01,Saturday,1,Receive Money,69100.0,666.0,Success,Orange Money,10,2024,4
TX_000925,USER_022,2024-08-22,2024-08-01,Thursday,0,Receive Money,27000.0,361.0,Success,Orange Money,8,2024,3
TX_000926,USER_022,2024-06-03,2024-06-01,Monday,0,Buy Airtime,4100.0,75.0,Success,Orange Money,6,2024,2
TX_000927,USER_022,2024-03-27,2024-03-01,Wednesday,0,Send Money,59000.0,479.0,Success,Orange Money,3,2024,1
TX_000928,USER_022,2024-07-08,2024-07-01,Monday,0,Buy Airtime,1700.0,10.0,Success,Orange Money,7,2024,3
TX_000929,USER_022,2024-10-31,2024-10-01,Thursday,0,Send Money,72300.0,388.0,Success,Orange Money,10,2024,4
TX_000930,USER_022,2024-04-28,2024-04-01,Sunday,1,Pay Bill,11300.0,211.0,Success,Orange Money,4,2024,2
TX_000931,USER_022,2024-04-03,2024-04-01,Wednesday,0,Pay Bill,20700.0,393.0,Success,Orange Money,4,2024,2
TX_000932,USER_022,2024-09-22,2024-09-01,Sunday,1,Deposit Cash,9300.0,100.0,Success,Orange Money,9,2024,3
TX_000933,USER_022,2024-11-07,2024-11-01,Thursday,0,Merchant Payment,7700.0,56.0,Success,Orange Money,11,2024,4
TX_000934,USER_022,2024-04-07,2024-04-01,Sunday,1,Send Money,15000.0,292.0,Success,Orange Money,4,2024,2
TX_000935,USER_022,2024-12-21,2024-12-01,Saturday,1,Buy Airtime,3700.0,39.0,Success,Orange Money,12,2024,4
TX_000936,USER_022,2025-01-17,2025-01-01,Friday,0,Receive Money,25400.0,369.0,Success,Orange Money,1,2025,1
TX_000937,USER_022,2025-02-15,2025-02-01,Saturday,1,Send Money,42100.0,792.0,Success,Orange Money,2,2025,1
TX_000938,USER_022,2024-03-28,2024-03-01,Thursday,0,Receive Money,27100.0,786.0,Success,Orange Money,3,2024,1
TX_000939,USER_022,2024-05-17,2024-05-01,Friday,0,Send Money,52800.0,772.0,Success,Orange Money,5,2024,2
TX_000940,USER_022,2024-05-16,2024-05-01,Thursday,0,Withdraw Cash,90400.0,815.0,Success,Orange Money,5,2024,2
TX_000941,USER_022,2024-12-14,2024-12-01,Saturday,1,Send Money,48200.0,592.0,Success,Orange Money,12,2024,4
TX_000942,USER_022,2024-08-03,2024-08-01,Saturday,1,Merchant Payment,43600.0,731.0,Success,Orange Money,8,2024,3
TX_000943,USER_022,2024-04-13,2024-04-01,Saturday,1,Merchant Payment,5100.0,91.0,Success,Orange Money,4,2024,2
TX_000944,USER_022,2024-07-06,2024-07-01,Saturday,1,Send Money,53700.0,455.0,Success,Orange Money,7,2024,3
TX_000945,USER_022,2024-04-30,2024-04-01,Tuesday,0,Receive Money,5600.0,43.0,Success,Orange Money,4,2024,2
TX_000946,USER_022,2024-12-11,2024-12-01,Wednesday,0,Pay Bill,3400.0,52.0,Success,Orange Money,12,2024,4
TX_000947,USER_022,2024-09-30,2024-09-01,Monday,0,Merchant Payment,43600.0,407.0,Success,Orange Money,9,2024,3
TX_000948,USER_022,2025-01-05,2025-01-01,Sunday,1,Deposit Cash,98700.0,1379.0,Success,Orange Money,1,2025,1
TX_000949,USER_022,2024-12-31,2024-12-01,Tuesday,0,Buy Airtime,3200.0,47.0,Success,Orange Money,12,2024,4
TX_000950,USER_022,2025-01-11,2025-01-01,Saturday,1,Deposit Cash,96000.0,794.0,Success,Orange Money,1,2025,1
TX_000951,USER_022,2024-06-24,2024-06-01,Monday,0,Send Money,65700.0,995.0,Success,Orange Money,6,2024,2
TX_000952,USER_022,2024-11-23,2024-11-01,Saturday,1,Pay Bill,17800.0,171.0,Success,Orange Money,11,2024,4
TX_000953,USER_022,2024-09-11,2024-09-01,Wednesday,0,Deposit Cash,98100.0,1863.0,Failed,Orange Money,9,2024,3
TX_000954,USER_022,2024-10-17,2024-10-01,Thursday,0,Pay Bill,14600.0,228.0,Failed,Orange Money,10,2024,4
TX_000955,USER_022,2024-10-13,2024-10-01,Sunday,1,Send Money,24700.0,175.0,Success,Orange Money,10,2024,4
TX_000956,USER_022,2024-07-31,2024-07-01,Wednesday,0,Receive Money,26400.0,160.0,Success,Orange Money,7,2024,3
TX_000957,USER_022,2024-12-27,2024-12-01,Friday,0,Deposit Cash,24100.0,372.0,Success,Orange Money,12,2024,4
TX_000958,USER_022,2024-10-06,2024-10-01,Sunday,1,Deposit Cash,14100.0,277.0,Success,Orange Money,10,2024,4
TX_000959,USER_022,2024-08-04,2024-08-01,Sunday,1,Save/Investment,45600.0,380.0,Success,Orange Money,8,2024,3
TX_000960,USER_022,2024-12-17,2024-12-01,Tuesday,0,Receive Money,42400.0,321.0,Success,Orange Money,12,2024,4
TX_000961,USER_022,2025-01-12,2025-01-01,Sunday,1,Pay Bill,2000.0,14.0,Success,Orange Money,1,2025,1
TX_000962,USER_022,2024-03-31,2024-03-01,Sunday,1,Send Money,32000.0,388.0,Success,Orange Money,3,2024,1
TX_000963,USER_022,2025-01-07,2025-01-01,Tuesday,0,Deposit Cash,53500.0,643.0,Success,Orange Money,1,2025,1
TX_000964,USER_022,2024-04-20,2024-04-01,Saturday,1,Deposit Cash,89600.0,1595.0,Success,Orange Money,4,2024,2
TX_000965,USER_022,2024-06-15,2024-06-01,Saturday,1,Send Money,22500.0,128.0,Failed,Orange Money,6,2024,2
TX_000966,USER_022,2025-01-15,2025-01-01,Wednesday,0,Buy Airtime,3800.0,37.0,Success,Orange Money,1,2025,1
TX_000967,USER_022,2024-06-17,2024-06-01,Monday,0,Receive Money,600.0,6.0,Success,Orange Money,6,2024,2
TX_000968,USER_023,2024-07-14,2024-07-01,Sunday,1,Send Money,44500.0,565.0,Success,Orange Money,7,2024,3
TX_000969,USER_023,2025-02-02,2025-02-01,Sunday,1,Deposit Cash,75500.0,1207.0,Success,Orange Money,2,2025,1
TX_000970,USER_023,2024-04-11,2024-04-01,Thursday,0,Withdraw Cash,49050.0,374.0,Success,Orange Money,4,2024,2
TX_000971,USER_023,2024-05-20,2024-05-01,Monday,0,Receive Money,6300.0,102.0,Success,Orange Money,5,2024,2
TX_000972,USER_023,2024-07-01,2024-07-01,Monday,0,Receive Money,39000.0,1128.0,Success,Orange Money,7,2024,3
TX_000973,USER_023,2024-05-28,2024-05-01,Tuesday,0,Receive Money,39000.0,548.0,Success,Orange Money,5,2024,2
TX_000974,USER_023,2024-12-08,2024-12-01,Sunday,1,Send Money,36500.0,587.0,Success,Orange Money,12,2024,4
TX_000975,USER_023,2024-04-08,2024-04-01,Monday,0,Deposit Cash,87900.0,1459.0,Success,Orange Money,4,2024,2
TX_000976,USER_023,2024-05-20,2024-05-01,Monday,0,Send Money,43000.0,239.0,Success,Orange Money,5,2024,2
TX_000977,USER_023,2024-03-02,2024-03-01,Saturday,1,Receive Money,45200.0,415.0,Success,Orange Money,3,2024,1
TX_000978,USER_023,2024-09-26,2024-09-01,Thursday,0,Merchant Payment,20100.0,361.0,Success,Orange Money,9,2024,3
TX_000979,USER_023,2024-10-17,2024-10-01,Thursday,0,Buy Airtime,4300.0,43.0,Failed,Orange Money,10,2024,4
TX_000980,USER_023,2025-02-16,2025-02-01,Sunday,1,Send Money,2000.0,37.0,Success,Orange Money,2,2025,1
TX_000981,USER_023,2024-12-30,2024-12-01,Monday,0,Save/Investment,47600.0,336.0,Success,Orange Money,12,2024,4
TX_000982,USER_023,2024-10-27,2024-10-01,Sunday,1,Send Money,34500.0,204.0,Success,Orange Money,10,2024,4
TX_000983,USER_023,2024-07-28,2024-07-01,Sunday,1,Receive Money,35400.0,696.0,Success,Orange Money,7,2024,3
TX_000984,USER_023,2024-03-17,2024-03-01,Sunday,1,Withdraw Cash,54200.0,954.0,Success,Orange Money,3,2024,1
TX_000985,USER_023,2024-06-27,2024-06-01,Thursday,0,Withdraw Cash,99400.0,966.0,Success,Orange Money,6,2024,2
TX_000986,USER_023,2024-07-26,2024-07-01,Friday,0,Deposit Cash,91700.0,1446.0,Success,Orange Money,7,2024,3
TX_000987,USER_023,2025-02-25,2025-02-01,Tuesday,0,Receive Money,2200.0,36.0,Success,Orange Money,2,2025,1
TX_000988,USER_023,2024-07-23,2024-07-01,Tuesday,0,Deposit Cash,12700.0,96.0,Success,Orange Money,7,2024,3
TX_000989,USER_023,2025-02-23,2025-02-01,Sunday,1,Withdraw Cash,14800.0,172.0,Success,Orange Money,2,2025,1
TX_000990,USER_023,2024-10-19,2024-10-01,Saturday,1,Receive Money,9700.0,170.0,Success,Orange Money,10,2024,4
TX_000991,USER_023,2024-04-06,2024-04-01,Saturday,1,Send Money,64300.0,1267.0,Success,Orange Money,4,2024,2
TX_000992,USER_023,2025-02-15,2025-02-01,Saturday,1,Pay Bill,26500.0,511.0,Success,Orange Money,2,2025,1
TX_000993,USER_023,2024-06-28,2024-06-01,Friday,0,Pay Bill,18200.0,282.0,Success,Orange Money,6,2024,2
TX_000994,USER_023,2024-07-14,2024-07-01,Sunday,1,Pay Bill,25100.0,372.0,Success,Orange Money,7,2024,3
TX_000995,USER_023,2025-01-15,2025-01-01,Wednesday,0,Buy Airtime,700.0,8.0,Success,Orange Money,1,2025,1
TX_000996,USER_023,2024-12-27,2024-12-01,Friday,0,Receive Money,15300.0,295.0,Success,Orange Money,12,2024,4
TX_000997,USER_023,2025-02-02,2025-02-01,Sunday,1,Receive Money,77600.0,1243.0,Success,Orange Money,2,2025,1
TX_000998,USER_023,2024-06-10,2024-06-01,Monday,0,Deposit Cash,12500.0,195.0,Success,Orange Money,6,2024,2
TX_000999,USER_023,2024-10-04,2024-10-01,Friday,0,Deposit Cash,51300.0,734.0,Success,Orange Money,10,2024,4
TX_001000,USER_023,2024-04-28,2024-04-01,Sunday,1,Pay Bill,23300.0,336.0,Success,Orange Money,4,2024,2
TX_001001,USER_023,2024-12-04,2024-12-01,Wednesday,0,Pay Bill,16400.0,265.0,Success,Orange Money,12,2024,4
TX_001002,USER_023,2024-06-24,2024-06-01,Monday,0,Withdraw Cash,92500.0,1601.0,Success,Orange Money,6,2024,2
TX_001003,USER_023,2025-01-26,2025-01-01,Sunday,1,Withdraw Cash,92700.0,1324.0,Success,Orange Money,1,2025,1
TX_001004,USER_023,2024-05-16,2024-05-01,Thursday,0,Withdraw Cash,55600.0,480.0,Success,Orange Money,5,2024,2
TX_001005,USER_023,2024-07-15,2024-07-01,Monday,0,Save/Investment,33100.0,446.0,Failed,Orange Money,7,2024,3
TX_001006,USER_023,2024-05-12,2024-05-01,Sunday,1,Buy Airtime,2700.0,44.0,Success,Orange Money,5,2024,2
TX_001007,USER_023,2024-04-06,2024-04-01,Saturday,1,Send Money,38000.0,459.0,Success,Orange Money,4,2024,2
TX_001008,USER_023,2024-03-31,2024-03-01,Sunday,1,Pay Bill,13000.0,104.0,Success,Orange Money,3,2024,1
TX_001009,USER_023,2024-05-24,2024-05-01,Friday,0,Send Money,46300.0,824.0,Success,Orange Money,5,2024,2
TX_001010,USER_023,2024-08-05,2024-08-01,Monday,0,Receive Money,7400.0,59.0,Success,Orange Money,8,2024,3
TX_001011,USER_023,2024-12-30,2024-12-01,Monday,0,Receive Money,43700.0,370.0,Success,Orange Money,12,2024,4
TX_001012,USER_023,2024-12-17,2024-12-01,Tuesday,0,Receive Money,20000.0,344.0,Success,Orange Money,12,2024,4
TX_001013,USER_023,2024-07-26,2024-07-01,Friday,0,Send Money,45800.0,629.0,Success,Orange Money,7,2024,3
TX_001014,USER_023,2024-10-11,2024-10-01,Friday,0,Receive Money,35800.0,331.0,Success,Orange Money,10,2024,4
TX_001015,USER_023,2024-05-03,2024-05-01,Friday,0,Merchant Payment,36500.0,348.0,Success,Orange Money,5,2024,2
TX_001016,USER_023,2024-10-26,2024-10-01,Saturday,1,Receive Money,71300.0,479.0,Success,Orange Money,10,2024,4
TX_001017,USER_023,2025-02-16,2025-02-01,Sunday,1,Pay Bill,17900.0,245.0,Success,Orange Money,2,2025,1
TX_001018,USER_023,2024-08-03,2024-08-01,Saturday,1,Receive Money,40200.0,332.0,Success,Orange Money,8,2024,3
TX_001019,USER_023,2025-02-22,2025-02-01,Saturday,1,Send Money,39200.0,603.0,Success,Orange Money,2,2025,1
TX_001020,USER_023,2024-09-23,2024-09-01,Monday,0,Buy Airtime,4200.0,33.0,Success,Orange Money,9,2024,3
TX_001021,USER_023,2024-07-18,2024-07-01,Thursday,0,Buy Airtime,1600.0,18.0,Success,Orange Money,7,2024,3
TX_001022,USER_023,2024-11-12,2024-11-01,Tuesday,0,Withdraw Cash,79800.0,1396.0,Pending,Orange Money,11,2024,4
TX_001023,USER_023,2024-12-02,2024-12-01,Monday,0,Deposit Cash,60500.0,610.0,Success,Orange Money,12,2024,4
TX_001024,USER_023,2024-11-08,2024-11-01,Friday,0,Send Money,59700.0,698.0,Success,Orange Money,11,2024,4
TX_001025,USER_023,2024-10-11,2024-10-01,Friday,0,Send Money,31300.0,430.0,Success,Orange Money,10,2024,4
TX_001026,USER_023,2024-04-11,2024-04-01,Thursday,0,Buy Airtime,2500.0,37.0,Success,Orange Money,4,2024,2
TX_001027,USER_023,2025-01-01,2025-01-01,Wednesday,0,Send Money,47900.0,588.0,Success,Orange Money,1,2025,1
TX_001028,USER_023,2024-03-21,2024-03-01,Thursday,0,Receive Money,27100.0,115.0,Success,Orange Money,3,2024,1
TX_001029,USER_023,2024-10-08,2024-10-01,Tuesday,0,Buy Airtime,4000.0,38.0,Failed,Orange Money,10,2024,4
TX_001030,USER_023,2024-08-13,2024-08-01,Tuesday,0,Buy Airtime,3100.0,47.0,Success,Orange Money,8,2024,3
TX_001031,USER_023,2025-01-04,2025-01-01,Saturday,1,Pay Bill,13400.0,78.0,Success,Orange Money,1,2025,1
TX_001032,USER_023,2024-07-07,2024-07-01,Sunday,1,Receive Money,27000.0,292.0,Success,Orange Money,7,2024,3
TX_001033,USER_023,2024-03-14,2024-03-01,Thursday,0,Withdraw Cash,85800.0,1637.0,Success,Orange Money,3,2024,1
TX_001034,USER_023,2024-04-16,2024-04-01,Tuesday,0,Withdraw Cash,85700.0,966.0,Success,Orange Money,4,2024,2
TX_001035,USER_023,2024-06-26,2024-06-01,Wednesday,0,Merchant Payment,25900.0,323.0,Success,Orange Money,6,2024,2
TX_001036,USER_023,2025-02-09,2025-02-01,Sunday,1,Send Money,67400.0,958.0,Success,Orange Money,2,2025,1
TX_001037,USER_023,2024-12-20,2024-12-01,Friday,0,Send Money,44700.0,615.0,Success,Orange Money,12,2024,4
TX_001038,USER_023,2024-12-26,2024-12-01,Thursday,0,Deposit Cash,9300.0,96.0,Success,Orange Money,12,2024,4
TX_001039,USER_023,2024-03-11,2024-03-01,Monday,0,Receive Money,66300.0,1067.0,Success,Orange Money,3,2024,1
TX_001040,USER_023,2025-02-08,2025-02-01,Saturday,1,Send Money,11700.0,109.0,Success,Orange Money,2,2025,1
TX_001041,USER_023,2024-07-16,2024-07-01,Tuesday,0,Withdraw Cash,83800.0,1304.0,Failed,Orange Money,7,2024,3
TX_001042,USER_023,2024-12-21,2024-12-01,Saturday,1,Withdraw Cash,31300.0,281.0,Success,Orange Money,12,2024,4
TX_001043,USER_023,2024-03-21,2024-03-01,Thursday,0,Send Money,7900.0,103.0,Success,Orange Money,3,2024,1
TX_001044,USER_023,2024-05-29,2024-05-01,Wednesday,0,Send Money,63500.0,1091.0,Success,Orange Money,5,2024,2
TX_001045,USER_023,2024-10-27,2024-10-01,Sunday,1,Send Money,14400.0,225.0,Success,Orange Money,10,2024,4
TX_001046,USER_023,2024-11-21,2024-11-01,Thursday,0,Merchant Payment,29200.0,200.0,Success,Orange Money,11,2024,4
TX_001047,USER_023,2025-01-28,2025-01-01,Tuesday,0,Withdraw Cash,19200.0,191.0,Success,Orange Money,1,2025,1
TX_001048,USER_023,2024-10-13,2024-10-01,Sunday,1,Send Money,20300.0,226.0,Success,Orange Money,10,2024,4
TX_001049,USER_023,2024-07-21,2024-07-01,Sunday,1,Send Money,58400.0,1004.0,Success,Orange Money,7,2024,3
TX_001050,USER_023,2024-06-01,2024-06-01,Saturday,1,Withdraw Cash,39200.0,494.0,Success,Orange Money,6,2024,2
TX_001051,USER_023,2024-12-25,2024-12-01,Wednesday,0,Withdraw Cash,80700.0,569.0,Success,Orange Money,12,2024,4
TX_001052,USER_023,2024-10-10,2024-10-01,Thursday,0,Merchant Payment,19500.0,182.0,Success,Orange Money,10,2024,4
TX_001053,USER_023,2025-01-20,2025-01-01,Monday,0,Deposit Cash,86400.0,842.0,Success,Orange Money,1,2025,1
TX_001054,USER_023,2024-11-07,2024-11-01,Thursday,0,Send Money,4400.0,63.0,Success,Orange Money,11,2024,4
TX_001055,USER_023,2024-04-16,2024-04-01,Tuesday,0,Receive Money,54000.0,543.0,Success,Orange Money,4,2024,2
TX_001056,USER_023,2024-10-27,2024-10-01,Sunday,1,Receive Money,36900.0,448.0,Success,Orange Money,10,2024,4
TX_001057,USER_023,2024-08-26,2024-08-01,Monday,0,Withdraw Cash,46200.0,817.0,Success,Orange Money,8,2024,3
TX_001058,USER_023,2024-09-26,2024-09-01,Thursday,0,Receive Money,66300.0,707.0,Pending,Orange Money,9,2024,3
TX_001059,USER_023,2024-08-18,2024-08-01,Sunday,1,Pay Bill,24000.0,265.0,Success,Orange Money,8,2024,3
TX_001060,USER_023,2024-08-12,2024-08-01,Monday,0,Receive Money,57700.0,762.0,Failed,Orange Money,8,2024,3
TX_001061,USER_023,2025-02-07,2025-02-01,Friday,0,Receive Money,8500.0,93.0,Success,Orange Money,2,2025,1
TX_001062,USER_023,2024-04-23,2024-04-01,Tuesday,0,Deposit Cash,35300.0,523.0,Success,Orange Money,4,2024,2
TX_001063,USER_023,2024-05-22,2024-05-01,Wednesday,0,Buy Airtime,4400.0,37.0,Success,Orange Money,5,2024,2
TX_001064,USER_023,2024-08-16,2024-08-01,Friday,0,Save/Investment,43500.0,586.0,Success,Orange Money,8,2024,3
TX_001065,USER_023,2024-09-27,2024-09-01,Friday,0,Receive Money,41600.0,737.0,Success,Orange Money,9,2024,3
TX_001066,USER_023,2025-02-19,2025-02-01,Wednesday,0,Receive Money,16500.0,148.0,Success,Orange Money,2,2025,1
TX_001067,USER_023,2024-11-09,2024-11-01,Saturday,1,Send Money,33800.0,226.0,Success,Orange Money,11,2024,4
TX_001068,USER_023,2024-07-26,2024-07-01,Friday,0,Buy Airtime,900.0,5.0,Success,Orange Money,7,2024,3
TX_001069,USER_023,2025-02-03,2025-02-01,Monday,0,Receive Money,41500.0,271.0,Success,Orange Money,2,2025,1
TX_001070,USER_023,2024-09-22,2024-09-01,Sunday,1,Merchant Payment,37200.0,483.0,Success,Orange Money,9,2024,3
TX_001071,USER_023,2024-12-07,2024-12-01,Saturday,1,Withdraw Cash,2000.0,22.0,Success,Orange Money,12,2024,4
TX_001072,USER_023,2024-03-19,2024-03-01,Tuesday,0,Receive Money,3300.0,53.0,Success,Orange Money,3,2024,1
TX_001073,USER_023,2024-10-19,2024-10-01,Saturday,1,Send Money,43200.0,340.0,Success,Orange Money,10,2024,4
TX_001074,USER_023,2024-04-15,2024-04-01,Monday,0,Receive Money,25600.0,452.0,Success,Orange Money,4,2024,2
TX_001075,USER_024,2024-08-09,2024-08-01,Friday,0,Buy Airtime,2100.0,20.0,Success,MTN Mobile Money,8,2024,3
TX_001076,USER_024,2024-07-08,2024-07-01,Monday,0,Send Money,30200.0,246.0,Success,MTN Mobile Money,7,2024,3
TX_001077,USER_024,2024-08-13,2024-08-01,Tuesday,0,Merchant Payment,49800.0,585.0,Success,MTN Mobile Money,8,2024,3
TX_001078,USER_024,2024-04-29,2024-04-01,Monday,0,Pay Bill,25600.0,207.0,Failed,MTN Mobile Money,4,2024,2
TX_001079,USER_024,2024-09-23,2024-09-01,Monday,0,Receive Money,78900.0,1387.0,Success,MTN Mobile Money,9,2024,3
TX_001080,USER_024,2024-11-19,2024-11-01,Tuesday,0,Receive Money,1200.0,13.0,Success,MTN Mobile Money,11,2024,4
TX_001081,USER_024,2024-03-01,2024-03-01,Friday,0,Send Money,40700.0,450.0,Success,MTN Mobile Money,3,2024,1
TX_001082,USER_024,2025-01-31,2025-01-01,Friday,0,Buy Airtime,700.0,14.0,Success,MTN Mobile Money,1,2025,1
TX_001083,USER_024,2024-12-03,2024-12-01,Tuesday,0,Pay Bill,15200.0,261.0,Success,MTN Mobile Money,12,2024,4
TX_001084,USER_024,2024-10-23,2024-10-01,Wednesday,0,Pay Bill,19200.0,158.0,Success,MTN Mobile Money,10,2024,4
TX_001085,USER_024,2024-09-28,2024-09-01,Saturday,1,Merchant Payment,26800.0,274.0,Success,MTN Mobile Money,9,2024,3
TX_001086,USER_024,2024-03-28,2024-03-01,Thursday,0,Receive Money,32200.0,278.0,Success,MTN Mobile Money,3,2024,1
TX_001087,USER_024,2024-06-05,2024-06-01,Wednesday,0,Save/Investment,46000.0,262.0,Success,MTN Mobile Money,6,2024,2
TX_001088,USER_024,2024-11-21,2024-11-01,Thursday,0,Pay Bill,7900.0,114.0,Success,MTN Mobile Money,11,2024,4
TX_001089,USER_024,2024-09-02,2024-09-01,Monday,0,Deposit Cash,74300.0,976.0,Success,MTN Mobile Money,9,2024,3
TX_001090,USER_024,2025-01-13,2025-01-01,Monday,0,Receive Money,47600.0,587.0,Success,MTN Mobile Money,1,2025,1
TX_001091,USER_024,2024-11-11,2024-11-01,Monday,0,Receive Money,23700.0,447.0,Success,MTN Mobile Money,11,2024,4
TX_001092,USER_024,2025-01-15,2025-01-01,Wednesday,0,Receive Money,29900.0,447.0,Success,MTN Mobile Money,1,2025,1
TX_001093,USER_024,2024-10-13,2024-10-01,Sunday,1,Save/Investment,43300.0,591.0,Success,MTN Mobile Money,10,2024,4
TX_001094,USER_024,2024-03-27,2024-03-01,Wednesday,0,Send Money,27400.0,464.0,Success,MTN Mobile Money,3,2024,1
TX_001095,USER_024,2024-06-13,2024-06-01,Thursday,0,Receive Money,47000.0,416.0,Failed,MTN Mobile Money,6,2024,2
TX_001096,USER_024,2024-07-15,2024-07-01,Monday,0,Send Money,63900.0,806.0,Success,MTN Mobile Money,7,2024,3
TX_001097,USER_024,2024-12-07,2024-12-01,Saturday,1,Receive Money,41400.0,739.0,Success,MTN Mobile Money,12,2024,4
TX_001098,USER_024,2024-05-07,2024-05-01,Tuesday,0,Receive Money,43100.0,679.0,Success,MTN Mobile Money,5,2024,2
TX_001099,USER_024,2024-07-26,2024-07-01,Friday,0,Merchant Payment,14900.0,181.0,Success,MTN Mobile Money,7,2024,3
TX_001100,USER_024,2024-10-11,2024-10-01,Friday,0,Withdraw Cash,86500.0,1726.0,Success,MTN Mobile Money,10,2024,4
TX_001101,USER_024,2025-02-21,2025-02-01,Friday,0,Send Money,2900.0,46.0,Success,MTN Mobile Money,2,2025,1
TX_001102,USER_024,2024-11-04,2024-11-01,Monday,0,Receive Money,13100.0,78.0,Success,MTN Mobile Money,11,2024,4
TX_001103,USER_024,2024-05-02,2024-05-01,Thursday,0,Receive Money,32400.0,406.0,Success,MTN Mobile Money,5,2024,2
TX_001104,USER_024,2024-03-15,2024-03-01,Friday,0,Buy Airtime,3100.0,24.0,Success,MTN Mobile Money,3,2024,1
TX_001105,USER_024,2025-01-17,2025-01-01,Friday,0,Withdraw Cash,97400.0,781.0,Success,MTN Mobile Money,1,2025,1
TX_001106,USER_024,2025-01-06,2025-01-01,Monday,0,Send Money,30400.0,526.0,Success,MTN Mobile Money,1,2025,1
TX_001107,USER_024,2024-07-01,2024-07-01,Monday,0,Pay Bill,10500.0,61.0,Success,MTN Mobile Money,7,2024,3
TX_001108,USER_024,2025-02-27,2025-02-01,Thursday,0,Receive Money,28500.0,444.0,Success,MTN Mobile Money,2,2025,1
TX_001109,USER_024,2024-05-21,2024-05-01,Tuesday,0,Send Money,76900.0,1118.0,Success,MTN Mobile Money,5,2024,2
TX_001110,USER_024,2024-08-07,2024-08-01,Wednesday,0,Send Money,4200.0,22.0,Success,MTN Mobile Money,8,2024,3
TX_001111,USER_024,2024-12-08,2024-12-01,Sunday,1,Pay Bill,28100.0,333.0,Success,MTN Mobile Money,12,2024,4
TX_001112,USER_024,2024-03-08,2024-03-01,Friday,0,Buy Airtime,600.0,8.0,Success,MTN Mobile Money,3,2024,1
TX_001113,USER_024,2024-12-08,2024-12-01,Sunday,1,Deposit Cash,98700.0,865.0,Success,MTN Mobile Money,12,2024,4
TX_001114,USER_024,2024-09-25,2024-09-01,Wednesday,0,Merchant Payment,39300.0,484.0,Failed,MTN Mobile Money,9,2024,3
TX_001115,USER_024,2024-04-17,2024-04-01,Wednesday,0,Send Money,74500.0,429.0,Success,MTN Mobile Money,4,2024,2
TX_001116,USER_024,2024-06-24,2024-06-01,Monday,0,Merchant Payment,13300.0,161.0,Success,MTN Mobile Money,6,2024,2
TX_001117,USER_024,2024-04-28,2024-04-01,Sunday,1,Save/Investment,41300.0,646.0,Success,MTN Mobile Money,4,2024,2
TX_001118,USER_024,2024-10-23,2024-10-01,Wednesday,0,Deposit Cash,39800.0,466.0,Success,MTN Mobile Money,10,2024,4
TX_001119,USER_024,2024-04-30,2024-04-01,Tuesday,0,Receive Money,5600.0,34.0,Success,MTN Mobile Money,4,2024,2
TX_001120,USER_024,2025-01-26,2025-01-01,Sunday,1,Deposit Cash,47800.0,750.0,Success,MTN Mobile Money,1,2025,1
TX_001121,USER_024,2024-05-18,2024-05-01,Saturday,1,Receive Money,28100.0,475.0,Success,MTN Mobile Money,5,2024,2
TX_001122,USER_024,2024-11-11,2024-11-01,Monday,0,Merchant Payment,34000.0,461.0,Success,MTN Mobile Money,11,2024,4
TX_001123,USER_024,2024-07-28,2024-07-01,Sunday,1,Merchant Payment,39500.0,212.0,Success,MTN Mobile Money,7,2024,3
TX_001124,USER_024,2024-11-16,2024-11-01,Saturday,1,Withdraw Cash,75100.0,616.0,Success,MTN Mobile Money,11,2024,4
TX_001125,USER_024,2025-02-25,2025-02-01,Tuesday,0,Save/Investment,12200.0,223.0,Success,MTN Mobile Money,2,2025,1
TX_001126,USER_024,2024-07-18,2024-07-01,Thursday,0,Send Money,10800.0,63.0,Success,MTN Mobile Money,7,2024,3
TX_001127,USER_024,2024-09-29,2024-09-01,Sunday,1,Send Money,22100.0,145.0,Success,MTN Mobile Money,9,2024,3
TX_001128,USER_024,2024-11-03,2024-11-01,Sunday,1,Send Money,53600.0,375.0,Success,MTN Mobile Money,11,2024,4
TX_001129,USER_024,2024-10-28,2024-10-01,Monday,0,Deposit Cash,2400.0,44.0,Success,MTN Mobile Money,10,2024,4
TX_001130,USER_024,2024-07-03,2024-07-01,Wednesday,0,Receive Money,3100.0,31.0,Success,MTN Mobile Money,7,2024,3
TX_001131,USER_024,2024-10-20,2024-10-01,Sunday,1,Deposit Cash,34500.0,538.0,Success,MTN Mobile Money,10,2024,4
TX_001132,USER_024,2024-12-08,2024-12-01,Sunday,1,Withdraw Cash,24400.0,175.0,Success,MTN Mobile Money,12,2024,4
TX_001133,USER_024,2024-05-14,2024-05-01,Tuesday,0,Send Money,41300.0,730.0,Success,MTN Mobile Money,5,2024,2
TX_001134,USER_024,2024-09-13,2024-09-01,Friday,0,Withdraw Cash,65800.0,1190.0,Success,MTN Mobile Money,9,2024,3
TX_001135,USER_024,2024-06-06,2024-06-01,Thursday,0,Pay Bill,27800.0,414.0,Success,MTN Mobile Money,6,2024,2
TX_001136,USER_024,2025-01-01,2025-01-01,Wednesday,0,Send Money,21400.0,294.0,Success,MTN Mobile Money,1,2025,1
TX_001137,USER_024,2024-11-16,2024-11-01,Saturday,1,Send Money,48200.0,639.0,Success,MTN Mobile Money,11,2024,4
TX_001138,USER_024,2024-05-09,2024-05-01,Thursday,0,Withdraw Cash,83900.0,826.0,Success,MTN Mobile Money,5,2024,2
TX_001139,USER_024,2024-04-05,2024-04-01,Friday,0,Send Money,14300.0,129.0,Success,MTN Mobile Money,4,2024,2
TX_001140,USER_024,2024-07-20,2024-07-01,Saturday,1,Receive Money,9000.0,156.0,Success,MTN Mobile Money,7,2024,3
TX_001141,USER_024,2024-09-29,2024-09-01,Sunday,1,Withdraw Cash,5700.0,110.0,Success,MTN Mobile Money,9,2024,3
TX_001142,USER_024,2024-08-22,2024-08-01,Thursday,0,Send Money,61200.0,778.0,Success,MTN Mobile Money,8,2024,3
TX_001143,USER_024,2024-11-15,2024-11-01,Friday,0,Buy Airtime,3200.0,54.0,Success,MTN Mobile Money,11,2024,4
TX_001144,USER_024,2024-07-15,2024-07-01,Monday,0,Send Money,68100.0,730.0,Success,MTN Mobile Money,7,2024,3
TX_001145,USER_024,2024-03-02,2024-03-01,Saturday,1,Send Money,39600.0,784.0,Success,MTN Mobile Money,3,2024,1
TX_001146,USER_024,2024-07-23,2024-07-01,Tuesday,0,Receive Money,55100.0,949.0,Success,MTN Mobile Money,7,2024,3
TX_001147,USER_024,2024-07-31,2024-07-01,Wednesday,0,Receive Money,75100.0,1138.0,Success,MTN Mobile Money,7,2024,3
TX_001148,USER_024,2024-12-26,2024-12-01,Thursday,0,Send Money,38900.0,323.0,Success,MTN Mobile Money,12,2024,4
TX_001149,USER_024,2024-12-22,2024-12-01,Sunday,1,Merchant Payment,4700.0,74.0,Success,MTN Mobile Money,12,2024,4
TX_001150,USER_024,2025-02-01,2025-02-01,Saturday,1,Withdraw Cash,72500.0,371.0,Success,MTN Mobile Money,2,2025,1
TX_001151,USER_024,2024-11-06,2024-11-01,Wednesday,0,Send Money,69400.0,1254.0,Success,MTN Mobile Money,11,2024,4
TX_001152,USER_024,2024-05-16,2024-05-01,Thursday,0,Pay Bill,9800.0,154.0,Success,MTN Mobile Money,5,2024,2
TX_001153,USER_024,2024-10-15,2024-10-01,Tuesday,0,Receive Money,34900.0,222.0,Success,MTN Mobile Money,10,2024,4
TX_001154,USER_024,2024-12-01,2024-12-01,Sunday,1,Send Money,51700.0,400.0,Success,MTN Mobile Money,12,2024,4
TX_001155,USER_024,2024-11-03,2024-11-01,Sunday,1,Buy Airtime,5000.0,83.0,Success,MTN Mobile Money,11,2024,4
TX_001156,USER_024,2024-08-24,2024-08-01,Saturday,1,Send Money,69400.0,809.0,Success,MTN Mobile Money,8,2024,3
TX_001157,USER_024,2024-08-18,2024-08-01,Sunday,1,Deposit Cash,81800.0,1616.0,Success,MTN Mobile Money,8,2024,3
TX_001158,USER_025,2024-12-08,2024-12-01,Sunday,1,Buy Airtime,4200.0,46.0,Success,MTN Mobile Money,12,2024,4
TX_001159,USER_025,2024-12-04,2024-12-01,Wednesday,0,Buy Airtime,200.0,2.0,Success,MTN Mobile Money,12,2024,4
TX_001160,USER_025,2024-09-10,2024-09-01,Tuesday,0,Withdraw Cash,32800.0,433.0,Success,MTN Mobile Money,9,2024,3
TX_001161,USER_025,2024-10-20,2024-10-01,Sunday,1,Pay Bill,3200.0,38.0,Success,MTN Mobile Money,10,2024,4
TX_001162,USER_025,2024-08-12,2024-08-01,Monday,0,Merchant Payment,11500.0,170.0,Success,MTN Mobile Money,8,2024,3
TX_001163,USER_025,2024-06-05,2024-06-01,Wednesday,0,Pay Bill,30700.0,291.0,Success,MTN Mobile Money,6,2024,2
TX_001164,USER_025,2025-02-21,2025-02-01,Friday,0,Send Money,44400.0,636.0,Success,MTN Mobile Money,2,2025,1
TX_001165,USER_025,2024-07-01,2024-07-01,Monday,0,Merchant Payment,56700.0,657.0,Success,MTN Mobile Money,7,2024,3
TX_001166,USER_025,2024-12-18,2024-12-01,Wednesday,0,Pay Bill,41700.0,375.0,Success,MTN Mobile Money,12,2024,4
TX_001167,USER_025,2024-09-13,2024-09-01,Friday,0,Receive Money,116900.0,746.0,Success,MTN Mobile Money,9,2024,3
TX_001168,USER_025,2024-06-28,2024-06-01,Friday,0,Pay Bill,17300.0,155.0,Success,MTN Mobile Money,6,2024,2
TX_001169,USER_025,2024-09-27,2024-09-01,Friday,0,Save/Investment,20500.0,134.0,Success,MTN Mobile Money,9,2024,3
TX_001170,USER_025,2024-03-23,2024-03-01,Saturday,1,Pay Bill,29200.0,438.0,Success,MTN Mobile Money,3,2024,1
TX_001171,USER_025,2024-08-10,2024-08-01,Saturday,1,Merchant Payment,39400.0,273.0,Success,MTN Mobile Money,8,2024,3
TX_001172,USER_025,2024-10-29,2024-10-01,Tuesday,0,Buy Airtime,3000.0,43.0,Success,MTN Mobile Money,10,2024,4
TX_001173,USER_025,2025-02-25,2025-02-01,Tuesday,0,Pay Bill,48700.0,341.0,Success,MTN Mobile Money,2,2025,1
TX_001174,USER_025,2024-09-12,2024-09-01,Thursday,0,Deposit Cash,116900.0,2062.0,Success,MTN Mobile Money,9,2024,3
TX_001175,USER_025,2024-09-14,2024-09-01,Saturday,1,Buy Airtime,8400.0,150.0,Success,MTN Mobile Money,9,2024,3
TX_001176,USER_025,2025-02-03,2025-02-01,Monday,0,Pay Bill,26000.0,438.0,Success,MTN Mobile Money,2,2025,1
TX_001177,USER_025,2025-01-28,2025-01-01,Tuesday,0,Buy Airtime,9000.0,55.0,Success,MTN Mobile Money,1,2025,1
TX_001178,USER_025,2024-05-17,2024-05-01,Friday,0,Pay Bill,20000.0,106.0,Success,MTN Mobile Money,5,2024,2
TX_001179,USER_025,2024-11-09,2024-11-01,Saturday,1,Withdraw Cash,116900.0,2015.0,Success,MTN Mobile Money,11,2024,4
TX_001180,USER_025,2024-03-19,2024-03-01,Tuesday,0,Receive Money,110800.0,1803.0,Success,MTN Mobile Money,3,2024,1
TX_001181,USER_025,2024-05-04,2024-05-01,Saturday,1,Receive Money,14800.0,88.0,Success,MTN Mobile Money,5,2024,2
TX_001182,USER_025,2024-11-13,2024-11-01,Wednesday,0,Deposit Cash,116900.0,1851.0,Success,MTN Mobile Money,11,2024,4
TX_001183,USER_025,2024-12-28,2024-12-01,Saturday,1,Merchant Payment,25000.0,274.0,Failed,MTN Mobile Money,12,2024,4
TX_001184,USER_025,2024-08-17,2024-08-01,Saturday,1,Receive Money,116900.0,2597.0,Success,MTN Mobile Money,8,2024,3
TX_001185,USER_025,2024-04-21,2024-04-01,Sunday,1,Deposit Cash,116900.0,2098.0,Success,MTN Mobile Money,4,2024,2
TX_001186,USER_025,2024-10-12,2024-10-01,Saturday,1,Send Money,50000.0,750.0,Success,MTN Mobile Money,10,2024,4
TX_001187,USER_025,2024-04-21,2024-04-01,Sunday,1,Send Money,20900.0,329.0,Pending,MTN Mobile Money,4,2024,2
TX_001188,USER_025,2024-11-25,2024-11-01,Monday,0,Save/Investment,44900.0,810.0,Success,MTN Mobile Money,11,2024,4
TX_001189,USER_025,2024-10-20,2024-10-01,Sunday,1,Pay Bill,31700.0,224.0,Failed,MTN Mobile Money,10,2024,4
TX_001190,USER_025,2024-03-08,2024-03-01,Friday,0,Receive Money,64700.0,975.0,Success,MTN Mobile Money,3,2024,1
TX_001191,USER_025,2024-05-13,2024-05-01,Monday,0,Receive Money,91200.0,490.0,Success,MTN Mobile Money,5,2024,2
TX_001192,USER_025,2024-09-26,2024-09-01,Thursday,0,Pay Bill,33400.0,484.0,Success,MTN Mobile Money,9,2024,3
TX_001193,USER_025,2025-01-30,2025-01-01,Thursday,0,Buy Airtime,6200.0,101.0,Success,MTN Mobile Money,1,2025,1
TX_001194,USER_025,2024-05-19,2024-05-01,Sunday,1,Deposit Cash,35600.0,392.0,Failed,MTN Mobile Money,5,2024,2
TX_001195,USER_025,2024-04-08,2024-04-01,Monday,0,Receive Money,18800.0,242.0,Success,MTN Mobile Money,4,2024,2
TX_001196,USER_025,2024-10-27,2024-10-01,Sunday,1,Receive Money,116900.0,1887.0,Success,MTN Mobile Money,10,2024,4
TX_001197,USER_025,2024-07-14,2024-07-01,Sunday,1,Save/Investment,87000.0,1010.0,Success,MTN Mobile Money,7,2024,3
TX_001198,USER_025,2024-08-21,2024-08-01,Wednesday,0,Deposit Cash,116900.0,1979.0,Success,MTN Mobile Money,8,2024,3
TX_001199,USER_025,2025-01-14,2025-01-01,Tuesday,0,Withdraw Cash,52400.0,807.0,Success,MTN Mobile Money,1,2025,1
TX_001200,USER_026,2025-02-18,2025-02-01,Tuesday,0,Withdraw Cash,43600.0,269.0,Success,MTN Mobile Money,2,2025,1
TX_001201,USER_026,2024-09-20,2024-09-01,Friday,0,Receive Money,18600.0,261.0,Success,MTN Mobile Money,9,2024,3
TX_001202,USER_026,2025-01-27,2025-01-01,Monday,0,Withdraw Cash,5600.0,83.0,Success,MTN Mobile Money,1,2025,1
TX_001203,USER_026,2024-04-11,2024-04-01,Thursday,0,Withdraw Cash,35200.0,678.0,Success,MTN Mobile Money,4,2024,2
TX_001204,USER_026,2024-08-16,2024-08-01,Friday,0,Send Money,24400.0,134.0,Failed,MTN Mobile Money,8,2024,3
TX_001205,USER_026,2025-02-09,2025-02-01,Sunday,1,Receive Money,44300.0,736.0,Success,MTN Mobile Money,2,2025,1
TX_001206,USER_026,2024-11-29,2024-11-01,Friday,0,Buy Airtime,200.0,2.0,Success,MTN Mobile Money,11,2024,4
TX_001207,USER_026,2024-09-11,2024-09-01,Wednesday,0,Merchant Payment,34200.0,285.0,Success,MTN Mobile Money,9,2024,3
TX_001208,USER_026,2024-08-10,2024-08-01,Saturday,1,Withdraw Cash,18300.0,337.0,Success,MTN Mobile Money,8,2024,3
TX_001209,USER_026,2025-01-15,2025-01-01,Wednesday,0,Receive Money,46700.0,579.0,Success,MTN Mobile Money,1,2025,1
TX_001210,USER_026,2024-11-05,2024-11-01,Tuesday,0,Merchant Payment,5900.0,30.0,Pending,MTN Mobile Money,11,2024,4
TX_001211,USER_026,2024-12-03,2024-12-01,Tuesday,0,Merchant Payment,2100.0,37.0,Success,MTN Mobile Money,12,2024,4
TX_001212,USER_026,2024-03-19,2024-03-01,Tuesday,0,Receive Money,49300.0,392.0,Failed,MTN Mobile Money,3,2024,1
TX_001213,USER_026,2025-01-11,2025-01-01,Saturday,1,Receive Money,34500.0,288.0,Success,MTN Mobile Money,1,2025,1
TX_001214,USER_026,2024-04-05,2024-04-01,Friday,0,Withdraw Cash,13900.0,178.0,Success,MTN Mobile Money,4,2024,2
TX_001215,USER_026,2024-06-29,2024-06-01,Saturday,1,Send Money,45900.0,461.0,Success,MTN Mobile Money,6,2024,2
TX_001216,USER_026,2025-01-18,2025-01-01,Saturday,1,Pay Bill,11100.0,73.0,Success,MTN Mobile Money,1,2025,1
TX_001217,USER_026,2025-02-14,2025-02-01,Friday,0,Pay Bill,15600.0,275.0,Success,MTN Mobile Money,2,2025,1
TX_001218,USER_026,2024-07-26,2024-07-01,Friday,0,Send Money,13500.0,101.0,Success,MTN Mobile Money,7,2024,3
TX_001219,USER_026,2024-06-25,2024-06-01,Tuesday,0,Receive Money,13100.0,108.0,Success,MTN Mobile Money,6,2024,2
TX_001220,USER_026,2024-04-16,2024-04-01,Tuesday,0,Send Money,6100.0,46.0,Success,MTN Mobile Money,4,2024,2
TX_001221,USER_026,2024-10-09,2024-10-01,Wednesday,0,Pay Bill,3600.0,41.0,Success,MTN Mobile Money,10,2024,4
TX_001222,USER_026,2024-04-20,2024-04-01,Saturday,1,Send Money,700.0,8.0,Success,MTN Mobile Money,4,2024,2
TX_001223,USER_026,2025-01-19,2025-01-01,Sunday,1,Receive Money,7700.0,141.0,Success,MTN Mobile Money,1,2025,1
TX_001224,USER_026,2025-02-24,2025-02-01,Monday,0,Receive Money,48000.0,828.0,Success,MTN Mobile Money,2,2025,1
TX_001225,USER_026,2024-04-21,2024-04-01,Sunday,1,Pay Bill,5100.0,31.0,Success,MTN Mobile Money,4,2024,2
TX_001226,USER_026,2024-10-14,2024-10-01,Monday,0,Send Money,25400.0,485.0,Failed,MTN Mobile Money,10,2024,4
TX_001227,USER_026,2024-05-25,2024-05-01,Saturday,1,Receive Money,35100.0,425.0,Success,MTN Mobile Money,5,2024,2
TX_001228,USER_026,2025-02-19,2025-02-01,Wednesday,0,Receive Money,600.0,4.0,Success,MTN Mobile Money,2,2025,1
TX_001229,USER_026,2024-08-01,2024-08-01,Thursday,0,Receive Money,39000.0,675.0,Success,MTN Mobile Money,8,2024,3
TX_001230,USER_026,2024-03-15,2024-03-01,Friday,0,Pay Bill,2600.0,48.0,Failed,MTN Mobile Money,3,2024,1
TX_001231,USER_026,2024-03-24,2024-03-01,Sunday,1,Save/Investment,30400.0,231.0,Success,MTN Mobile Money,3,2024,1
TX_001232,USER_026,2024-08-14,2024-08-01,Wednesday,0,Buy Airtime,3200.0,25.0,Success,MTN Mobile Money,8,2024,3
TX_001233,USER_026,2024-03-29,2024-03-01,Friday,0,Deposit Cash,6000.0,67.0,Success,MTN Mobile Money,3,2024,1
TX_001234,USER_026,2024-07-29,2024-07-01,Monday,0,Receive Money,5000.0,83.0,Success,MTN Mobile Money,7,2024,3
TX_001235,USER_026,2024-08-31,2024-08-01,Saturday,1,Save/Investment,12300.0,73.0,Success,MTN Mobile Money,8,2024,3
TX_001236,USER_026,2024-09-08,2024-09-01,Sunday,1,Buy Airtime,800.0,13.0,Success,MTN Mobile Money,9,2024,3
TX_001237,USER_026,2024-10-07,2024-10-01,Monday,0,Receive Money,5500.0,60.0,Success,MTN Mobile Money,10,2024,4
TX_001238,USER_026,2024-05-14,2024-05-01,Tuesday,0,Pay Bill,15100.0,281.0,Success,MTN Mobile Money,5,2024,2
TX_001239,USER_026,2024-07-04,2024-07-01,Thursday,0,Send Money,1400.0,10.0,Success,MTN Mobile Money,7,2024,3
TX_001240,USER_026,2024-11-27,2024-11-01,Wednesday,0,Withdraw Cash,55200.0,478.0,Success,MTN Mobile Money,11,2024,4
TX_001241,USER_026,2024-09-27,2024-09-01,Friday,0,Pay Bill,2000.0,28.0,Pending,MTN Mobile Money,9,2024,3
TX_001242,USER_026,2024-12-15,2024-12-01,Sunday,1,Receive Money,42200.0,528.0,Success,MTN Mobile Money,12,2024,4
TX_001243,USER_026,2025-02-13,2025-02-01,Thursday,0,Buy Airtime,1100.0,6.0,Success,MTN Mobile Money,2,2025,1
TX_001244,USER_026,2024-06-01,2024-06-01,Saturday,1,Deposit Cash,24600.0,267.0,Success,MTN Mobile Money,6,2024,2
TX_001245,USER_026,2024-05-27,2024-05-01,Monday,0,Deposit Cash,50200.0,438.0,Success,MTN Mobile Money,5,2024,2
TX_001246,USER_026,2024-05-29,2024-05-01,Wednesday,0,Send Money,35200.0,191.0,Success,MTN Mobile Money,5,2024,2
TX_001247,USER_026,2024-04-10,2024-04-01,Wednesday,0,Receive Money,25400.0,259.0,Success,MTN Mobile Money,4,2024,2
TX_001248,USER_026,2025-01-07,2025-01-01,Tuesday,0,Buy Airtime,3100.0,60.0,Success,MTN Mobile Money,1,2025,1
TX_001249,USER_026,2024-09-12,2024-09-01,Thursday,0,Withdraw Cash,46700.0,474.0,Success,MTN Mobile Money,9,2024,3
TX_001250,USER_026,2025-01-12,2025-01-01,Sunday,1,Withdraw Cash,66200.0,959.0,Success,MTN Mobile Money,1,2025,1
TX_001251,USER_026,2025-02-13,2025-02-01,Thursday,0,Buy Airtime,800.0,13.0,Success,MTN Mobile Money,2,2025,1
TX_001252,USER_026,2024-07-02,2024-07-01,Tuesday,0,Send Money,49200.0,445.0,Pending,MTN Mobile Money,7,2024,3
TX_001253,USER_026,2024-11-10,2024-11-01,Sunday,1,Receive Money,39000.0,105.0,Success,MTN Mobile Money,11,2024,4
TX_001254,USER_026,2024-12-24,2024-12-01,Tuesday,0,Send Money,32500.0,454.0,Success,MTN Mobile Money,12,2024,4
TX_001255,USER_026,2024-05-13,2024-05-01,Monday,0,Send Money,30500.0,177.0,Success,MTN Mobile Money,5,2024,2
TX_001256,USER_026,2024-06-27,2024-06-01,Thursday,0,Send Money,39800.0,794.0,Success,MTN Mobile Money,6,2024,2
TX_001257,USER_026,2024-10-23,2024-10-01,Wednesday,0,Pay Bill,3400.0,32.0,Success,MTN Mobile Money,10,2024,4
TX_001258,USER_026,2025-01-21,2025-01-01,Tuesday,0,Merchant Payment,200.0,3.0,Success,MTN Mobile Money,1,2025,1
TX_001259,USER_026,2024-07-09,2024-07-01,Tuesday,0,Buy Airtime,400.0,3.0,Success,MTN Mobile Money,7,2024,3
TX_001260,USER_026,2024-10-22,2024-10-01,Tuesday,0,Deposit Cash,32800.0,404.0,Failed,MTN Mobile Money,10,2024,4
TX_001261,USER_026,2024-07-09,2024-07-01,Tuesday,0,Buy Airtime,3200.0,38.0,Success,MTN Mobile Money,7,2024,3
TX_001262,USER_026,2025-02-05,2025-02-01,Wednesday,0,Merchant Payment,16100.0,124.0,Success,MTN Mobile Money,2,2025,1
TX_001263,USER_026,2024-03-05,2024-03-01,Tuesday,0,Send Money,26400.0,470.0,Failed,MTN Mobile Money,3,2024,1
TX_001264,USER_026,2024-10-25,2024-10-01,Friday,0,Merchant Payment,4500.0,48.0,Success,MTN Mobile Money,10,2024,4
TX_001265,USER_026,2024-07-26,2024-07-01,Friday,0,Deposit Cash,25600.0,370.0,Success,MTN Mobile Money,7,2024,3
TX_001266,USER_027,2025-02-10,2025-02-01,Monday,0,Save/Investment,86800.0,811.0,Success,Orange Money,2,2025,1
TX_001267,USER_027,2024-12-05,2024-12-01,Thursday,0,Save/Investment,1300.0,15.0,Success,Orange Money,12,2024,4
TX_001268,USER_027,2024-05-20,2024-05-01,Monday,0,Pay Bill,3100.0,34.0,Success,Orange Money,5,2024,2
TX_001269,USER_027,2024-04-07,2024-04-01,Sunday,1,Buy Airtime,9000.0,153.0,Success,Orange Money,4,2024,2
TX_001270,USER_027,2024-10-13,2024-10-01,Sunday,1,Buy Airtime,500.0,4.0,Failed,Orange Money,10,2024,4
TX_001271,USER_027,2024-08-24,2024-08-01,Saturday,1,Receive Money,15700.0,244.0,Success,Orange Money,8,2024,3
TX_001272,USER_027,2024-12-26,2024-12-01,Thursday,0,Receive Money,116900.0,2568.0,Success,Orange Money,12,2024,4
TX_001273,USER_027,2024-08-01,2024-08-01,Thursday,0,Save/Investment,58800.0,948.0,Success,Orange Money,8,2024,3
TX_001274,USER_027,2025-01-22,2025-01-01,Wednesday,0,Send Money,91500.0,1691.0,Success,Orange Money,1,2025,1
TX_001275,USER_027,2024-10-04,2024-10-01,Friday,0,Send Money,17500.0,309.0,Success,Orange Money,10,2024,4
TX_001276,USER_027,2025-02-17,2025-02-01,Monday,0,Buy Airtime,500.0,3.0,Success,Orange Money,2,2025,1
TX_001277,USER_027,2024-07-07,2024-07-01,Sunday,1,Withdraw Cash,62600.0,515.0,Success,Orange Money,7,2024,3
TX_001278,USER_027,2024-10-20,2024-10-01,Sunday,1,Receive Money,78500.0,1533.0,Success,Orange Money,10,2024,4
TX_001279,USER_027,2024-08-02,2024-08-01,Friday,0,Merchant Payment,16800.0,227.0,Success,Orange Money,8,2024,3
TX_001280,USER_027,2024-06-10,2024-06-01,Monday,0,Save/Investment,25300.0,278.0,Pending,Orange Money,6,2024,2
TX_001281,USER_027,2024-09-13,2024-09-01,Friday,0,Buy Airtime,4600.0,41.0,Success,Orange Money,9,2024,3
TX_001282,USER_027,2024-11-03,2024-11-01,Sunday,1,Receive Money,27100.0,112.0,Success,Orange Money,11,2024,4
TX_001283,USER_027,2024-04-24,2024-04-01,Wednesday,0,Save/Investment,81400.0,1278.0,Success,Orange Money,4,2024,2
TX_001284,USER_027,2024-06-30,2024-06-01,Sunday,1,Buy Airtime,1300.0,21.0,Success,Orange Money,6,2024,2
TX_001285,USER_027,2024-09-12,2024-09-01,Thursday,0,Receive Money,116900.0,1541.0,Success,Orange Money,9,2024,3
TX_001286,USER_027,2024-12-18,2024-12-01,Wednesday,0,Receive Money,87900.0,550.0,Success,Orange Money,12,2024,4
TX_001287,USER_027,2024-08-31,2024-08-01,Saturday,1,Withdraw Cash,106000.0,953.0,Success,Orange Money,8,2024,3
TX_001288,USER_027,2024-12-20,2024-12-01,Friday,0,Send Money,90000.0,1711.0,Success,Orange Money,12,2024,4
TX_001289,USER_027,2024-07-30,2024-07-01,Tuesday,0,Withdraw Cash,116900.0,2001.0,Success,Orange Money,7,2024,3
TX_001290,USER_027,2025-02-22,2025-02-01,Saturday,1,Deposit Cash,48300.0,457.0,Success,Orange Money,2,2025,1
TX_001291,USER_027,2024-07-30,2024-07-01,Tuesday,0,Save/Investment,24700.0,1362.0,Success,Orange Money,7,2024,3
TX_001292,USER_027,2024-03-12,2024-03-01,Tuesday,0,Pay Bill,7100.0,37.0,Success,Orange Money,3,2024,1
TX_001293,USER_027,2025-02-01,2025-02-01,Saturday,1,Receive Money,27100.0,1256.0,Success,Orange Money,2,2025,1
TX_001294,USER_027,2024-09-19,2024-09-01,Thursday,0,Receive Money,46700.0,768.0,Success,Orange Money,9,2024,3
TX_001295,USER_027,2024-07-19,2024-07-01,Friday,0,Receive Money,60700.0,344.0,Success,Orange Money,7,2024,3
TX_001296,USER_027,2024-03-05,2024-03-01,Tuesday,0,Pay Bill,7900.0,93.0,Success,Orange Money,3,2024,1
TX_001297,USER_027,2024-12-15,2024-12-01,Sunday,1,Buy Airtime,900.0,7.0,Success,Orange Money,12,2024,4
TX_001298,USER_027,2025-02-15,2025-02-01,Saturday,1,Receive Money,52200.0,675.0,Success,Orange Money,2,2025,1
TX_001299,USER_027,2024-03-26,2024-03-01,Tuesday,0,Deposit Cash,62600.0,1069.0,Success,Orange Money,3,2024,1
TX_001300,USER_027,2025-01-05,2025-01-01,Sunday,1,Send Money,80200.0,1108.0,Failed,Orange Money,1,2025,1
TX_001301,USER_027,2024-11-10,2024-11-01,Sunday,1,Withdraw Cash,116900.0,3079.0,Success,Orange Money,11,2024,4
TX_001302,USER_027,2024-07-25,2024-07-01,Thursday,0,Buy Airtime,5100.0,100.0,Success,Orange Money,7,2024,3
TX_001303,USER_027,2024-06-26,2024-06-01,Wednesday,0,Send Money,112300.0,849.0,Success,Orange Money,6,2024,2
TX_001304,USER_027,2025-01-05,2025-01-01,Sunday,1,Receive Money,99600.0,1809.0,Success,Orange Money,1,2025,1
TX_001305,USER_027,2024-08-28,2024-08-01,Wednesday,0,Send Money,43600.0,658.0,Success,Orange Money,8,2024,3
TX_001306,USER_027,2024-06-21,2024-06-01,Friday,0,Receive Money,27300.0,340.0,Success,Orange Money,6,2024,2
TX_001307,USER_027,2025-01-20,2025-01-01,Monday,0,Withdraw Cash,15500.0,232.0,Success,Orange Money,1,2025,1
TX_001308,USER_027,2024-06-06,2024-06-01,Thursday,0,Pay Bill,16200.0,265.0,Failed,Orange Money,6,2024,2
TX_001309,USER_027,2025-01-12,2025-01-01,Sunday,1,Merchant Payment,52700.0,629.0,Success,Orange Money,1,2025,1
TX_001310,USER_027,2024-07-07,2024-07-01,Sunday,1,Withdraw Cash,34500.0,597.0,Success,Orange Money,7,2024,3
TX_001311,USER_027,2025-02-11,2025-02-01,Tuesday,0,Send Money,41200.0,371.0,Success,Orange Money,2,2025,1
TX_001312,USER_027,2025-02-01,2025-02-01,Saturday,1,Receive Money,18600.0,128.0,Success,Orange Money,2,2025,1
TX_001313,USER_027,2025-02-12,2025-02-01,Wednesday,0,Withdraw Cash,59100.0,326.0,Success,Orange Money,2,2025,1
TX_001314,USER_027,2024-05-10,2024-05-01,Friday,0,Merchant Payment,44600.0,526.0,Success,Orange Money,5,2024,2
TX_001315,USER_028,2025-01-16,2025-01-01,Thursday,0,Withdraw Cash,95900.0,770.0,Success,Orange Money,1,2025,1
TX_001316,USER_028,2024-04-19,2024-04-01,Friday,0,Receive Money,116900.0,2170.0,Success,Orange Money,4,2024,2
TX_001317,USER_028,2025-01-16,2025-01-01,Thursday,0,Withdraw Cash,22300.0,308.0,Success,Orange Money,1,2025,1
TX_001318,USER_028,2025-01-25,2025-01-01,Saturday,1,Receive Money,116900.0,1006.0,Success,Orange Money,1,2025,1
TX_001319,USER_028,2024-03-21,2024-03-01,Thursday,0,Buy Airtime,5800.0,90.0,Success,Orange Money,3,2024,1
TX_001320,USER_028,2024-08-06,2024-08-01,Tuesday,0,Deposit Cash,96800.0,1168.0,Pending,Orange Money,8,2024,3
TX_001321,USER_028,2024-10-12,2024-10-01,Saturday,1,Withdraw Cash,22800.0,373.0,Success,Orange Money,10,2024,4
TX_001322,USER_028,2024-03-18,2024-03-01,Monday,0,Send Money,58700.0,1168.0,Success,Orange Money,3,2024,1
TX_001323,USER_028,2024-12-22,2024-12-01,Sunday,1,Withdraw Cash,32700.0,519.0,Success,Orange Money,12,2024,4
TX_001324,USER_028,2024-09-03,2024-09-01,Tuesday,0,Withdraw Cash,38000.0,615.0,Pending,Orange Money,9,2024,3
TX_001325,USER_028,2024-05-07,2024-05-01,Tuesday,0,Buy Airtime,4500.0,85.0,Success,Orange Money,5,2024,2
TX_001326,USER_028,2024-04-16,2024-04-01,Tuesday,0,Withdraw Cash,116900.0,949.0,Success,Orange Money,4,2024,2
TX_001327,USER_028,2024-07-30,2024-07-01,Tuesday,0,Receive Money,82000.0,1209.0,Success,Orange Money,7,2024,3
TX_001328,USER_028,2024-08-15,2024-08-01,Thursday,0,Pay Bill,16400.0,173.0,Success,Orange Money,8,2024,3
TX_001329,USER_028,2024-09-29,2024-09-01,Sunday,1,Merchant Payment,1300.0,24.0,Success,Orange Money,9,2024,3
TX_001330,USER_028,2024-05-29,2024-05-01,Wednesday,0,Receive Money,104400.0,1317.0,Success,Orange Money,5,2024,2
TX_001331,USER_028,2024-06-11,2024-06-01,Tuesday,0,Send Money,56600.0,488.0,Success,Orange Money,6,2024,2
TX_001332,USER_028,2024-05-07,2024-05-01,Tuesday,0,Receive Money,13800.0,122.0,Success,Orange Money,5,2024,2
TX_001333,USER_028,2024-12-02,2024-12-01,Monday,0,Send Money,29400.0,588.0,Success,Orange Money,12,2024,4
TX_001334,USER_028,2024-09-04,2024-09-01,Wednesday,0,Buy Airtime,1400.0,26.0,Success,Orange Money,9,2024,3
TX_001335,USER_028,2024-11-27,2024-11-01,Wednesday,0,Save/Investment,55300.0,278.0,Success,Orange Money,11,2024,4
TX_001336,USER_028,2024-11-12,2024-11-01,Tuesday,0,Buy Airtime,2500.0,41.0,Failed,Orange Money,11,2024,4
TX_001337,USER_028,2024-07-18,2024-07-01,Thursday,0,Pay Bill,18300.0,308.0,Success,Orange Money,7,2024,3
TX_001338,USER_028,2024-05-24,2024-05-01,Friday,0,Merchant Payment,62400.0,540.0,Failed,Orange Money,5,2024,2
TX_001339,USER_028,2024-07-10,2024-07-01,Wednesday,0,Send Money,39200.0,502.0,Success,Orange Money,7,2024,3
TX_001340,USER_028,2024-11-02,2024-11-01,Saturday,1,Send Money,112600.0,1174.0,Success,Orange Money,11,2024,4
TX_001341,USER_028,2024-07-30,2024-07-01,Tuesday,0,Deposit Cash,69400.0,396.0,Success,Orange Money,7,2024,3
TX_001342,USER_028,2024-08-21,2024-08-01,Wednesday,0,Save/Investment,7200.0,74.0,Success,Orange Money,8,2024,3
TX_001343,USER_028,2024-04-28,2024-04-01,Sunday,1,Pay Bill,2000.0,25.0,Success,Orange Money,4,2024,2
TX_001344,USER_028,2024-10-26,2024-10-01,Saturday,1,Save/Investment,15100.0,156.0,Success,Orange Money,10,2024,4
TX_001345,USER_029,2024-04-08,2024-04-01,Monday,0,Receive Money,12700.0,202.0,Success,Orange Money,4,2024,2
TX_001346,USER_029,2024-05-12,2024-05-01,Sunday,1,Pay Bill,4100.0,32.0,Success,Orange Money,5,2024,2
TX_001347,USER_029,2024-06-24,2024-06-01,Monday,0,Send Money,31300.0,575.0,Success,Orange Money,6,2024,2
TX_001348,USER_029,2025-02-10,2025-02-01,Monday,0,Receive Money,6800.0,74.0,Success,Orange Money,2,2025,1
TX_001349,USER_029,2025-02-09,2025-02-01,Sunday,1,Merchant Payment,23600.0,469.0,Success,Orange Money,2,2025,1
TX_001350,USER_029,2024-09-20,2024-09-01,Friday,0,Pay Bill,11200.0,88.0,Success,Orange Money,9,2024,3
TX_001351,USER_029,2024-12-11,2024-12-01,Wednesday,0,Merchant Payment,1900.0,34.0,Success,Orange Money,12,2024,4
TX_001352,USER_029,2024-09-04,2024-09-01,Wednesday,0,Merchant Payment,32900.0,496.0,Success,Orange Money,9,2024,3
TX_001353,USER_029,2024-04-16,2024-04-01,Tuesday,0,Pay Bill,17700.0,344.0,Success,Orange Money,4,2024,2
TX_001354,USER_029,2024-09-19,2024-09-01,Thursday,0,Buy Airtime,2200.0,39.0,Success,Orange Money,9,2024,3
TX_001355,USER_029,2024-03-08,2024-03-01,Friday,0,Deposit Cash,36000.0,214.0,Success,Orange Money,3,2024,1
TX_001356,USER_029,2024-07-14,2024-07-01,Sunday,1,Pay Bill,3600.0,24.0,Success,Orange Money,7,2024,3
TX_001357,USER_029,2024-11-30,2024-11-01,Saturday,1,Send Money,17200.0,278.0,Failed,Orange Money,11,2024,4
TX_001358,USER_029,2024-05-03,2024-05-01,Friday,0,Withdraw Cash,69500.0,1076.0,Success,Orange Money,5,2024,2
TX_001359,USER_029,2024-10-19,2024-10-01,Saturday,1,Withdraw Cash,49400.0,522.0,Success,Orange Money,10,2024,4
TX_001360,USER_029,2024-09-05,2024-09-01,Thursday,0,Withdraw Cash,2200.0,32.0,Success,Orange Money,9,2024,3
TX_001361,USER_029,2025-02-08,2025-02-01,Saturday,1,Buy Airtime,1800.0,9.0,Success,Orange Money,2,2025,1
TX_001362,USER_029,2025-02-08,2025-02-01,Saturday,1,Buy Airtime,3000.0,55.0,Success,Orange Money,2,2025,1
TX_001363,USER_029,2024-07-13,2024-07-01,Saturday,1,Withdraw Cash,22600.0,229.0,Success,Orange Money,7,2024,3
TX_001364,USER_029,2024-12-25,2024-12-01,Wednesday,0,Buy Airtime,1100.0,7.0,Success,Orange Money,12,2024,4
TX_001365,USER_029,2024-09-12,2024-09-01,Thursday,0,Withdraw Cash,25600.0,157.0,Success,Orange Money,9,2024,3
TX_001366,USER_029,2025-01-21,2025-01-01,Tuesday,0,Pay Bill,14300.0,139.0,Success,Orange Money,1,2025,1
TX_001367,USER_029,2024-09-07,2024-09-01,Saturday,1,Merchant Payment,8400.0,165.0,Success,Orange Money,9,2024,3
TX_001368,USER_029,2024-04-25,2024-04-01,Thursday,0,Receive Money,23800.0,153.0,Success,Orange Money,4,2024,2
TX_001369,USER_029,2025-02-09,2025-02-01,Sunday,1,Pay Bill,16200.0,300.0,Success,Orange Money,2,2025,1
TX_001370,USER_029,2024-06-28,2024-06-01,Friday,0,Send Money,37700.0,548.0,Success,Orange Money,6,2024,2
TX_001371,USER_029,2024-10-28,2024-10-01,Monday,0,Deposit Cash,60900.0,683.0,Success,Orange Money,10,2024,4
TX_001372,USER_029,2024-03-13,2024-03-01,Wednesday,0,Receive Money,56000.0,427.0,Success,Orange Money,3,2024,1
TX_001373,USER_029,2025-01-12,2025-01-01,Sunday,1,Send Money,43500.0,509.0,Success,Orange Money,1,2025,1
TX_001374,USER_029,2024-12-13,2024-12-01,Friday,0,Save/Investment,32200.0,311.0,Success,Orange Money,12,2024,4
TX_001375,USER_029,2024-08-15,2024-08-01,Thursday,0,Deposit Cash,63500.0,833.0,Success,Orange Money,8,2024,3
TX_001376,USER_029,2025-01-07,2025-01-01,Tuesday,0,Receive Money,44900.0,650.0,Success,Orange Money,1,2025,1
TX_001377,USER_029,2024-06-22,2024-06-01,Saturday,1,Send Money,51300.0,730.0,Success,Orange Money,6,2024,2
TX_001378,USER_029,2025-01-26,2025-01-01,Sunday,1,Buy Airtime,2400.0,31.0,Success,Orange Money,1,2025,1
TX_001379,USER_029,2024-04-02,2024-04-01,Tuesday,0,Buy Airtime,3300.0,19.0,Success,Orange Money,4,2024,2
TX_001380,USER_029,2025-01-20,2025-01-01,Monday,0,Send Money,38800.0,570.0,Success,Orange Money,1,2025,1
TX_001381,USER_029,2024-10-24,2024-10-01,Thursday,0,Withdraw Cash,35900.0,714.0,Success,Orange Money,10,2024,4
TX_001382,USER_029,2025-02-22,2025-02-01,Saturday,1,Deposit Cash,30300.0,446.0,Success,Orange Money,2,2025,1
TX_001383,USER_029,2024-08-02,2024-08-01,Friday,0,Buy Airtime,600.0,7.0,Success,Orange Money,8,2024,3
TX_001384,USER_029,2025-01-27,2025-01-01,Monday,0,Deposit Cash,31400.0,590.0,Success,Orange Money,1,2025,1
TX_001385,USER_029,2024-09-26,2024-09-01,Thursday,0,Buy Airtime,2800.0,38.0,Failed,Orange Money,9,2024,3
TX_001386,USER_029,2024-04-29,2024-04-01,Monday,0,Buy Airtime,1900.0,10.0,Success,Orange Money,4,2024,2
TX_001387,USER_029,2024-05-11,2024-05-01,Saturday,1,Receive Money,42000.0,341.0,Success,Orange Money,5,2024,2
TX_001388,USER_029,2024-03-24,2024-03-01,Sunday,1,Send Money,7300.0,71.0,Success,Orange Money,3,2024,1
TX_001389,USER_029,2024-03-20,2024-03-01,Wednesday,0,Withdraw Cash,51700.0,877.0,Success,Orange Money,3,2024,1
TX_001390,USER_029,2024-08-03,2024-08-01,Saturday,1,Merchant Payment,4900.0,49.0,Success,Orange Money,8,2024,3
TX_001391,USER_029,2024-11-08,2024-11-01,Friday,0,Send Money,41000.0,443.0,Success,Orange Money,11,2024,4
TX_001392,USER_029,2024-04-29,2024-04-01,Monday,0,Pay Bill,4400.0,70.0,Success,Orange Money,4,2024,2
TX_001393,USER_029,2024-04-19,2024-04-01,Friday,0,Pay Bill,2200.0,31.0,Success,Orange Money,4,2024,2
TX_001394,USER_029,2024-06-29,2024-06-01,Saturday,1,Receive Money,53500.0,969.0,Success,Orange Money,6,2024,2
TX_001395,USER_029,2024-12-01,2024-12-01,Sunday,1,Withdraw Cash,18200.0,270.0,Success,Orange Money,12,2024,4
TX_001396,USER_029,2024-05-09,2024-05-01,Thursday,0,Send Money,56000.0,803.0,Success,Orange Money,5,2024,2
TX_001397,USER_029,2024-09-15,2024-09-01,Sunday,1,Receive Money,34000.0,195.0,Success,Orange Money,9,2024,3
TX_001398,USER_029,2024-10-19,2024-10-01,Saturday,1,Send Money,28100.0,394.0,Success,Orange Money,10,2024,4
TX_001399,USER_029,2024-09-06,2024-09-01,Friday,0,Withdraw Cash,16700.0,255.0,Pending,Orange Money,9,2024,3
TX_001400,USER_029,2025-02-07,2025-02-01,Friday,0,Withdraw Cash,61900.0,1190.0,Success,Orange Money,2,2025,1
TX_001401,USER_029,2025-02-20,2025-02-01,Thursday,0,Withdraw Cash,59700.0,618.0,Success,Orange Money,2,2025,1
TX_001402,USER_029,2024-12-02,2024-12-01,Monday,0,Merchant Payment,25500.0,212.0,Success,Orange Money,12,2024,4
TX_001403,USER_029,2024-10-01,2024-10-01,Tuesday,0,Deposit Cash,38600.0,569.0,Success,Orange Money,10,2024,4
TX_001404,USER_029,2024-12-26,2024-12-01,Thursday,0,Buy Airtime,1900.0,31.0,Success,Orange Money,12,2024,4
TX_001405,USER_029,2024-05-19,2024-05-01,Sunday,1,Buy Airtime,1300.0,14.0,Pending,Orange Money,5,2024,2
TX_001406,USER_029,2024-09-29,2024-09-01,Sunday,1,Send Money,15300.0,190.0,Success,Orange Money,9,2024,3
TX_001407,USER_029,2025-01-30,2025-01-01,Thursday,0,Send Money,15800.0,95.0,Success,Orange Money,1,2025,1
TX_001408,USER_029,2024-04-20,2024-04-01,Saturday,1,Receive Money,22000.0,256.0,Success,Orange Money,4,2024,2
TX_001409,USER_030,2024-11-06,2024-11-01,Wednesday,0,Pay Bill,5200.0,67.0,Failed,Orange Money,11,2024,4
TX_001410,USER_030,2025-01-10,2025-01-01,Friday,0,Buy Airtime,4900.0,86.0,Success,Orange Money,1,2025,1
TX_001411,USER_030,2024-09-25,2024-09-01,Wednesday,0,Buy Airtime,1500.0,20.0,Success,Orange Money,9,2024,3
TX_001412,USER_030,2024-07-22,2024-07-01,Monday,0,Receive Money,73900.0,599.0,Success,Orange Money,7,2024,3
TX_001413,USER_030,2024-03-17,2024-03-01,Sunday,1,Send Money,7700.0,137.0,Success,Orange Money,3,2024,1
TX_001414,USER_030,2025-02-17,2025-02-01,Monday,0,Withdraw Cash,21700.0,283.0,Success,Orange Money,2,2025,1
TX_001415,USER_030,2024-09-06,2024-09-01,Friday,0,Buy Airtime,2400.0,47.0,Success,Orange Money,9,2024,3
TX_001416,USER_030,2024-06-20,2024-06-01,Thursday,0,Merchant Payment,36500.0,585.0,Success,Orange Money,6,2024,2
TX_001417,USER_030,2024-10-14,2024-10-01,Monday,0,Receive Money,68700.0,583.0,Success,Orange Money,10,2024,4
TX_001418,USER_030,2024-10-14,2024-10-01,Monday,0,Receive Money,18000.0,340.0,Success,Orange Money,10,2024,4
TX_001419,USER_030,2024-06-29,2024-06-01,Saturday,1,Pay Bill,2800.0,44.0,Success,Orange Money,6,2024,2
TX_001420,USER_030,2024-09-02,2024-09-01,Monday,0,Save/Investment,28200.0,283.0,Success,Orange Money,9,2024,3
TX_001421,USER_030,2024-04-20,2024-04-01,Saturday,1,Save/Investment,35000.0,528.0,Success,Orange Money,4,2024,2
TX_001422,USER_030,2025-02-15,2025-02-01,Saturday,1,Withdraw Cash,75300.0,735.0,Success,Orange Money,2,2025,1
TX_001423,USER_030,2024-09-05,2024-09-01,Thursday,0,Receive Money,21100.0,114.0,Success,Orange Money,9,2024,3
TX_001424,USER_030,2024-12-04,2024-12-01,Wednesday,0,Buy Airtime,100.0,1.0,Success,Orange Money,12,2024,4
TX_001425,USER_030,2025-01-25,2025-01-01,Saturday,1,Buy Airtime,3100.0,34.0,Success,Orange Money,1,2025,1
TX_001426,USER_030,2024-08-31,2024-08-01,Saturday,1,Send Money,65600.0,443.0,Success,Orange Money,8,2024,3
TX_001427,USER_030,2024-04-01,2024-04-01,Monday,0,Receive Money,59900.0,793.0,Success,Orange Money,4,2024,2
TX_001428,USER_030,2024-09-20,2024-09-01,Friday,0,Send Money,39800.0,1003.0,Success,Orange Money,9,2024,3
TX_001429,USER_030,2024-07-20,2024-07-01,Saturday,1,Send Money,30400.0,574.0,Success,Orange Money,7,2024,3
TX_001430,USER_030,2024-06-06,2024-06-01,Thursday,0,Buy Airtime,4600.0,83.0,Success,Orange Money,6,2024,2
TX_001431,USER_030,2024-05-02,2024-05-01,Thursday,0,Pay Bill,10900.0,172.0,Success,Orange Money,5,2024,2
TX_001432,USER_030,2024-10-19,2024-10-01,Saturday,1,Receive Money,28800.0,221.0,Success,Orange Money,10,2024,4
TX_001433,USER_030,2024-04-16,2024-04-01,Tuesday,0,Buy Airtime,2500.0,27.0,Success,Orange Money,4,2024,2
TX_001434,USER_030,2025-02-03,2025-02-01,Monday,0,Send Money,61600.0,1141.0,Success,Orange Money,2,2025,1
TX_001435,USER_030,2024-06-17,2024-06-01,Monday,0,Buy Airtime,4700.0,38.0,Success,Orange Money,6,2024,2
TX_001436,USER_030,2025-01-23,2025-01-01,Thursday,0,Pay Bill,8500.0,147.0,Success,Orange Money,1,2025,1
TX_001437,USER_030,2025-01-22,2025-01-01,Wednesday,0,Withdraw Cash,20300.0,128.0,Success,Orange Money,1,2025,1
TX_001438,USER_030,2024-12-31,2024-12-01,Tuesday,0,Send Money,54000.0,700.0,Success,Orange Money,12,2024,4
TX_001439,USER_030,2024-03-11,2024-03-01,Monday,0,Buy Airtime,2200.0,18.0,Success,Orange Money,3,2024,1
TX_001440,USER_030,2024-03-26,2024-03-01,Tuesday,0,Buy Airtime,3300.0,55.0,Success,Orange Money,3,2024,1
TX_001441,USER_030,2024-08-18,2024-08-01,Sunday,1,Save/Investment,14600.0,89.0,Success,Orange Money,8,2024,3
TX_001442,USER_030,2024-07-03,2024-07-01,Wednesday,0,Withdraw Cash,44400.0,767.0,Success,Orange Money,7,2024,3
TX_001443,USER_030,2024-05-04,2024-05-01,Saturday,1,Merchant Payment,47400.0,286.0,Success,Orange Money,5,2024,2
TX_001444,USER_030,2024-12-15,2024-12-01,Sunday,1,Buy Airtime,2600.0,16.0,Success,Orange Money,12,2024,4
TX_001445,USER_030,2024-06-14,2024-06-01,Friday,0,Receive Money,48400.0,748.0,Success,Orange Money,6,2024,2
TX_001446,USER_030,2024-04-05,2024-04-01,Friday,0,Pay Bill,8600.0,136.0,Success,Orange Money,4,2024,2
TX_001447,USER_030,2024-12-09,2024-12-01,Monday,0,Merchant Payment,21700.0,173.0,Success,Orange Money,12,2024,4
TX_001448,USER_030,2024-06-15,2024-06-01,Saturday,1,Pay Bill,13400.0,185.0,Success,Orange Money,6,2024,2
TX_001449,USER_030,2024-12-26,2024-12-01,Thursday,0,Send Money,5700.0,91.0,Success,Orange Money,12,2024,4
TX_001450,USER_030,2024-06-19,2024-06-01,Wednesday,0,Receive Money,64800.0,701.0,Success,Orange Money,6,2024,2
TX_001451,USER_030,2024-06-28,2024-06-01,Friday,0,Receive Money,6300.0,120.0,Success,Orange Money,6,2024,2
TX_001452,USER_030,2024-08-16,2024-08-01,Friday,0,Deposit Cash,28600.0,420.0,Success,Orange Money,8,2024,3
TX_001453,USER_030,2024-05-15,2024-05-01,Wednesday,0,Send Money,66500.0,902.0,Success,Orange Money,5,2024,2
TX_001454,USER_030,2024-12-31,2024-12-01,Tuesday,0,Buy Airtime,4400.0,25.0,Success,Orange Money,12,2024,4
TX_001455,USER_030,2024-03-02,2024-03-01,Saturday,1,Merchant Payment,37700.0,198.0,Success,Orange Money,3,2024,1
TX_001456,USER_030,2024-07-20,2024-07-01,Saturday,1,Buy Airtime,2100.0,20.0,Success,Orange Money,7,2024,3
TX_001457,USER_030,2024-05-14,2024-05-01,Tuesday,0,Receive Money,64000.0,1091.0,Success,Orange Money,5,2024,2
TX_001458,USER_030,2024-05-06,2024-05-01,Monday,0,Receive Money,23100.0,283.0,Success,Orange Money,5,2024,2
TX_001459,USER_030,2024-12-02,2024-12-01,Monday,0,Receive Money,49000.0,526.0,Success,Orange Money,12,2024,4
TX_001460,USER_030,2024-07-07,2024-07-01,Sunday,1,Send Money,800.0,7.0,Success,Orange Money,7,2024,3
TX_001461,USER_030,2024-05-29,2024-05-01,Wednesday,0,Deposit Cash,80000.0,721.0,Success,Orange Money,5,2024,2
TX_001462,USER_030,2024-04-26,2024-04-01,Friday,0,Receive Money,27500.0,343.0,Success,Orange Money,4,2024,2
TX_001463,USER_030,2025-02-02,2025-02-01,Sunday,1,Receive Money,10900.0,57.0,Success,Orange Money,2,2025,1
TX_001464,USER_030,2024-03-14,2024-03-01,Thursday,0,Withdraw Cash,25100.0,302.0,Success,Orange Money,3,2024,1
TX_001465,USER_030,2024-05-07,2024-05-01,Tuesday,0,Merchant Payment,44500.0,720.0,Success,Orange Money,5,2024,2
TX_001466,USER_030,2024-03-08,2024-03-01,Friday,0,Buy Airtime,4000.0,21.0,Success,Orange Money,3,2024,1
TX_001467,USER_030,2024-08-31,2024-08-01,Saturday,1,Deposit Cash,47900.0,242.0,Success,Orange Money,8,2024,3
TX_001468,USER_030,2024-06-30,2024-06-01,Sunday,1,Pay Bill,5500.0,82.0,Success,Orange Money,6,2024,2
TX_001469,USER_030,2024-12-27,2024-12-01,Friday,0,Send Money,71100.0,827.0,Success,Orange Money,12,2024,4
TX_001470,USER_030,2024-08-13,2024-08-01,Tuesday,0,Withdraw Cash,79200.0,1155.0,Success,Orange Money,8,2024,3
TX_001471,USER_030,2024-03-09,2024-03-01,Saturday,1,Withdraw Cash,88300.0,1016.0,Success,Orange Money,3,2024,1
TX_001472,USER_031,2024-05-29,2024-05-01,Wednesday,0,Buy Airtime,1000.0,19.0,Success,MTN Mobile Money,5,2024,2
TX_001473,USER_031,2024-07-14,2024-07-01,Sunday,1,Send Money,73300.0,878.0,Success,MTN Mobile Money,7,2024,3
TX_001474,USER_031,2024-03-27,2024-03-01,Wednesday,0,Buy Airtime,3000.0,18.0,Pending,MTN Mobile Money,3,2024,1
TX_001475,USER_031,2024-05-04,2024-05-01,Saturday,1,Buy Airtime,2800.0,36.0,Success,MTN Mobile Money,5,2024,2
TX_001476,USER_031,2024-10-02,2024-10-01,Wednesday,0,Receive Money,23300.0,295.0,Success,MTN Mobile Money,10,2024,4
TX_001477,USER_031,2024-11-25,2024-11-01,Monday,0,Send Money,48500.0,829.0,Success,MTN Mobile Money,11,2024,4
TX_001478,USER_031,2024-04-28,2024-04-01,Sunday,1,Send Money,25400.0,351.0,Success,MTN Mobile Money,4,2024,2
TX_001479,USER_031,2024-04-02,2024-04-01,Tuesday,0,Pay Bill,17000.0,238.0,Success,MTN Mobile Money,4,2024,2
TX_001480,USER_031,2024-10-30,2024-10-01,Wednesday,0,Pay Bill,23600.0,451.0,Success,MTN Mobile Money,10,2024,4
TX_001481,USER_031,2024-10-16,2024-10-01,Wednesday,0,Buy Airtime,2100.0,21.0,Success,MTN Mobile Money,10,2024,4
TX_001482,USER_031,2024-09-02,2024-09-01,Monday,0,Send Money,55200.0,491.0,Success,MTN Mobile Money,9,2024,3
TX_001483,USER_031,2024-11-18,2024-11-01,Monday,0,Save/Investment,9800.0,71.0,Success,MTN Mobile Money,11,2024,4
TX_001484,USER_031,2024-12-29,2024-12-01,Sunday,1,Buy Airtime,3200.0,34.0,Success,MTN Mobile Money,12,2024,4
TX_001485,USER_031,2024-04-25,2024-04-01,Thursday,0,Withdraw Cash,82000.0,1588.0,Success,MTN Mobile Money,4,2024,2
TX_001486,USER_031,2024-10-18,2024-10-01,Friday,0,Buy Airtime,1000.0,6.0,Success,MTN Mobile Money,10,2024,4
TX_001487,USER_031,2024-11-13,2024-11-01,Wednesday,0,Buy Airtime,4100.0,52.0,Success,MTN Mobile Money,11,2024,4
TX_001488,USER_031,2024-06-22,2024-06-01,Saturday,1,Buy Airtime,4700.0,66.0,Success,MTN Mobile Money,6,2024,2
TX_001489,USER_031,2025-01-09,2025-01-01,Thursday,0,Deposit Cash,93300.0,1544.0,Success,MTN Mobile Money,1,2025,1
TX_001490,USER_031,2024-03-23,2024-03-01,Saturday,1,Receive Money,5300.0,68.0,Success,MTN Mobile Money,3,2024,1
TX_001491,USER_031,2025-02-01,2025-02-01,Saturday,1,Save/Investment,14900.0,265.0,Success,MTN Mobile Money,2,2025,1
TX_001492,USER_031,2024-11-22,2024-11-01,Friday,0,Receive Money,74800.0,782.0,Success,MTN Mobile Money,11,2024,4
TX_001493,USER_031,2024-08-02,2024-08-01,Friday,0,Send Money,53800.0,502.0,Success,MTN Mobile Money,8,2024,3
TX_001494,USER_031,2024-10-21,2024-10-01,Monday,0,Buy Airtime,3600.0,58.0,Success,MTN Mobile Money,10,2024,4
TX_001495,USER_031,2025-01-24,2025-01-01,Friday,0,Receive Money,67100.0,647.0,Success,MTN Mobile Money,1,2025,1
TX_001496,USER_031,2024-03-16,2024-03-01,Saturday,1,Pay Bill,16200.0,296.0,Success,MTN Mobile Money,3,2024,1
TX_001497,USER_031,2024-04-01,2024-04-01,Monday,0,Withdraw Cash,60600.0,400.0,Success,MTN Mobile Money,4,2024,2
TX_001498,USER_031,2024-11-01,2024-11-01,Friday,0,Withdraw Cash,99200.0,1432.0,Success,MTN Mobile Money,11,2024,4
TX_001499,USER_031,2024-09-22,2024-09-01,Sunday,1,Receive Money,69900.0,1204.0,Success,MTN Mobile Money,9,2024,3
TX_001500,USER_031,2024-10-05,2024-10-01,Saturday,1,Receive Money,57400.0,558.0,Success,MTN Mobile Money,10,2024,4
TX_001501,USER_031,2025-02-15,2025-02-01,Saturday,1,Send Money,21500.0,245.0,Success,MTN Mobile Money,2,2025,1
TX_001502,USER_031,2024-04-25,2024-04-01,Thursday,0,Receive Money,26600.0,247.0,Success,MTN Mobile Money,4,2024,2
TX_001503,USER_031,2024-11-07,2024-11-01,Thursday,0,Send Money,39100.0,608.0,Success,MTN Mobile Money,11,2024,4
TX_001504,USER_031,2025-02-28,2025-02-01,Friday,0,Send Money,6500.0,85.0,Success,MTN Mobile Money,2,2025,1
TX_001505,USER_031,2024-10-14,2024-10-01,Monday,0,Send Money,75000.0,495.0,Success,MTN Mobile Money,10,2024,4
TX_001506,USER_031,2024-04-07,2024-04-01,Sunday,1,Pay Bill,20100.0,254.0,Success,MTN Mobile Money,4,2024,2
TX_001507,USER_031,2024-04-11,2024-04-01,Thursday,0,Deposit Cash,75800.0,929.0,Success,MTN Mobile Money,4,2024,2
TX_001508,USER_031,2024-08-12,2024-08-01,Monday,0,Send Money,64200.0,831.0,Success,MTN Mobile Money,8,2024,3
TX_001509,USER_031,2025-01-06,2025-01-01,Monday,0,Withdraw Cash,86000.0,1241.0,Success,MTN Mobile Money,1,2025,1
TX_001510,USER_031,2024-05-15,2024-05-01,Wednesday,0,Withdraw Cash,36300.0,331.0,Success,MTN Mobile Money,5,2024,2
TX_001511,USER_031,2024-04-03,2024-04-01,Wednesday,0,Receive Money,72300.0,437.0,Success,MTN Mobile Money,4,2024,2
TX_001512,USER_031,2024-05-04,2024-05-01,Saturday,1,Merchant Payment,32500.0,348.0,Success,MTN Mobile Money,5,2024,2
TX_001513,USER_031,2024-07-19,2024-07-01,Friday,0,Withdraw Cash,53600.0,347.0,Success,MTN Mobile Money,7,2024,3
TX_001514,USER_031,2025-01-14,2025-01-01,Tuesday,0,Deposit Cash,18000.0,320.0,Success,MTN Mobile Money,1,2025,1
TX_001515,USER_031,2025-01-19,2025-01-01,Sunday,1,Buy Airtime,3300.0,35.0,Success,MTN Mobile Money,1,2025,1
TX_001516,USER_031,2024-12-25,2024-12-01,Wednesday,0,Withdraw Cash,86300.0,1278.0,Success,MTN Mobile Money,12,2024,4
TX_001517,USER_031,2024-12-06,2024-12-01,Friday,0,Send Money,4700.0,55.0,Success,MTN Mobile Money,12,2024,4
TX_001518,USER_031,2025-02-28,2025-02-01,Friday,0,Buy Airtime,2000.0,33.0,Success,MTN Mobile Money,2,2025,1
TX_001519,USER_031,2024-08-14,2024-08-01,Wednesday,0,Buy Airtime,2700.0,14.0,Success,MTN Mobile Money,8,2024,3
TX_001520,USER_031,2024-09-12,2024-09-01,Thursday,0,Receive Money,70600.0,509.0,Success,MTN Mobile Money,9,2024,3
TX_001521,USER_031,2024-12-31,2024-12-01,Tuesday,0,Save/Investment,39600.0,342.0,Success,MTN Mobile Money,12,2024,4
TX_001522,USER_031,2024-11-27,2024-11-01,Wednesday,0,Send Money,37700.0,690.0,Success,MTN Mobile Money,11,2024,4
TX_001523,USER_031,2024-07-29,2024-07-01,Monday,0,Pay Bill,16200.0,101.0,Success,MTN Mobile Money,7,2024,3
TX_001524,USER_031,2024-10-19,2024-10-01,Saturday,1,Receive Money,77500.0,1472.0,Success,MTN Mobile Money,10,2024,4
TX_001525,USER_031,2024-11-14,2024-11-01,Thursday,0,Pay Bill,21000.0,389.0,Success,MTN Mobile Money,11,2024,4
TX_001526,USER_031,2025-01-04,2025-01-01,Saturday,1,Pay Bill,4300.0,26.0,Success,MTN Mobile Money,1,2025,1
TX_001527,USER_031,2024-10-07,2024-10-01,Monday,0,Buy Airtime,4300.0,40.0,Success,MTN Mobile Money,10,2024,4
TX_001528,USER_031,2024-04-20,2024-04-01,Saturday,1,Receive Money,28600.0,200.0,Success,MTN Mobile Money,4,2024,2
TX_001529,USER_031,2025-02-23,2025-02-01,Sunday,1,Pay Bill,21900.0,225.0,Success,MTN Mobile Money,2,2025,1
TX_001530,USER_031,2024-04-28,2024-04-01,Sunday,1,Pay Bill,26400.0,148.0,Success,MTN Mobile Money,4,2024,2
TX_001531,USER_031,2025-01-30,2025-01-01,Thursday,0,Receive Money,68400.0,1165.0,Success,MTN Mobile Money,1,2025,1
TX_001532,USER_031,2025-01-28,2025-01-01,Tuesday,0,Withdraw Cash,16800.0,310.0,Success,MTN Mobile Money,1,2025,1
TX_001533,USER_031,2024-12-08,2024-12-01,Sunday,1,Pay Bill,21500.0,372.0,Success,MTN Mobile Money,12,2024,4
TX_001534,USER_031,2024-06-19,2024-06-01,Wednesday,0,Buy Airtime,2000.0,21.0,Success,MTN Mobile Money,6,2024,2
TX_001535,USER_031,2024-10-07,2024-10-01,Monday,0,Receive Money,28000.0,491.0,Success,MTN Mobile Money,10,2024,4
TX_001536,USER_031,2024-10-18,2024-10-01,Friday,0,Withdraw Cash,25600.0,134.0,Success,MTN Mobile Money,10,2024,4
TX_001537,USER_031,2024-06-25,2024-06-01,Tuesday,0,Buy Airtime,3600.0,19.0,Success,MTN Mobile Money,6,2024,2
TX_001538,USER_031,2024-09-28,2024-09-01,Saturday,1,Merchant Payment,3900.0,72.0,Success,MTN Mobile Money,9,2024,3
TX_001539,USER_031,2024-08-21,2024-08-01,Wednesday,0,Withdraw Cash,31700.0,567.0,Success,MTN Mobile Money,8,2024,3
TX_001540,USER_031,2024-10-19,2024-10-01,Saturday,1,Pay Bill,3200.0,51.0,Success,MTN Mobile Money,10,2024,4
TX_001541,USER_031,2024-09-21,2024-09-01,Saturday,1,Send Money,1200.0,21.0,Success,MTN Mobile Money,9,2024,3
TX_001542,USER_031,2024-09-29,2024-09-01,Sunday,1,Buy Airtime,2300.0,41.0,Success,MTN Mobile Money,9,2024,3
TX_001543,USER_031,2024-04-18,2024-04-01,Thursday,0,Save/Investment,8100.0,145.0,Success,MTN Mobile Money,4,2024,2
TX_001544,USER_031,2024-08-08,2024-08-01,Thursday,0,Buy Airtime,2600.0,14.0,Failed,MTN Mobile Money,8,2024,3
TX_001545,USER_031,2024-10-05,2024-10-01,Saturday,1,Send Money,55200.0,926.0,Success,MTN Mobile Money,10,2024,4
TX_001546,USER_031,2024-08-08,2024-08-01,Thursday,0,Send Money,36100.0,630.0,Success,MTN Mobile Money,8,2024,3
TX_001547,USER_031,2025-02-04,2025-02-01,Tuesday,0,Receive Money,27100.0,106.0,Success,MTN Mobile Money,2,2025,1
TX_001548,USER_031,2024-07-09,2024-07-01,Tuesday,0,Pay Bill,17100.0,189.0,Success,MTN Mobile Money,7,2024,3
TX_001549,USER_031,2024-09-08,2024-09-01,Sunday,1,Send Money,23100.0,267.0,Success,MTN Mobile Money,9,2024,3
TX_001550,USER_031,2024-05-18,2024-05-01,Saturday,1,Pay Bill,10800.0,117.0,Success,MTN Mobile Money,5,2024,2
TX_001551,USER_031,2025-02-15,2025-02-01,Saturday,1,Merchant Payment,26200.0,136.0,Success,MTN Mobile Money,2,2025,1
TX_001552,USER_031,2024-10-29,2024-10-01,Tuesday,0,Save/Investment,11500.0,196.0,Success,MTN Mobile Money,10,2024,4
TX_001553,USER_031,2024-04-04,2024-04-01,Thursday,0,Merchant Payment,43700.0,593.0,Success,MTN Mobile Money,4,2024,2
TX_001554,USER_031,2024-04-16,2024-04-01,Tuesday,0,Receive Money,32800.0,390.0,Success,MTN Mobile Money,4,2024,2
TX_001555,USER_031,2024-04-13,2024-04-01,Saturday,1,Send Money,47400.0,610.0,Success,MTN Mobile Money,4,2024,2
TX_001556,USER_031,2024-04-17,2024-04-01,Wednesday,0,Send Money,79600.0,973.0,Success,MTN Mobile Money,4,2024,2
TX_001557,USER_032,2024-10-08,2024-10-01,Tuesday,0,Pay Bill,4100.0,40.0,Success,MTN Mobile Money,10,2024,4
TX_001558,USER_032,2024-04-19,2024-04-01,Friday,0,Send Money,34800.0,638.0,Success,MTN Mobile Money,4,2024,2
TX_001559,USER_032,2024-09-07,2024-09-01,Saturday,1,Save/Investment,89700.0,706.0,Success,MTN Mobile Money,9,2024,3
TX_001560,USER_032,2024-05-06,2024-05-01,Monday,0,Send Money,35900.0,654.0,Success,Orange Money,5,2024,2
TX_001561,USER_032,2024-12-10,2024-12-01,Tuesday,0,Receive Money,15900.0,244.0,Success,MTN Mobile Money,12,2024,4
TX_001562,USER_032,2024-03-31,2024-03-01,Sunday,1,Merchant Payment,72500.0,434.0,Success,Orange Money,3,2024,1
TX_001563,USER_032,2024-12-26,2024-12-01,Thursday,0,Send Money,111500.0,1380.0,Success,MTN Mobile Money,12,2024,4
TX_001564,USER_032,2024-12-13,2024-12-01,Friday,0,Pay Bill,27000.0,164.0,Success,Orange Money,12,2024,4
TX_001565,USER_032,2024-12-13,2024-12-01,Friday,0,Send Money,108600.0,2028.0,Success,Orange Money,12,2024,4
TX_001566,USER_032,2024-08-16,2024-08-01,Friday,0,Send Money,70500.0,1134.0,Success,MTN Mobile Money,8,2024,3
TX_001567,USER_032,2025-02-07,2025-02-01,Friday,0,Save/Investment,66500.0,1105.0,Success,MTN Mobile Money,2,2025,1
TX_001568,USER_032,2024-05-02,2024-05-01,Thursday,0,Withdraw Cash,49000.0,931.0,Success,Orange Money,5,2024,2
TX_001569,USER_032,2024-09-27,2024-09-01,Friday,0,Merchant Payment,45700.0,281.0,Success,MTN Mobile Money,9,2024,3
TX_001570,USER_032,2024-08-29,2024-08-01,Thursday,0,Send Money,116900.0,2544.0,Success,Orange Money,8,2024,3
TX_001571,USER_032,2025-02-04,2025-02-01,Tuesday,0,Pay Bill,18400.0,294.0,Success,Orange Money,2,2025,1
TX_001572,USER_032,2024-10-03,2024-10-01,Thursday,0,Withdraw Cash,75000.0,1083.0,Success,MTN Mobile Money,10,2024,4
TX_001573,USER_032,2024-03-27,2024-03-01,Wednesday,0,Buy Airtime,5700.0,40.0,Success,Orange Money,3,2024,1
TX_001574,USER_032,2024-07-26,2024-07-01,Friday,0,Receive Money,70000.0,1281.0,Success,MTN Mobile Money,7,2024,3
TX_001575,USER_032,2025-01-02,2025-01-01,Thursday,0,Receive Money,15300.0,297.0,Success,Orange Money,1,2025,1
TX_001576,USER_032,2024-08-07,2024-08-01,Wednesday,0,Receive Money,39000.0,618.0,Success,MTN Mobile Money,8,2024,3
TX_001577,USER_032,2024-08-28,2024-08-01,Wednesday,0,Receive Money,70400.0,857.0,Success,Orange Money,8,2024,3
TX_001578,USER_032,2024-04-23,2024-04-01,Tuesday,0,Receive Money,72700.0,1023.0,Success,MTN Mobile Money,4,2024,2
TX_001579,USER_032,2024-12-21,2024-12-01,Saturday,1,Withdraw Cash,116900.0,2346.0,Success,Orange Money,12,2024,4
TX_001580,USER_032,2024-11-15,2024-11-01,Friday,0,Send Money,110500.0,2098.0,Failed,Orange Money,11,2024,4
TX_001581,USER_033,2024-06-17,2024-06-01,Monday,0,Send Money,116900.0,1239.0,Success,Orange Money,6,2024,2
TX_001582,USER_033,2024-05-19,2024-05-01,Sunday,1,Pay Bill,41500.0,469.0,Failed,Orange Money,5,2024,2
TX_001583,USER_033,2025-01-31,2025-01-01,Friday,0,Merchant Payment,26800.0,476.0,Success,Orange Money,1,2025,1
TX_001584,USER_033,2024-11-02,2024-11-01,Saturday,1,Withdraw Cash,20200.0,134.0,Success,Orange Money,11,2024,4
TX_001585,USER_033,2024-06-23,2024-06-01,Sunday,1,Send Money,79400.0,1556.0,Success,Orange Money,6,2024,2
TX_001586,USER_033,2024-04-25,2024-04-01,Thursday,0,Buy Airtime,8700.0,77.0,Success,Orange Money,4,2024,2
TX_001587,USER_033,2024-08-27,2024-08-01,Tuesday,0,Buy Airtime,5200.0,53.0,Success,Orange Money,8,2024,3
TX_001588,USER_033,2024-12-10,2024-12-01,Tuesday,0,Send Money,110300.0,1023.0,Success,Orange Money,12,2024,4
TX_001589,USER_033,2024-09-05,2024-09-01,Thursday,0,Receive Money,21300.0,329.0,Success,Orange Money,9,2024,3
TX_001590,USER_033,2024-04-28,2024-04-01,Sunday,1,Withdraw Cash,116900.0,2910.0,Success,Orange Money,4,2024,2
TX_001591,USER_033,2024-07-21,2024-07-01,Sunday,1,Buy Airtime,6300.0,110.0,Success,Orange Money,7,2024,3
TX_001592,USER_033,2024-12-19,2024-12-01,Thursday,0,Pay Bill,29700.0,224.0,Success,Orange Money,12,2024,4
TX_001593,USER_033,2024-06-24,2024-06-01,Monday,0,Pay Bill,45300.0,858.0,Success,Orange Money,6,2024,2
TX_001594,USER_033,2024-10-06,2024-10-01,Sunday,1,Receive Money,37300.0,736.0,Pending,Orange Money,10,2024,4
TX_001595,USER_033,2024-12-13,2024-12-01,Friday,0,Merchant Payment,70800.0,700.0,Success,Orange Money,12,2024,4
TX_001596,USER_033,2025-01-13,2025-01-01,Monday,0,Pay Bill,18900.0,306.0,Success,Orange Money,1,2025,1
TX_001597,USER_033,2025-01-09,2025-01-01,Thursday,0,Send Money,65000.0,759.0,Success,Orange Money,1,2025,1
TX_001598,USER_033,2025-02-09,2025-02-01,Sunday,1,Send Money,18500.0,133.0,Success,Orange Money,2,2025,1
TX_001599,USER_033,2025-01-24,2025-01-01,Friday,0,Send Money,95300.0,1093.0,Success,Orange Money,1,2025,1
TX_001600,USER_033,2024-12-11,2024-12-01,Wednesday,0,Save/Investment,59600.0,343.0,Success,Orange Money,12,2024,4
TX_001601,USER_033,2024-03-14,2024-03-01,Thursday,0,Merchant Payment,47600.0,827.0,Success,Orange Money,3,2024,1
TX_001602,USER_033,2025-01-06,2025-01-01,Monday,0,Merchant Payment,85500.0,1139.0,Success,Orange Money,1,2025,1
TX_001603,USER_033,2025-01-31,2025-01-01,Friday,0,Save/Investment,49700.0,296.0,Success,Orange Money,1,2025,1
TX_001604,USER_033,2025-02-19,2025-02-01,Wednesday,0,Buy Airtime,8100.0,120.0,Success,Orange Money,2,2025,1
TX_001605,USER_033,2024-07-15,2024-07-01,Monday,0,Save/Investment,72300.0,1045.0,Success,Orange Money,7,2024,3
TX_001606,USER_033,2024-03-15,2024-03-01,Friday,0,Receive Money,96800.0,589.0,Success,Orange Money,3,2024,1
TX_001607,USER_033,2024-06-01,2024-06-01,Saturday,1,Withdraw Cash,87300.0,963.0,Success,Orange Money,6,2024,2
TX_001608,USER_033,2024-07-18,2024-07-01,Thursday,0,Pay Bill,42000.0,376.0,Success,Orange Money,7,2024,3
TX_001609,USER_033,2025-02-23,2025-02-01,Sunday,1,Buy Airtime,8800.0,124.0,Success,Orange Money,2,2025,1
TX_001610,USER_033,2024-08-06,2024-08-01,Tuesday,0,Receive Money,116900.0,1062.0,Success,Orange Money,8,2024,3
TX_001611,USER_033,2024-08-21,2024-08-01,Wednesday,0,Pay Bill,12600.0,217.0,Success,Orange Money,8,2024,3
TX_001612,USER_033,2024-08-27,2024-08-01,Tuesday,0,Buy Airtime,2300.0,15.0,Success,Orange Money,8,2024,3
TX_001613,USER_033,2024-03-04,2024-03-01,Monday,0,Buy Airtime,1800.0,11.0,Success,Orange Money,3,2024,1
TX_001614,USER_033,2024-06-01,2024-06-01,Saturday,1,Save/Investment,70700.0,1331.0,Success,Orange Money,6,2024,2
TX_001615,USER_033,2024-05-13,2024-05-01,Monday,0,Save/Investment,13600.0,172.0,Success,Orange Money,5,2024,2
TX_001616,USER_033,2024-12-15,2024-12-01,Sunday,1,Receive Money,61700.0,427.0,Success,Orange Money,12,2024,4
TX_001617,USER_033,2025-01-31,2025-01-01,Friday,0,Buy Airtime,6100.0,102.0,Success,Orange Money,1,2025,1
TX_001618,USER_033,2024-09-22,2024-09-01,Sunday,1,Buy Airtime,300.0,2.0,Pending,Orange Money,9,2024,3
TX_001619,USER_033,2024-04-05,2024-04-01,Friday,0,Send Money,98000.0,749.0,Success,Orange Money,4,2024,2
TX_001620,USER_033,2024-05-12,2024-05-01,Sunday,1,Withdraw Cash,43500.0,393.0,Success,Orange Money,5,2024,2
TX_001621,USER_033,2025-01-19,2025-01-01,Sunday,1,Receive Money,28700.0,458.0,Success,Orange Money,1,2025,1
TX_001622,USER_033,2024-03-16,2024-03-01,Saturday,1,Deposit Cash,93500.0,616.0,Success,Orange Money,3,2024,1
TX_001623,USER_033,2024-04-16,2024-04-01,Tuesday,0,Receive Money,27100.0,197.0,Success,Orange Money,4,2024,2
TX_001624,USER_033,2024-11-27,2024-11-01,Wednesday,0,Receive Money,24300.0,254.0,Success,Orange Money,11,2024,4
TX_001625,USER_033,2024-06-19,2024-06-01,Wednesday,0,Withdraw Cash,116900.0,1550.0,Success,Orange Money,6,2024,2
TX_001626,USER_033,2024-09-09,2024-09-01,Monday,0,Deposit Cash,105100.0,1501.0,Success,Orange Money,9,2024,3
TX_001627,USER_033,2024-10-01,2024-10-01,Tuesday,0,Merchant Payment,2500.0,26.0,Success,Orange Money,10,2024,4
TX_001628,USER_033,2024-10-19,2024-10-01,Saturday,1,Send Money,27100.0,375.0,Success,Orange Money,10,2024,4
TX_001629,USER_033,2024-08-22,2024-08-01,Thursday,0,Withdraw Cash,49050.0,1016.0,Success,Orange Money,8,2024,3
TX_001630,USER_033,2024-05-20,2024-05-01,Monday,0,Withdraw Cash,55500.0,799.0,Success,Orange Money,5,2024,2
TX_001631,USER_033,2024-09-06,2024-09-01,Friday,0,Pay Bill,28100.0,387.0,Success,Orange Money,9,2024,3
TX_001632,USER_033,2024-08-07,2024-08-01,Wednesday,0,Pay Bill,19200.0,116.0,Success,Orange Money,8,2024,3
TX_001633,USER_033,2024-08-14,2024-08-01,Wednesday,0,Pay Bill,20400.0,260.0,Success,Orange Money,8,2024,3
TX_001634,USER_033,2024-12-16,2024-12-01,Monday,0,Withdraw Cash,116900.0,1477.0,Success,Orange Money,12,2024,4
TX_001635,USER_033,2024-12-31,2024-12-01,Tuesday,0,Send Money,89100.0,1039.0,Success,Orange Money,12,2024,4
TX_001636,USER_033,2024-04-13,2024-04-01,Saturday,1,Buy Airtime,1500.0,20.0,Success,Orange Money,4,2024,2
TX_001637,USER_033,2024-03-27,2024-03-01,Wednesday,0,Withdraw Cash,11600.0,212.0,Success,Orange Money,3,2024,1
TX_001638,USER_033,2024-05-19,2024-05-01,Sunday,1,Receive Money,27100.0,311.0,Success,Orange Money,5,2024,2
TX_001639,USER_033,2024-05-20,2024-05-01,Monday,0,Deposit Cash,94500.0,1693.0,Success,Orange Money,5,2024,2
TX_001640,USER_033,2025-01-11,2025-01-01,Saturday,1,Send Money,116900.0,2185.0,Success,Orange Money,1,2025,1
TX_001641,USER_033,2024-03-26,2024-03-01,Tuesday,0,Withdraw Cash,116900.0,2854.0,Success,Orange Money,3,2024,1
TX_001642,USER_033,2025-02-09,2025-02-01,Sunday,1,Withdraw Cash,31800.0,557.0,Success,Orange Money,2,2025,1
TX_001643,USER_033,2024-04-11,2024-04-01,Thursday,0,Merchant Payment,41500.0,629.0,Success,Orange Money,4,2024,2
TX_001644,USER_033,2024-07-18,2024-07-01,Thursday,0,Send Money,42500.0,840.0,Failed,Orange Money,7,2024,3
TX_001645,USER_033,2024-10-13,2024-10-01,Sunday,1,Receive Money,116900.0,2538.0,Success,Orange Money,10,2024,4
TX_001646,USER_033,2025-02-02,2025-02-01,Sunday,1,Send Money,116900.0,1736.0,Success,Orange Money,2,2025,1
TX_001647,USER_033,2024-10-04,2024-10-01,Friday,0,Deposit Cash,116900.0,2324.0,Success,Orange Money,10,2024,4
TX_001648,USER_033,2024-11-04,2024-11-01,Monday,0,Receive Money,45000.0,239.0,Success,Orange Money,11,2024,4
TX_001649,USER_033,2025-01-05,2025-01-01,Sunday,1,Withdraw Cash,116900.0,1094.0,Success,Orange Money,1,2025,1
TX_001650,USER_033,2024-10-13,2024-10-01,Sunday,1,Send Money,14500.0,84.0,Success,Orange Money,10,2024,4
TX_001651,USER_033,2024-09-29,2024-09-01,Sunday,1,Send Money,103400.0,904.0,Success,Orange Money,9,2024,3
TX_001652,USER_033,2024-07-18,2024-07-01,Thursday,0,Deposit Cash,116900.0,3149.0,Failed,Orange Money,7,2024,3
TX_001653,USER_033,2024-06-19,2024-06-01,Wednesday,0,Deposit Cash,116900.0,947.0,Success,Orange Money,6,2024,2
TX_001654,USER_033,2024-11-18,2024-11-01,Monday,0,Receive Money,87300.0,1096.0,Success,Orange Money,11,2024,4
TX_001655,USER_033,2024-04-28,2024-04-01,Sunday,1,Save/Investment,37000.0,466.0,Pending,Orange Money,4,2024,2
TX_001656,USER_033,2024-08-24,2024-08-01,Saturday,1,Receive Money,114300.0,958.0,Success,Orange Money,8,2024,3
TX_001657,USER_033,2024-10-07,2024-10-01,Monday,0,Receive Money,116900.0,1710.0,Success,Orange Money,10,2024,4
TX_001658,USER_033,2024-04-26,2024-04-01,Friday,0,Receive Money,71600.0,1391.0,Success,Orange Money,4,2024,2
TX_001659,USER_033,2024-07-24,2024-07-01,Wednesday,0,Pay Bill,19400.0,257.0,Success,Orange Money,7,2024,3
TX_001660,USER_033,2025-02-11,2025-02-01,Tuesday,0,Withdraw Cash,59600.0,943.0,Success,Orange Money,2,2025,1
TX_001661,USER_033,2025-02-11,2025-02-01,Tuesday,0,Save/Investment,83900.0,1413.0,Success,Orange Money,2,2025,1
TX_001662,USER_033,2024-12-29,2024-12-01,Sunday,1,Receive Money,116900.0,1392.0,Success,Orange Money,12,2024,4
TX_001663,USER_033,2024-11-05,2024-11-01,Tuesday,0,Receive Money,116900.0,871.0,Success,Orange Money,11,2024,4
TX_001664,USER_033,2024-11-25,2024-11-01,Monday,0,Pay Bill,3700.0,29.0,Success,Orange Money,11,2024,4
TX_001665,USER_033,2025-02-05,2025-02-01,Wednesday,0,Deposit Cash,53900.0,977.0,Success,Orange Money,2,2025,1
TX_001666,USER_033,2024-08-05,2024-08-01,Monday,0,Pay Bill,40900.0,794.0,Success,Orange Money,8,2024,3
TX_001667,USER_033,2024-03-24,2024-03-01,Sunday,1,Receive Money,116900.0,1907.0,Success,Orange Money,3,2024,1
TX_001668,USER_033,2024-06-21,2024-06-01,Friday,0,Buy Airtime,4600.0,82.0,Success,Orange Money,6,2024,2
TX_001669,USER_033,2024-09-19,2024-09-01,Thursday,0,Receive Money,97600.0,1282.0,Success,Orange Money,9,2024,3
TX_001670,USER_033,2025-01-01,2025-01-01,Wednesday,0,Buy Airtime,7400.0,40.0,Success,Orange Money,1,2025,1
TX_001671,USER_033,2024-03-29,2024-03-01,Friday,0,Receive Money,42800.0,466.0,Success,Orange Money,3,2024,1
TX_001672,USER_033,2024-03-04,2024-03-01,Monday,0,Deposit Cash,50800.0,813.0,Success,Orange Money,3,2024,1
TX_001673,USER_033,2024-06-13,2024-06-01,Thursday,0,Save/Investment,56300.0,878.0,Success,Orange Money,6,2024,2
TX_001674,USER_033,2024-08-02,2024-08-01,Friday,0,Pay Bill,13500.0,256.0,Success,Orange Money,8,2024,3
TX_001675,USER_033,2024-06-17,2024-06-01,Monday,0,Buy Airtime,6700.0,71.0,Success,Orange Money,6,2024,2
TX_001676,USER_033,2024-05-10,2024-05-01,Friday,0,Withdraw Cash,116900.0,1573.0,Success,Orange Money,5,2024,2
TX_001677,USER_033,2024-07-09,2024-07-01,Tuesday,0,Receive Money,116900.0,1679.0,Success,Orange Money,7,2024,3
TX_001678,USER_033,2024-07-27,2024-07-01,Saturday,1,Merchant Payment,4600.0,82.0,Pending,Orange Money,7,2024,3
TX_001679,USER_033,2024-08-15,2024-08-01,Thursday,0,Merchant Payment,73000.0,775.0,Success,Orange Money,8,2024,3
TX_001680,USER_033,2024-05-01,2024-05-01,Wednesday,0,Withdraw Cash,56100.0,429.0,Success,Orange Money,5,2024,2
TX_001681,USER_033,2024-03-04,2024-03-01,Monday,0,Receive Money,116900.0,2321.0,Success,Orange Money,3,2024,1
TX_001682,USER_033,2024-11-10,2024-11-01,Sunday,1,Withdraw Cash,116900.0,2713.0,Success,Orange Money,11,2024,4
TX_001683,USER_034,2024-10-07,2024-10-01,Monday,0,Receive Money,49800.0,877.0,Success,MTN Mobile Money,10,2024,4
TX_001684,USER_034,2024-05-29,2024-05-01,Wednesday,0,Send Money,35900.0,207.0,Failed,MTN Mobile Money,5,2024,2
TX_001685,USER_034,2024-05-06,2024-05-01,Monday,0,Save/Investment,6900.0,105.0,Success,MTN Mobile Money,5,2024,2
TX_001686,USER_034,2024-09-11,2024-09-01,Wednesday,0,Withdraw Cash,24800.0,377.0,Success,MTN Mobile Money,9,2024,3
TX_001687,USER_034,2024-11-28,2024-11-01,Thursday,0,Send Money,23000.0,154.0,Success,MTN Mobile Money,11,2024,4
TX_001688,USER_034,2025-02-24,2025-02-01,Monday,0,Send Money,29700.0,543.0,Success,MTN Mobile Money,2,2025,1
TX_001689,USER_034,2024-06-26,2024-06-01,Wednesday,0,Merchant Payment,32300.0,212.0,Success,MTN Mobile Money,6,2024,2
TX_001690,USER_034,2024-11-12,2024-11-01,Tuesday,0,Buy Airtime,3100.0,61.0,Success,MTN Mobile Money,11,2024,4
TX_001691,USER_034,2024-12-12,2024-12-01,Thursday,0,Receive Money,27100.0,199.0,Success,MTN Mobile Money,12,2024,4
TX_001692,USER_034,2025-02-06,2025-02-01,Thursday,0,Send Money,27300.0,417.0,Success,MTN Mobile Money,2,2025,1
TX_001693,USER_034,2024-08-29,2024-08-01,Thursday,0,Send Money,49900.0,676.0,Success,MTN Mobile Money,8,2024,3
TX_001694,USER_034,2024-04-06,2024-04-01,Saturday,1,Deposit Cash,13900.0,92.0,Success,MTN Mobile Money,4,2024,2
TX_001695,USER_034,2024-09-20,2024-09-01,Friday,0,Send Money,47600.0,756.0,Success,MTN Mobile Money,9,2024,3
TX_001696,USER_034,2024-03-22,2024-03-01,Friday,0,Receive Money,18000.0,271.0,Success,MTN Mobile Money,3,2024,1
TX_001697,USER_034,2024-10-10,2024-10-01,Thursday,0,Withdraw Cash,58600.0,658.0,Success,MTN Mobile Money,10,2024,4
TX_001698,USER_034,2024-03-10,2024-03-01,Sunday,1,Send Money,18300.0,359.0,Pending,MTN Mobile Money,3,2024,1
TX_001699,USER_034,2024-10-22,2024-10-01,Tuesday,0,Pay Bill,19700.0,253.0,Success,MTN Mobile Money,10,2024,4
TX_001700,USER_034,2024-04-09,2024-04-01,Tuesday,0,Receive Money,52100.0,395.0,Success,MTN Mobile Money,4,2024,2
TX_001701,USER_034,2024-08-08,2024-08-01,Thursday,0,Buy Airtime,2600.0,32.0,Success,MTN Mobile Money,8,2024,3
TX_001702,USER_034,2024-12-20,2024-12-01,Friday,0,Send Money,34900.0,551.0,Success,MTN Mobile Money,12,2024,4
TX_001703,USER_034,2024-10-06,2024-10-01,Sunday,1,Withdraw Cash,10500.0,191.0,Success,MTN Mobile Money,10,2024,4
TX_001704,USER_034,2024-12-19,2024-12-01,Thursday,0,Send Money,26100.0,461.0,Success,MTN Mobile Money,12,2024,4
TX_001705,USER_034,2024-09-24,2024-09-01,Tuesday,0,Receive Money,39900.0,259.0,Success,MTN Mobile Money,9,2024,3
TX_001706,USER_034,2025-02-27,2025-02-01,Thursday,0,Buy Airtime,2500.0,42.0,Success,MTN Mobile Money,2,2025,1
TX_001707,USER_034,2025-01-22,2025-01-01,Wednesday,0,Send Money,27000.0,141.0,Success,MTN Mobile Money,1,2025,1
TX_001708,USER_034,2024-09-30,2024-09-01,Monday,0,Receive Money,24700.0,227.0,Success,MTN Mobile Money,9,2024,3
TX_001709,USER_034,2024-07-27,2024-07-01,Saturday,1,Send Money,8400.0,130.0,Success,MTN Mobile Money,7,2024,3
TX_001710,USER_034,2024-04-28,2024-04-01,Sunday,1,Buy Airtime,300.0,3.0,Success,MTN Mobile Money,4,2024,2
TX_001711,USER_034,2024-09-24,2024-09-01,Tuesday,0,Send Money,31900.0,604.0,Success,MTN Mobile Money,9,2024,3
TX_001712,USER_034,2024-03-11,2024-03-01,Monday,0,Pay Bill,15100.0,180.0,Success,MTN Mobile Money,3,2024,1
TX_001713,USER_034,2024-08-14,2024-08-01,Wednesday,0,Send Money,53800.0,580.0,Success,MTN Mobile Money,8,2024,3
TX_001714,USER_034,2024-05-27,2024-05-01,Monday,0,Merchant Payment,19800.0,252.0,Success,MTN Mobile Money,5,2024,2
TX_001715,USER_034,2025-01-11,2025-01-01,Saturday,1,Buy Airtime,600.0,9.0,Success,MTN Mobile Money,1,2025,1
TX_001716,USER_034,2024-10-22,2024-10-01,Tuesday,0,Deposit Cash,69300.0,739.0,Success,MTN Mobile Money,10,2024,4
TX_001717,USER_034,2025-02-17,2025-02-01,Monday,0,Send Money,1100.0,21.0,Success,MTN Mobile Money,2,2025,1
TX_001718,USER_034,2024-09-02,2024-09-01,Monday,0,Pay Bill,17300.0,317.0,Success,MTN Mobile Money,9,2024,3
TX_001719,USER_034,2024-04-15,2024-04-01,Monday,0,Buy Airtime,2400.0,47.0,Success,MTN Mobile Money,4,2024,2
TX_001720,USER_034,2024-10-10,2024-10-01,Thursday,0,Buy Airtime,100.0,1.0,Success,MTN Mobile Money,10,2024,4
TX_001721,USER_034,2024-04-24,2024-04-01,Wednesday,0,Merchant Payment,30400.0,600.0,Success,MTN Mobile Money,4,2024,2
TX_001722,USER_034,2024-07-03,2024-07-01,Wednesday,0,Withdraw Cash,58900.0,867.0,Success,MTN Mobile Money,7,2024,3
TX_001723,USER_034,2024-10-10,2024-10-01,Thursday,0,Pay Bill,18100.0,172.0,Failed,MTN Mobile Money,10,2024,4
TX_001724,USER_034,2024-12-27,2024-12-01,Friday,0,Receive Money,42100.0,609.0,Success,MTN Mobile Money,12,2024,4
TX_001725,USER_034,2024-09-22,2024-09-01,Sunday,1,Pay Bill,19600.0,284.0,Success,MTN Mobile Money,9,2024,3
TX_001726,USER_034,2024-11-24,2024-11-01,Sunday,1,Buy Airtime,1100.0,10.0,Success,MTN Mobile Money,11,2024,4
TX_001727,USER_035,2024-04-10,2024-04-01,Wednesday,0,Withdraw Cash,71600.0,641.0,Failed,MTN Mobile Money,4,2024,2
TX_001728,USER_035,2024-09-19,2024-09-01,Thursday,0,Buy Airtime,8400.0,68.0,Success,MTN Mobile Money,9,2024,3
TX_001729,USER_035,2024-08-06,2024-08-01,Tuesday,0,Deposit Cash,116900.0,960.0,Success,MTN Mobile Money,8,2024,3
TX_001730,USER_035,2024-08-21,2024-08-01,Wednesday,0,Deposit Cash,82700.0,1245.0,Success,MTN Mobile Money,8,2024,3
TX_001731,USER_035,2024-06-22,2024-06-01,Saturday,1,Receive Money,116900.0,1244.0,Success,MTN Mobile Money,6,2024,2
TX_001732,USER_035,2024-08-18,2024-08-01,Sunday,1,Deposit Cash,44400.0,499.0,Success,MTN Mobile Money,8,2024,3
TX_001733,USER_035,2024-05-26,2024-05-01,Sunday,1,Pay Bill,25800.0,269.0,Success,MTN Mobile Money,5,2024,2
TX_001734,USER_035,2024-04-09,2024-04-01,Tuesday,0,Buy Airtime,5900.0,36.0,Success,MTN Mobile Money,4,2024,2
TX_001735,USER_035,2024-11-17,2024-11-01,Sunday,1,Save/Investment,49100.0,772.0,Success,MTN Mobile Money,11,2024,4
TX_001736,USER_035,2025-01-19,2025-01-01,Sunday,1,Deposit Cash,116900.0,1300.0,Success,MTN Mobile Money,1,2025,1
TX_001737,USER_035,2024-04-28,2024-04-01,Sunday,1,Receive Money,58900.0,405.0,Success,MTN Mobile Money,4,2024,2
TX_001738,USER_035,2024-11-27,2024-11-01,Wednesday,0,Send Money,76500.0,1142.0,Success,MTN Mobile Money,11,2024,4
TX_001739,USER_035,2024-11-17,2024-11-01,Sunday,1,Merchant Payment,75500.0,911.0,Success,MTN Mobile Money,11,2024,4
TX_001740,USER_035,2024-06-08,2024-06-01,Saturday,1,Receive Money,105400.0,735.0,Success,MTN Mobile Money,6,2024,2
TX_001741,USER_035,2024-08-26,2024-08-01,Monday,0,Deposit Cash,42500.0,765.0,Success,MTN Mobile Money,8,2024,3
TX_001742,USER_035,2024-08-27,2024-08-01,Tuesday,0,Merchant Payment,11000.0,162.0,Success,MTN Mobile Money,8,2024,3
TX_001743,USER_035,2025-01-25,2025-01-01,Saturday,1,Deposit Cash,93100.0,654.0,Success,MTN Mobile Money,1,2025,1
TX_001744,USER_035,2024-05-15,2024-05-01,Wednesday,0,Pay Bill,36300.0,662.0,Success,MTN Mobile Money,5,2024,2
TX_001745,USER_035,2024-06-29,2024-06-01,Saturday,1,Receive Money,3000.0,41.0,Success,MTN Mobile Money,6,2024,2
TX_001746,USER_035,2024-04-22,2024-04-01,Monday,0,Receive Money,27100.0,310.0,Pending,MTN Mobile Money,4,2024,2
TX_001747,USER_035,2024-05-14,2024-05-01,Tuesday,0,Receive Money,86700.0,1443.0,Success,MTN Mobile Money,5,2024,2
TX_001748,USER_035,2024-07-10,2024-07-01,Wednesday,0,Receive Money,88300.0,1595.0,Success,MTN Mobile Money,7,2024,3
TX_001749,USER_035,2024-06-10,2024-06-01,Monday,0,Pay Bill,13500.0,146.0,Success,MTN Mobile Money,6,2024,2
TX_001750,USER_035,2024-05-28,2024-05-01,Tuesday,0,Withdraw Cash,18500.0,235.0,Success,MTN Mobile Money,5,2024,2
TX_001751,USER_035,2025-01-03,2025-01-01,Friday,0,Pay Bill,40000.0,430.0,Failed,MTN Mobile Money,1,2025,1
TX_001752,USER_035,2024-05-18,2024-05-01,Saturday,1,Pay Bill,31600.0,549.0,Success,MTN Mobile Money,5,2024,2
TX_001753,USER_035,2025-01-30,2025-01-01,Thursday,0,Send Money,102200.0,1251.0,Success,MTN Mobile Money,1,2025,1
TX_001754,USER_035,2024-04-08,2024-04-01,Monday,0,Save/Investment,36500.0,410.0,Success,MTN Mobile Money,4,2024,2
TX_001755,USER_035,2024-05-30,2024-05-01,Thursday,0,Receive Money,112800.0,1848.0,Success,MTN Mobile Money,5,2024,2
TX_001756,USER_035,2025-01-16,2025-01-01,Thursday,0,Send Money,45200.0,424.0,Success,MTN Mobile Money,1,2025,1
TX_001757,USER_035,2024-11-08,2024-11-01,Friday,0,Send Money,116200.0,1747.0,Success,MTN Mobile Money,11,2024,4
TX_001758,USER_035,2024-10-24,2024-10-01,Thursday,0,Pay Bill,37300.0,527.0,Success,MTN Mobile Money,10,2024,4
TX_001759,USER_035,2024-12-14,2024-12-01,Saturday,1,Pay Bill,26500.0,388.0,Success,MTN Mobile Money,12,2024,4
TX_001760,USER_035,2024-12-22,2024-12-01,Sunday,1,Pay Bill,52500.0,292.0,Success,MTN Mobile Money,12,2024,4
TX_001761,USER_035,2024-10-16,2024-10-01,Wednesday,0,Receive Money,91500.0,603.0,Success,MTN Mobile Money,10,2024,4
TX_001762,USER_035,2025-02-12,2025-02-01,Wednesday,0,Send Money,14500.0,231.0,Success,MTN Mobile Money,2,2025,1
TX_001763,USER_035,2024-12-15,2024-12-01,Sunday,1,Save/Investment,4200.0,49.0,Success,MTN Mobile Money,12,2024,4
TX_001764,USER_035,2025-01-24,2025-01-01,Friday,0,Receive Money,116900.0,2634.0,Success,MTN Mobile Money,1,2025,1
TX_001765,USER_035,2025-01-20,2025-01-01,Monday,0,Buy Airtime,5900.0,48.0,Success,MTN Mobile Money,1,2025,1
TX_001766,USER_035,2025-01-14,2025-01-01,Tuesday,0,Merchant Payment,87200.0,1733.0,Success,MTN Mobile Money,1,2025,1
TX_001767,USER_036,2024-08-13,2024-08-01,Tuesday,0,Buy Airtime,1800.0,14.0,Success,MTN Mobile Money,8,2024,3
TX_001768,USER_036,2025-01-16,2025-01-01,Thursday,0,Send Money,71600.0,927.0,Success,Orange Money,1,2025,1
TX_001769,USER_036,2024-08-09,2024-08-01,Friday,0,Save/Investment,12600.0,207.0,Success,Orange Money,8,2024,3
TX_001770,USER_036,2024-05-17,2024-05-01,Friday,0,Send Money,37700.0,527.0,Success,MTN Mobile Money,5,2024,2
TX_001771,USER_036,2024-10-12,2024-10-01,Saturday,1,Withdraw Cash,60800.0,1157.0,Success,Orange Money,10,2024,4
TX_001772,USER_036,2024-04-04,2024-04-01,Thursday,0,Buy Airtime,900.0,17.0,Success,MTN Mobile Money,4,2024,2
TX_001773,USER_036,2024-10-27,2024-10-01,Sunday,1,Receive Money,33200.0,175.0,Success,Orange Money,10,2024,4
TX_001774,USER_036,2024-10-13,2024-10-01,Sunday,1,Receive Money,17300.0,265.0,Success,Orange Money,10,2024,4
TX_001775,USER_036,2025-01-18,2025-01-01,Saturday,1,Pay Bill,10400.0,183.0,Success,Orange Money,1,2025,1
TX_001776,USER_036,2024-08-03,2024-08-01,Saturday,1,Deposit Cash,65800.0,554.0,Success,Orange Money,8,2024,3
TX_001777,USER_036,2024-07-19,2024-07-01,Friday,0,Buy Airtime,4800.0,69.0,Success,MTN Mobile Money,7,2024,3
TX_001778,USER_036,2024-12-28,2024-12-01,Saturday,1,Merchant Payment,5400.0,85.0,Success,MTN Mobile Money,12,2024,4
TX_001779,USER_036,2024-03-29,2024-03-01,Friday,0,Save/Investment,5500.0,61.0,Success,Orange Money,3,2024,1
TX_001780,USER_036,2024-08-28,2024-08-01,Wednesday,0,Receive Money,55600.0,311.0,Success,Orange Money,8,2024,3
TX_001781,USER_036,2024-11-15,2024-11-01,Friday,0,Deposit Cash,40500.0,520.0,Success,Orange Money,11,2024,4
TX_001782,USER_036,2024-04-07,2024-04-01,Sunday,1,Pay Bill,18900.0,224.0,Success,Orange Money,4,2024,2
TX_001783,USER_036,2024-08-06,2024-08-01,Tuesday,0,Receive Money,27200.0,376.0,Success,MTN Mobile Money,8,2024,3
TX_001784,USER_036,2024-10-23,2024-10-01,Wednesday,0,Pay Bill,25000.0,210.0,Success,Orange Money,10,2024,4
TX_001785,USER_036,2024-10-18,2024-10-01,Friday,0,Send Money,49100.0,524.0,Success,MTN Mobile Money,10,2024,4
TX_001786,USER_036,2024-03-20,2024-03-01,Wednesday,0,Deposit Cash,10800.0,98.0,Success,Orange Money,3,2024,1
TX_001787,USER_036,2024-03-30,2024-03-01,Saturday,1,Buy Airtime,400.0,5.0,Failed,Orange Money,3,2024,1
TX_001788,USER_036,2024-09-05,2024-09-01,Thursday,0,Withdraw Cash,45600.0,297.0,Success,MTN Mobile Money,9,2024,3
TX_001789,USER_036,2024-07-25,2024-07-01,Thursday,0,Pay Bill,21600.0,250.0,Success,MTN Mobile Money,7,2024,3
TX_001790,USER_036,2024-04-09,2024-04-01,Tuesday,0,Save/Investment,34800.0,592.0,Success,Orange Money,4,2024,2
TX_001791,USER_036,2025-01-25,2025-01-01,Saturday,1,Send Money,51600.0,512.0,Success,Orange Money,1,2025,1
TX_001792,USER_036,2024-04-16,2024-04-01,Tuesday,0,Receive Money,75900.0,573.0,Failed,MTN Mobile Money,4,2024,2
TX_001793,USER_036,2025-01-09,2025-01-01,Thursday,0,Send Money,19400.0,336.0,Success,MTN Mobile Money,1,2025,1
TX_001794,USER_036,2024-12-30,2024-12-01,Monday,0,Pay Bill,13000.0,208.0,Success,MTN Mobile Money,12,2024,4
TX_001795,USER_036,2024-11-15,2024-11-01,Friday,0,Receive Money,44600.0,712.0,Success,Orange Money,11,2024,4
TX_001796,USER_036,2024-09-13,2024-09-01,Friday,0,Pay Bill,10100.0,72.0,Success,Orange Money,9,2024,3
TX_001797,USER_036,2024-10-23,2024-10-01,Wednesday,0,Merchant Payment,22500.0,292.0,Success,Orange Money,10,2024,4
TX_001798,USER_036,2024-12-23,2024-12-01,Monday,0,Send Money,70800.0,1270.0,Success,Orange Money,12,2024,4
TX_001799,USER_036,2024-12-09,2024-12-01,Monday,0,Buy Airtime,800.0,8.0,Success,Orange Money,12,2024,4
TX_001800,USER_036,2024-03-22,2024-03-01,Friday,0,Send Money,35500.0,489.0,Success,Orange Money,3,2024,1
TX_001801,USER_036,2024-10-17,2024-10-01,Thursday,0,Withdraw Cash,39200.0,757.0,Success,Orange Money,10,2024,4
TX_001802,USER_036,2024-12-18,2024-12-01,Wednesday,0,Send Money,39800.0,642.0,Success,Orange Money,12,2024,4
TX_001803,USER_036,2025-01-28,2025-01-01,Tuesday,0,Send Money,63000.0,332.0,Success,Orange Money,1,2025,1
TX_001804,USER_036,2024-06-05,2024-06-01,Wednesday,0,Receive Money,58600.0,506.0,Success,MTN Mobile Money,6,2024,2
TX_001805,USER_036,2024-08-12,2024-08-01,Monday,0,Deposit Cash,98900.0,1502.0,Pending,Orange Money,8,2024,3
TX_001806,USER_036,2025-01-04,2025-01-01,Saturday,1,Receive Money,500.0,3.0,Failed,MTN Mobile Money,1,2025,1
TX_001807,USER_036,2024-10-30,2024-10-01,Wednesday,0,Send Money,41900.0,566.0,Success,Orange Money,10,2024,4
TX_001808,USER_036,2024-11-12,2024-11-01,Tuesday,0,Receive Money,54700.0,326.0,Success,MTN Mobile Money,11,2024,4
TX_001809,USER_036,2024-05-17,2024-05-01,Friday,0,Withdraw Cash,41000.0,743.0,Success,MTN Mobile Money,5,2024,2
TX_001810,USER_036,2024-04-01,2024-04-01,Monday,0,Buy Airtime,1900.0,37.0,Success,MTN Mobile Money,4,2024,2
TX_001811,USER_036,2024-10-17,2024-10-01,Thursday,0,Receive Money,62600.0,657.0,Success,Orange Money,10,2024,4
TX_001812,USER_036,2024-04-22,2024-04-01,Monday,0,Deposit Cash,11200.0,214.0,Success,Orange Money,4,2024,2
TX_001813,USER_036,2024-08-23,2024-08-01,Friday,0,Pay Bill,26200.0,181.0,Success,MTN Mobile Money,8,2024,3
TX_001814,USER_036,2024-04-13,2024-04-01,Saturday,1,Save/Investment,6800.0,77.0,Success,MTN Mobile Money,4,2024,2
TX_001815,USER_036,2024-11-14,2024-11-01,Thursday,0,Send Money,2100.0,36.0,Success,MTN Mobile Money,11,2024,4
TX_001816,USER_036,2025-01-25,2025-01-01,Saturday,1,Send Money,65400.0,1114.0,Success,MTN Mobile Money,1,2025,1
TX_001817,USER_036,2024-05-28,2024-05-01,Tuesday,0,Buy Airtime,4600.0,91.0,Success,MTN Mobile Money,5,2024,2
TX_001818,USER_036,2024-03-21,2024-03-01,Thursday,0,Send Money,8000.0,41.0,Success,MTN Mobile Money,3,2024,1
TX_001819,USER_036,2024-07-05,2024-07-01,Friday,0,Receive Money,27600.0,548.0,Success,MTN Mobile Money,7,2024,3
TX_001820,USER_036,2025-02-26,2025-02-01,Wednesday,0,Merchant Payment,26100.0,273.0,Success,MTN Mobile Money,2,2025,1
TX_001821,USER_036,2024-10-11,2024-10-01,Friday,0,Withdraw Cash,12900.0,109.0,Success,Orange Money,10,2024,4
TX_001822,USER_036,2024-10-11,2024-10-01,Friday,0,Withdraw Cash,29700.0,406.0,Success,Orange Money,10,2024,4
TX_001823,USER_036,2024-11-24,2024-11-01,Sunday,1,Send Money,74500.0,496.0,Success,Orange Money,11,2024,4
TX_001824,USER_037,2024-11-23,2024-11-01,Saturday,1,Send Money,9900.0,73.0,Success,Orange Money,11,2024,4
TX_001825,USER_037,2025-01-07,2025-01-01,Tuesday,0,Withdraw Cash,1000.0,13.0,Success,Orange Money,1,2025,1
TX_001826,USER_037,2024-05-21,2024-05-01,Tuesday,0,Pay Bill,6900.0,67.0,Success,Orange Money,5,2024,2
TX_001827,USER_037,2024-09-03,2024-09-01,Tuesday,0,Withdraw Cash,34900.0,275.0,Success,Orange Money,9,2024,3
TX_001828,USER_037,2024-09-07,2024-09-01,Saturday,1,Merchant Payment,7000.0,93.0,Success,Orange Money,9,2024,3
TX_001829,USER_037,2024-07-23,2024-07-01,Tuesday,0,Send Money,18900.0,243.0,Success,Orange Money,7,2024,3
TX_001830,USER_037,2024-09-15,2024-09-01,Sunday,1,Pay Bill,9600.0,133.0,Success,Orange Money,9,2024,3
TX_001831,USER_037,2024-09-26,2024-09-01,Thursday,0,Buy Airtime,1400.0,24.0,Success,Orange Money,9,2024,3
TX_001832,USER_037,2024-08-21,2024-08-01,Wednesday,0,Send Money,22800.0,346.0,Success,Orange Money,8,2024,3
TX_001833,USER_037,2025-02-11,2025-02-01,Tuesday,0,Pay Bill,4300.0,65.0,Success,Orange Money,2,2025,1
TX_001834,USER_037,2025-01-01,2025-01-01,Wednesday,0,Buy Airtime,1800.0,31.0,Failed,Orange Money,1,2025,1
TX_001835,USER_037,2024-03-27,2024-03-01,Wednesday,0,Save/Investment,400.0,6.0,Success,Orange Money,3,2024,1
TX_001836,USER_037,2025-01-18,2025-01-01,Saturday,1,Deposit Cash,10400.0,205.0,Success,Orange Money,1,2025,1
TX_001837,USER_037,2025-01-26,2025-01-01,Sunday,1,Deposit Cash,3800.0,29.0,Success,Orange Money,1,2025,1
TX_001838,USER_037,2024-08-19,2024-08-01,Monday,0,Send Money,26200.0,136.0,Success,Orange Money,8,2024,3
TX_001839,USER_037,2024-04-03,2024-04-01,Wednesday,0,Receive Money,19600.0,303.0,Success,Orange Money,4,2024,2
TX_001840,USER_037,2024-08-16,2024-08-01,Friday,0,Send Money,2400.0,33.0,Success,Orange Money,8,2024,3
TX_001841,USER_037,2024-04-18,2024-04-01,Thursday,0,Withdraw Cash,20600.0,234.0,Success,Orange Money,4,2024,2
TX_001842,USER_037,2024-12-11,2024-12-01,Wednesday,0,Send Money,10900.0,214.0,Success,Orange Money,12,2024,4
TX_001843,USER_037,2025-02-11,2025-02-01,Tuesday,0,Receive Money,18900.0,335.0,Success,Orange Money,2,2025,1
TX_001844,USER_037,2024-09-14,2024-09-01,Saturday,1,Send Money,2600.0,33.0,Failed,Orange Money,9,2024,3
TX_001845,USER_037,2024-07-24,2024-07-01,Wednesday,0,Withdraw Cash,3200.0,25.0,Success,Orange Money,7,2024,3
TX_001846,USER_037,2024-07-08,2024-07-01,Monday,0,Deposit Cash,24900.0,365.0,Success,Orange Money,7,2024,3
TX_001847,USER_037,2025-01-31,2025-01-01,Friday,0,Deposit Cash,31600.0,281.0,Success,Orange Money,1,2025,1
TX_001848,USER_037,2025-01-03,2025-01-01,Friday,0,Receive Money,1500.0,12.0,Success,Orange Money,1,2025,1
TX_001849,USER_037,2024-05-16,2024-05-01,Thursday,0,Receive Money,13500.0,170.0,Success,Orange Money,5,2024,2
TX_001850,USER_037,2024-08-18,2024-08-01,Sunday,1,Receive Money,1100.0,15.0,Success,Orange Money,8,2024,3
TX_001851,USER_037,2024-04-11,2024-04-01,Thursday,0,Receive Money,27800.0,450.0,Success,Orange Money,4,2024,2
TX_001852,USER_037,2024-12-24,2024-12-01,Tuesday,0,Pay Bill,1900.0,29.0,Success,Orange Money,12,2024,4
TX_001853,USER_037,2025-02-03,2025-02-01,Monday,0,Pay Bill,1200.0,21.0,Success,Orange Money,2,2025,1
TX_001854,USER_037,2024-05-12,2024-05-01,Sunday,1,Merchant Payment,17300.0,207.0,Success,Orange Money,5,2024,2
TX_001855,USER_038,2024-08-27,2024-08-01,Tuesday,0,Buy Airtime,4000.0,46.0,Success,Orange Money,8,2024,3
TX_001856,USER_038,2024-08-06,2024-08-01,Tuesday,0,Pay Bill,28300.0,348.0,Success,Orange Money,8,2024,3
TX_001857,USER_038,2025-01-30,2025-01-01,Thursday,0,Withdraw Cash,82300.0,1096.0,Success,Orange Money,1,2025,1
TX_001858,USER_038,2025-02-21,2025-02-01,Friday,0,Pay Bill,29100.0,474.0,Success,Orange Money,2,2025,1
TX_001859,USER_038,2025-02-03,2025-02-01,Monday,0,Send Money,37700.0,554.0,Success,Orange Money,2,2025,1
TX_001860,USER_038,2024-09-17,2024-09-01,Tuesday,0,Send Money,68300.0,903.0,Success,Orange Money,9,2024,3
TX_001861,USER_038,2024-05-06,2024-05-01,Monday,0,Receive Money,22900.0,297.0,Success,Orange Money,5,2024,2
TX_001862,USER_038,2024-12-30,2024-12-01,Monday,0,Send Money,65100.0,455.0,Success,Orange Money,12,2024,4
TX_001863,USER_038,2025-02-26,2025-02-01,Wednesday,0,Pay Bill,16000.0,263.0,Success,Orange Money,2,2025,1
TX_001864,USER_038,2024-04-13,2024-04-01,Saturday,1,Withdraw Cash,62200.0,417.0,Success,Orange Money,4,2024,2
TX_001865,USER_038,2024-08-06,2024-08-01,Tuesday,0,Pay Bill,12500.0,202.0,Success,Orange Money,8,2024,3
TX_001866,USER_038,2024-12-12,2024-12-01,Thursday,0,Receive Money,14100.0,118.0,Success,Orange Money,12,2024,4
TX_001867,USER_038,2024-09-09,2024-09-01,Monday,0,Pay Bill,15900.0,120.0,Success,Orange Money,9,2024,3
TX_001868,USER_038,2025-01-24,2025-01-01,Friday,0,Deposit Cash,26500.0,328.0,Pending,Orange Money,1,2025,1
TX_001869,USER_038,2024-08-16,2024-08-01,Friday,0,Receive Money,47800.0,304.0,Success,Orange Money,8,2024,3
TX_001870,USER_038,2024-05-05,2024-05-01,Sunday,1,Send Money,76800.0,1208.0,Success,Orange Money,5,2024,2
TX_001871,USER_038,2025-02-07,2025-02-01,Friday,0,Withdraw Cash,59400.0,698.0,Success,Orange Money,2,2025,1
TX_001872,USER_038,2025-02-23,2025-02-01,Sunday,1,Save/Investment,25200.0,478.0,Success,Orange Money,2,2025,1
TX_001873,USER_038,2025-02-14,2025-02-01,Friday,0,Buy Airtime,2300.0,19.0,Success,Orange Money,2,2025,1
TX_001874,USER_038,2024-11-25,2024-11-01,Monday,0,Receive Money,41000.0,439.0,Success,Orange Money,11,2024,4
TX_001875,USER_038,2024-04-17,2024-04-01,Wednesday,0,Save/Investment,17800.0,210.0,Success,Orange Money,4,2024,2
TX_001876,USER_038,2025-01-25,2025-01-01,Saturday,1,Send Money,62100.0,842.0,Success,Orange Money,1,2025,1
TX_001877,USER_038,2025-02-07,2025-02-01,Friday,0,Send Money,46000.0,405.0,Success,Orange Money,2,2025,1
TX_001878,USER_038,2024-10-03,2024-10-01,Thursday,0,Send Money,10900.0,105.0,Success,Orange Money,10,2024,4
TX_001879,USER_038,2024-11-16,2024-11-01,Saturday,1,Save/Investment,15800.0,110.0,Success,Orange Money,11,2024,4
TX_001880,USER_038,2024-09-02,2024-09-01,Monday,0,Buy Airtime,400.0,7.0,Failed,Orange Money,9,2024,3
TX_001881,USER_038,2024-03-10,2024-03-01,Sunday,1,Receive Money,36300.0,194.0,Success,Orange Money,3,2024,1
TX_001882,USER_038,2024-09-02,2024-09-01,Monday,0,Pay Bill,8800.0,71.0,Success,Orange Money,9,2024,3
TX_001883,USER_038,2024-08-06,2024-08-01,Tuesday,0,Pay Bill,6200.0,95.0,Success,Orange Money,8,2024,3
TX_001884,USER_038,2024-06-01,2024-06-01,Saturday,1,Deposit Cash,12600.0,211.0,Success,Orange Money,6,2024,2
TX_001885,USER_038,2024-06-18,2024-06-01,Tuesday,0,Send Money,55700.0,647.0,Failed,Orange Money,6,2024,2
TX_001886,USER_038,2024-08-22,2024-08-01,Thursday,0,Send Money,51600.0,554.0,Failed,Orange Money,8,2024,3
TX_001887,USER_038,2024-11-04,2024-11-01,Monday,0,Receive Money,77000.0,1426.0,Success,Orange Money,11,2024,4
TX_001888,USER_038,2024-06-07,2024-06-01,Friday,0,Deposit Cash,99600.0,875.0,Success,Orange Money,6,2024,2
TX_001889,USER_038,2024-06-24,2024-06-01,Monday,0,Buy Airtime,1500.0,8.0,Success,Orange Money,6,2024,2
TX_001890,USER_038,2024-05-10,2024-05-01,Friday,0,Receive Money,35800.0,271.0,Success,Orange Money,5,2024,2
TX_001891,USER_038,2024-05-19,2024-05-01,Sunday,1,Withdraw Cash,9400.0,139.0,Success,Orange Money,5,2024,2
TX_001892,USER_038,2024-04-09,2024-04-01,Tuesday,0,Save/Investment,600.0,5.0,Failed,Orange Money,4,2024,2
TX_001893,USER_038,2024-07-30,2024-07-01,Tuesday,0,Merchant Payment,36100.0,595.0,Success,Orange Money,7,2024,3
TX_001894,USER_038,2024-04-21,2024-04-01,Sunday,1,Pay Bill,7700.0,59.0,Success,Orange Money,4,2024,2
TX_001895,USER_038,2024-11-15,2024-11-01,Friday,0,Send Money,37800.0,721.0,Success,Orange Money,11,2024,4
TX_001896,USER_038,2024-12-02,2024-12-01,Monday,0,Save/Investment,49700.0,663.0,Success,Orange Money,12,2024,4
TX_001897,USER_038,2024-11-25,2024-11-01,Monday,0,Receive Money,34200.0,330.0,Success,Orange Money,11,2024,4
TX_001898,USER_038,2024-03-20,2024-03-01,Wednesday,0,Save/Investment,8100.0,130.0,Success,Orange Money,3,2024,1
TX_001899,USER_038,2025-02-02,2025-02-01,Sunday,1,Buy Airtime,4600.0,43.0,Success,Orange Money,2,2025,1
TX_001900,USER_038,2024-08-20,2024-08-01,Tuesday,0,Buy Airtime,3600.0,55.0,Success,Orange Money,8,2024,3
TX_001901,USER_038,2025-01-11,2025-01-01,Saturday,1,Receive Money,76500.0,1442.0,Success,Orange Money,1,2025,1
TX_001902,USER_038,2024-05-07,2024-05-01,Tuesday,0,Deposit Cash,45800.0,521.0,Success,Orange Money,5,2024,2
TX_001903,USER_038,2024-12-31,2024-12-01,Tuesday,0,Pay Bill,16600.0,89.0,Success,Orange Money,12,2024,4
TX_001904,USER_038,2024-09-09,2024-09-01,Monday,0,Withdraw Cash,68300.0,992.0,Success,Orange Money,9,2024,3
TX_001905,USER_038,2024-05-18,2024-05-01,Saturday,1,Send Money,44800.0,753.0,Success,Orange Money,5,2024,2
TX_001906,USER_038,2024-05-23,2024-05-01,Thursday,0,Receive Money,11300.0,207.0,Success,Orange Money,5,2024,2
TX_001907,USER_038,2024-06-01,2024-06-01,Saturday,1,Merchant Payment,29400.0,444.0,Success,Orange Money,6,2024,2
TX_001908,USER_038,2025-02-18,2025-02-01,Tuesday,0,Buy Airtime,2100.0,27.0,Success,Orange Money,2,2025,1
TX_001909,USER_038,2025-01-14,2025-01-01,Tuesday,0,Receive Money,31400.0,202.0,Success,Orange Money,1,2025,1
TX_001910,USER_038,2024-05-24,2024-05-01,Friday,0,Send Money,52000.0,582.0,Success,Orange Money,5,2024,2
TX_001911,USER_038,2024-10-11,2024-10-01,Friday,0,Withdraw Cash,7600.0,106.0,Success,Orange Money,10,2024,4
TX_001912,USER_038,2024-03-23,2024-03-01,Saturday,1,Deposit Cash,17900.0,330.0,Success,Orange Money,3,2024,1
TX_001913,USER_038,2024-09-27,2024-09-01,Friday,0,Merchant Payment,24400.0,320.0,Success,Orange Money,9,2024,3
TX_001914,USER_038,2024-09-03,2024-09-01,Tuesday,0,Merchant Payment,22500.0,205.0,Success,Orange Money,9,2024,3
TX_001915,USER_038,2025-02-10,2025-02-01,Monday,0,Receive Money,23300.0,210.0,Success,Orange Money,2,2025,1
TX_001916,USER_038,2024-06-30,2024-06-01,Sunday,1,Send Money,54400.0,413.0,Success,Orange Money,6,2024,2
TX_001917,USER_038,2024-10-14,2024-10-01,Monday,0,Send Money,22000.0,364.0,Success,Orange Money,10,2024,4
TX_001918,USER_038,2025-01-07,2025-01-01,Tuesday,0,Receive Money,37400.0,451.0,Success,Orange Money,1,2025,1
TX_001919,USER_038,2024-07-24,2024-07-01,Wednesday,0,Withdraw Cash,51800.0,780.0,Success,Orange Money,7,2024,3
TX_001920,USER_038,2024-10-16,2024-10-01,Wednesday,0,Send Money,32500.0,605.0,Success,Orange Money,10,2024,4
TX_001921,USER_038,2024-06-28,2024-06-01,Friday,0,Buy Airtime,2700.0,28.0,Success,Orange Money,6,2024,2
TX_001922,USER_038,2024-11-29,2024-11-01,Friday,0,Buy Airtime,2100.0,33.0,Success,Orange Money,11,2024,4
TX_001923,USER_038,2024-07-01,2024-07-01,Monday,0,Send Money,36400.0,405.0,Success,Orange Money,7,2024,3
TX_001924,USER_038,2024-08-06,2024-08-01,Tuesday,0,Receive Money,51400.0,934.0,Success,Orange Money,8,2024,3
TX_001925,USER_038,2024-10-27,2024-10-01,Sunday,1,Merchant Payment,49700.0,328.0,Success,Orange Money,10,2024,4
TX_001926,USER_038,2024-06-08,2024-06-01,Saturday,1,Save/Investment,47900.0,310.0,Success,Orange Money,6,2024,2
TX_001927,USER_038,2024-09-05,2024-09-01,Thursday,0,Send Money,79700.0,614.0,Success,Orange Money,9,2024,3
TX_001928,USER_038,2025-02-11,2025-02-01,Tuesday,0,Deposit Cash,3000.0,42.0,Success,Orange Money,2,2025,1
TX_001929,USER_038,2024-12-18,2024-12-01,Wednesday,0,Deposit Cash,29100.0,445.0,Success,Orange Money,12,2024,4
TX_001930,USER_038,2024-10-12,2024-10-01,Saturday,1,Receive Money,3300.0,37.0,Success,Orange Money,10,2024,4
TX_001931,USER_038,2024-10-23,2024-10-01,Wednesday,0,Deposit Cash,80200.0,951.0,Success,Orange Money,10,2024,4
TX_001932,USER_039,2024-07-23,2024-07-01,Tuesday,0,Pay Bill,6300.0,57.0,Success,Orange Money,7,2024,3
TX_001933,USER_039,2024-09-12,2024-09-01,Thursday,0,Pay Bill,9600.0,61.0,Success,Orange Money,9,2024,3
TX_001934,USER_039,2024-11-13,2024-11-01,Wednesday,0,Receive Money,11300.0,126.0,Success,Orange Money,11,2024,4
TX_001935,USER_039,2024-11-26,2024-11-01,Tuesday,0,Buy Airtime,1300.0,15.0,Success,Orange Money,11,2024,4
TX_001936,USER_039,2024-10-01,2024-10-01,Tuesday,0,Receive Money,9000.0,164.0,Success,Orange Money,10,2024,4
TX_001937,USER_039,2024-05-22,2024-05-01,Wednesday,0,Pay Bill,1400.0,17.0,Success,Orange Money,5,2024,2
TX_001938,USER_039,2024-06-11,2024-06-01,Tuesday,0,Buy Airtime,2500.0,19.0,Success,Orange Money,6,2024,2
TX_001939,USER_039,2025-01-04,2025-01-01,Saturday,1,Deposit Cash,66300.0,467.0,Success,Orange Money,1,2025,1
TX_001940,USER_039,2024-05-10,2024-05-01,Friday,0,Receive Money,3700.0,37.0,Success,Orange Money,5,2024,2
TX_001941,USER_039,2024-07-07,2024-07-01,Sunday,1,Withdraw Cash,37700.0,270.0,Success,Orange Money,7,2024,3
TX_001942,USER_039,2024-03-27,2024-03-01,Wednesday,0,Deposit Cash,12900.0,182.0,Success,Orange Money,3,2024,1
TX_001943,USER_039,2025-01-23,2025-01-01,Thursday,0,Buy Airtime,1200.0,8.0,Success,Orange Money,1,2025,1
TX_001944,USER_039,2024-11-02,2024-11-01,Saturday,1,Send Money,24200.0,360.0,Success,Orange Money,11,2024,4
TX_001945,USER_039,2024-09-07,2024-09-01,Saturday,1,Send Money,29200.0,411.0,Failed,Orange Money,9,2024,3
TX_001946,USER_039,2024-12-09,2024-12-01,Monday,0,Buy Airtime,1700.0,23.0,Failed,Orange Money,12,2024,4
TX_001947,USER_039,2024-04-22,2024-04-01,Monday,0,Deposit Cash,23100.0,198.0,Success,Orange Money,4,2024,2
TX_001948,USER_039,2025-02-28,2025-02-01,Friday,0,Pay Bill,15800.0,198.0,Success,Orange Money,2,2025,1
TX_001949,USER_039,2024-11-20,2024-11-01,Wednesday,0,Withdraw Cash,56600.0,529.0,Success,Orange Money,11,2024,4
TX_001950,USER_039,2024-05-03,2024-05-01,Friday,0,Pay Bill,18700.0,331.0,Success,Orange Money,5,2024,2
TX_001951,USER_039,2024-07-24,2024-07-01,Wednesday,0,Withdraw Cash,61900.0,770.0,Success,Orange Money,7,2024,3
TX_001952,USER_039,2024-04-12,2024-04-01,Friday,0,Withdraw Cash,16000.0,173.0,Success,Orange Money,4,2024,2
TX_001953,USER_039,2024-05-22,2024-05-01,Wednesday,0,Withdraw Cash,28700.0,236.0,Success,Orange Money,5,2024,2
TX_001954,USER_039,2024-07-18,2024-07-01,Thursday,0,Receive Money,10100.0,163.0,Success,Orange Money,7,2024,3
TX_001955,USER_039,2024-10-17,2024-10-01,Thursday,0,Pay Bill,8500.0,168.0,Success,Orange Money,10,2024,4
TX_001956,USER_039,2024-11-18,2024-11-01,Monday,0,Send Money,5300.0,73.0,Success,Orange Money,11,2024,4
TX_001957,USER_039,2024-05-15,2024-05-01,Wednesday,0,Pay Bill,9500.0,55.0,Success,Orange Money,5,2024,2
TX_001958,USER_039,2024-10-10,2024-10-01,Thursday,0,Pay Bill,3700.0,24.0,Success,Orange Money,10,2024,4
TX_001959,USER_039,2024-04-16,2024-04-01,Tuesday,0,Send Money,34300.0,273.0,Success,Orange Money,4,2024,2
TX_001960,USER_039,2024-06-22,2024-06-01,Saturday,1,Send Money,53700.0,957.0,Success,Orange Money,6,2024,2
TX_001961,USER_039,2024-10-17,2024-10-01,Thursday,0,Receive Money,12000.0,149.0,Success,Orange Money,10,2024,4
TX_001962,USER_039,2024-08-26,2024-08-01,Monday,0,Withdraw Cash,37000.0,684.0,Success,Orange Money,8,2024,3
TX_001963,USER_039,2024-03-14,2024-03-01,Thursday,0,Deposit Cash,55600.0,384.0,Success,Orange Money,3,2024,1
TX_001964,USER_039,2024-09-29,2024-09-01,Sunday,1,Receive Money,27100.0,130.0,Success,Orange Money,9,2024,3
TX_001965,USER_039,2024-03-28,2024-03-01,Thursday,0,Pay Bill,19900.0,137.0,Pending,Orange Money,3,2024,1
TX_001966,USER_039,2024-09-19,2024-09-01,Thursday,0,Receive Money,43400.0,438.0,Success,Orange Money,9,2024,3
TX_001967,USER_039,2024-11-13,2024-11-01,Wednesday,0,Deposit Cash,22100.0,329.0,Success,Orange Money,11,2024,4
TX_001968,USER_039,2024-09-08,2024-09-01,Sunday,1,Pay Bill,10800.0,173.0,Success,Orange Money,9,2024,3
TX_001969,USER_039,2024-06-29,2024-06-01,Saturday,1,Buy Airtime,3100.0,18.0,Success,Orange Money,6,2024,2
TX_001970,USER_039,2024-09-14,2024-09-01,Saturday,1,Withdraw Cash,31000.0,343.0,Success,Orange Money,9,2024,3
TX_001971,USER_039,2024-04-11,2024-04-01,Thursday,0,Pay Bill,3300.0,40.0,Success,Orange Money,4,2024,2
TX_001972,USER_039,2024-09-08,2024-09-01,Sunday,1,Receive Money,27100.0,539.0,Success,Orange Money,9,2024,3
TX_001973,USER_039,2024-06-23,2024-06-01,Sunday,1,Deposit Cash,29400.0,486.0,Success,Orange Money,6,2024,2
TX_001974,USER_039,2024-03-15,2024-03-01,Friday,0,Send Money,11700.0,129.0,Success,Orange Money,3,2024,1
TX_001975,USER_039,2024-08-11,2024-08-01,Sunday,1,Receive Money,36800.0,576.0,Success,Orange Money,8,2024,3
TX_001976,USER_039,2024-04-20,2024-04-01,Saturday,1,Receive Money,32500.0,329.0,Success,Orange Money,4,2024,2
TX_001977,USER_039,2025-01-27,2025-01-01,Monday,0,Save/Investment,4800.0,29.0,Success,Orange Money,1,2025,1
TX_001978,USER_039,2024-08-19,2024-08-01,Monday,0,Receive Money,36500.0,363.0,Success,Orange Money,8,2024,3
TX_001979,USER_039,2024-05-14,2024-05-01,Tuesday,0,Receive Money,39000.0,217.0,Success,Orange Money,5,2024,2
TX_001980,USER_039,2024-05-10,2024-05-01,Friday,0,Pay Bill,19900.0,112.0,Success,Orange Money,5,2024,2
TX_001981,USER_039,2024-03-20,2024-03-01,Wednesday,0,Buy Airtime,3200.0,18.0,Success,Orange Money,3,2024,1
TX_001982,USER_039,2024-07-25,2024-07-01,Thursday,0,Deposit Cash,17500.0,318.0,Success,Orange Money,7,2024,3
TX_001983,USER_039,2024-10-28,2024-10-01,Monday,0,Withdraw Cash,65400.0,972.0,Success,Orange Money,10,2024,4
TX_001984,USER_039,2025-02-20,2025-02-01,Thursday,0,Send Money,51600.0,622.0,Success,Orange Money,2,2025,1
TX_001985,USER_039,2024-05-11,2024-05-01,Saturday,1,Withdraw Cash,34100.0,234.0,Success,Orange Money,5,2024,2
TX_001986,USER_039,2025-02-25,2025-02-01,Tuesday,0,Send Money,32300.0,463.0,Success,Orange Money,2,2025,1
TX_001987,USER_039,2024-10-27,2024-10-01,Sunday,1,Deposit Cash,60400.0,860.0,Success,Orange Money,10,2024,4
TX_001988,USER_039,2024-10-16,2024-10-01,Wednesday,0,Withdraw Cash,29700.0,400.0,Success,Orange Money,10,2024,4
TX_001989,USER_039,2025-01-10,2025-01-01,Friday,0,Receive Money,51400.0,360.0,Success,Orange Money,1,2025,1
TX_001990,USER_039,2024-03-03,2024-03-01,Sunday,1,Send Money,51800.0,346.0,Success,Orange Money,3,2024,1
TX_001991,USER_039,2024-04-10,2024-04-01,Wednesday,0,Receive Money,21100.0,173.0,Success,Orange Money,4,2024,2
TX_001992,USER_039,2024-03-10,2024-03-01,Sunday,1,Pay Bill,1400.0,14.0,Success,Orange Money,3,2024,1
TX_001993,USER_039,2024-07-10,2024-07-01,Wednesday,0,Withdraw Cash,50900.0,788.0,Success,Orange Money,7,2024,3
TX_001994,USER_039,2024-06-19,2024-06-01,Wednesday,0,Send Money,15500.0,271.0,Pending,Orange Money,6,2024,2
TX_001995,USER_039,2024-05-16,2024-05-01,Thursday,0,Pay Bill,900.0,6.0,Success,Orange Money,5,2024,2
TX_001996,USER_039,2024-12-06,2024-12-01,Friday,0,Buy Airtime,300.0,6.0,Success,Orange Money,12,2024,4
TX_001997,USER_039,2025-01-06,2025-01-01,Monday,0,Merchant Payment,27300.0,446.0,Success,Orange Money,1,2025,1
TX_001998,USER_039,2024-11-26,2024-11-01,Tuesday,0,Buy Airtime,2300.0,33.0,Success,Orange Money,11,2024,4
TX_001999,USER_039,2024-10-03,2024-10-01,Thursday,0,Save/Investment,25700.0,428.0,Success,Orange Money,10,2024,4
TX_002000,USER_039,2024-04-26,2024-04-01,Friday,0,Receive Money,5000.0,61.0,Success,Orange Money,4,2024,2
TX_002001,USER_039,2024-07-26,2024-07-01,Friday,0,Deposit Cash,31500.0,427.0,Success,Orange Money,7,2024,3
TX_002002,USER_039,2024-06-30,2024-06-01,Sunday,1,Send Money,34600.0,603.0,Success,Orange Money,6,2024,2
TX_002003,USER_039,2024-08-02,2024-08-01,Friday,0,Buy Airtime,2100.0,16.0,Success,Orange Money,8,2024,3
TX_002004,USER_039,2024-05-02,2024-05-01,Thursday,0,Save/Investment,14000.0,118.0,Success,Orange Money,5,2024,2
TX_002005,USER_039,2024-03-25,2024-03-01,Monday,0,Buy Airtime,2200.0,32.0,Success,Orange Money,3,2024,1
TX_002006,USER_039,2024-07-01,2024-07-01,Monday,0,Merchant Payment,13700.0,133.0,Success,Orange Money,7,2024,3
TX_002007,USER_039,2024-10-01,2024-10-01,Tuesday,0,Receive Money,48400.0,917.0,Success,Orange Money,10,2024,4
TX_002008,USER_039,2025-01-22,2025-01-01,Wednesday,0,Deposit Cash,54900.0,1041.0,Success,Orange Money,1,2025,1
TX_002009,USER_039,2025-01-13,2025-01-01,Monday,0,Buy Airtime,1000.0,17.0,Success,Orange Money,1,2025,1
TX_002010,USER_039,2024-10-21,2024-10-01,Monday,0,Buy Airtime,1200.0,12.0,Success,Orange Money,10,2024,4
TX_002011,USER_039,2024-04-02,2024-04-01,Tuesday,0,Deposit Cash,42900.0,764.0,Success,Orange Money,4,2024,2
TX_002012,USER_039,2024-04-26,2024-04-01,Friday,0,Pay Bill,9800.0,51.0,Success,Orange Money,4,2024,2
TX_002013,USER_039,2024-11-11,2024-11-01,Monday,0,Buy Airtime,2100.0,34.0,Success,Orange Money,11,2024,4
TX_002014,USER_039,2024-12-31,2024-12-01,Tuesday,0,Receive Money,27100.0,95.0,Success,Orange Money,12,2024,4
TX_002015,USER_039,2024-11-30,2024-11-01,Saturday,1,Send Money,24300.0,324.0,Success,Orange Money,11,2024,4
TX_002016,USER_039,2024-03-09,2024-03-01,Saturday,1,Withdraw Cash,45300.0,453.0,Success,Orange Money,3,2024,1
TX_002017,USER_039,2025-01-18,2025-01-01,Saturday,1,Buy Airtime,2300.0,31.0,Success,Orange Money,1,2025,1
TX_002018,USER_039,2024-11-19,2024-11-01,Tuesday,0,Withdraw Cash,26800.0,513.0,Success,Orange Money,11,2024,4
TX_002019,USER_039,2024-12-20,2024-12-01,Friday,0,Buy Airtime,900.0,7.0,Success,Orange Money,12,2024,4
TX_002020,USER_039,2024-07-02,2024-07-01,Tuesday,0,Pay Bill,6700.0,85.0,Success,Orange Money,7,2024,3
TX_002021,USER_039,2024-05-13,2024-05-01,Monday,0,Save/Investment,4100.0,78.0,Success,Orange Money,5,2024,2
TX_002022,USER_039,2024-07-28,2024-07-01,Sunday,1,Buy Airtime,2600.0,30.0,Success,Orange Money,7,2024,3
TX_002023,USER_039,2024-10-06,2024-10-01,Sunday,1,Receive Money,17100.0,234.0,Success,Orange Money,10,2024,4
TX_002024,USER_039,2024-03-01,2024-03-01,Friday,0,Buy Airtime,1100.0,12.0,Success,Orange Money,3,2024,1
TX_002025,USER_039,2025-01-09,2025-01-01,Thursday,0,Send Money,14500.0,89.0,Success,Orange Money,1,2025,1
TX_002026,USER_039,2024-08-28,2024-08-01,Wednesday,0,Deposit Cash,3400.0,51.0,Success,Orange Money,8,2024,3
TX_002027,USER_039,2024-07-02,2024-07-01,Tuesday,0,Merchant Payment,17000.0,163.0,Success,Orange Money,7,2024,3
TX_002028,USER_039,2024-12-18,2024-12-01,Wednesday,0,Receive Money,31800.0,214.0,Pending,Orange Money,12,2024,4
TX_002029,USER_039,2024-09-30,2024-09-01,Monday,0,Receive Money,27100.0,122.0,Success,Orange Money,9,2024,3
TX_002030,USER_039,2024-06-04,2024-06-01,Tuesday,0,Deposit Cash,32200.0,509.0,Success,Orange Money,6,2024,2
TX_002031,USER_039,2025-02-04,2025-02-01,Tuesday,0,Deposit Cash,51700.0,423.0,Success,Orange Money,2,2025,1
TX_002032,USER_039,2025-02-06,2025-02-01,Thursday,0,Receive Money,54700.0,484.0,Success,Orange Money,2,2025,1
TX_002033,USER_039,2024-04-13,2024-04-01,Saturday,1,Send Money,22500.0,305.0,Failed,Orange Money,4,2024,2
TX_002034,USER_039,2024-11-24,2024-11-01,Sunday,1,Pay Bill,17300.0,228.0,Success,Orange Money,11,2024,4
TX_002035,USER_039,2024-09-01,2024-09-01,Sunday,1,Receive Money,32400.0,624.0,Success,Orange Money,9,2024,3
TX_002036,USER_039,2024-04-04,2024-04-01,Thursday,0,Receive Money,12600.0,101.0,Failed,Orange Money,4,2024,2
TX_002037,USER_039,2024-11-25,2024-11-01,Monday,0,Deposit Cash,54400.0,592.0,Success,Orange Money,11,2024,4
TX_002038,USER_039,2024-12-04,2024-12-01,Wednesday,0,Pay Bill,5800.0,73.0,Success,Orange Money,12,2024,4
TX_002039,USER_039,2024-11-15,2024-11-01,Friday,0,Send Money,49700.0,809.0,Success,Orange Money,11,2024,4
TX_002040,USER_040,2024-11-15,2024-11-01,Friday,0,Pay Bill,8200.0,132.0,Success,MTN Mobile Money,11,2024,4
TX_002041,USER_040,2024-12-09,2024-12-01,Monday,0,Withdraw Cash,50800.0,410.0,Success,MTN Mobile Money,12,2024,4
TX_002042,USER_040,2024-03-11,2024-03-01,Monday,0,Pay Bill,7400.0,121.0,Success,MTN Mobile Money,3,2024,1
TX_002043,USER_040,2024-09-16,2024-09-01,Monday,0,Send Money,22600.0,445.0,Success,MTN Mobile Money,9,2024,3
TX_002044,USER_040,2024-10-27,2024-10-01,Sunday,1,Buy Airtime,1600.0,10.0,Success,MTN Mobile Money,10,2024,4
TX_002045,USER_040,2024-03-23,2024-03-01,Saturday,1,Withdraw Cash,36300.0,656.0,Success,MTN Mobile Money,3,2024,1
TX_002046,USER_040,2025-01-20,2025-01-01,Monday,0,Send Money,52500.0,560.0,Success,MTN Mobile Money,1,2025,1
TX_002047,USER_040,2024-09-15,2024-09-01,Sunday,1,Deposit Cash,23200.0,365.0,Success,MTN Mobile Money,9,2024,3
TX_002048,USER_040,2024-09-08,2024-09-01,Sunday,1,Receive Money,8400.0,144.0,Success,MTN Mobile Money,9,2024,3
TX_002049,USER_040,2024-07-08,2024-07-01,Monday,0,Withdraw Cash,66100.0,854.0,Success,MTN Mobile Money,7,2024,3
TX_002050,USER_040,2024-03-09,2024-03-01,Saturday,1,Pay Bill,7300.0,89.0,Success,MTN Mobile Money,3,2024,1
TX_002051,USER_040,2024-08-30,2024-08-01,Friday,0,Save/Investment,32800.0,588.0,Success,MTN Mobile Money,8,2024,3
TX_002052,USER_040,2024-04-04,2024-04-01,Thursday,0,Pay Bill,14000.0,258.0,Success,MTN Mobile Money,4,2024,2
TX_002053,USER_040,2024-08-24,2024-08-01,Saturday,1,Save/Investment,14800.0,207.0,Success,MTN Mobile Money,8,2024,3
TX_002054,USER_040,2024-07-02,2024-07-01,Tuesday,0,Save/Investment,8800.0,142.0,Success,MTN Mobile Money,7,2024,3
TX_002055,USER_040,2025-01-31,2025-01-01,Friday,0,Receive Money,43600.0,579.0,Success,MTN Mobile Money,1,2025,1
TX_002056,USER_040,2025-01-16,2025-01-01,Thursday,0,Receive Money,27100.0,386.0,Success,MTN Mobile Money,1,2025,1
TX_002057,USER_040,2024-04-23,2024-04-01,Tuesday,0,Send Money,53900.0,683.0,Success,MTN Mobile Money,4,2024,2
TX_002058,USER_040,2024-12-23,2024-12-01,Monday,0,Pay Bill,7900.0,88.0,Success,MTN Mobile Money,12,2024,4
TX_002059,USER_040,2024-08-18,2024-08-01,Sunday,1,Buy Airtime,1900.0,24.0,Success,MTN Mobile Money,8,2024,3
TX_002060,USER_040,2024-05-08,2024-05-01,Wednesday,0,Pay Bill,4100.0,28.0,Failed,MTN Mobile Money,5,2024,2
TX_002061,USER_040,2024-03-23,2024-03-01,Saturday,1,Buy Airtime,2300.0,25.0,Success,MTN Mobile Money,3,2024,1
TX_002062,USER_040,2024-08-28,2024-08-01,Wednesday,0,Buy Airtime,2700.0,28.0,Failed,MTN Mobile Money,8,2024,3
TX_002063,USER_040,2024-12-05,2024-12-01,Thursday,0,Deposit Cash,59900.0,454.0,Success,MTN Mobile Money,12,2024,4
TX_002064,USER_040,2024-08-21,2024-08-01,Wednesday,0,Receive Money,15400.0,275.0,Success,MTN Mobile Money,8,2024,3
TX_002065,USER_040,2025-01-24,2025-01-01,Friday,0,Send Money,15600.0,125.0,Success,MTN Mobile Money,1,2025,1
TX_002066,USER_040,2024-05-29,2024-05-01,Wednesday,0,Deposit Cash,39700.0,202.0,Success,MTN Mobile Money,5,2024,2
TX_002067,USER_040,2025-02-14,2025-02-01,Friday,0,Pay Bill,3000.0,45.0,Success,MTN Mobile Money,2,2025,1
TX_002068,USER_040,2024-10-24,2024-10-01,Thursday,0,Withdraw Cash,51200.0,256.0,Failed,MTN Mobile Money,10,2024,4
TX_002069,USER_040,2025-02-20,2025-02-01,Thursday,0,Deposit Cash,63300.0,331.0,Failed,MTN Mobile Money,2,2025,1
TX_002070,USER_040,2024-11-01,2024-11-01,Friday,0,Deposit Cash,58700.0,376.0,Success,MTN Mobile Money,11,2024,4
TX_002071,USER_040,2025-01-18,2025-01-01,Saturday,1,Save/Investment,23900.0,324.0,Failed,MTN Mobile Money,1,2025,1
TX_002072,USER_040,2024-06-02,2024-06-01,Sunday,1,Pay Bill,12900.0,157.0,Failed,MTN Mobile Money,6,2024,2
TX_002073,USER_040,2024-05-09,2024-05-01,Thursday,0,Send Money,28200.0,432.0,Success,MTN Mobile Money,5,2024,2
TX_002074,USER_040,2024-04-02,2024-04-01,Tuesday,0,Buy Airtime,3200.0,61.0,Success,MTN Mobile Money,4,2024,2
TX_002075,USER_040,2024-10-21,2024-10-01,Monday,0,Pay Bill,1200.0,12.0,Success,MTN Mobile Money,10,2024,4
TX_002076,USER_040,2024-03-19,2024-03-01,Tuesday,0,Merchant Payment,29700.0,205.0,Success,MTN Mobile Money,3,2024,1
TX_002077,USER_040,2024-07-29,2024-07-01,Monday,0,Buy Airtime,1900.0,17.0,Success,MTN Mobile Money,7,2024,3
TX_002078,USER_040,2024-06-12,2024-06-01,Wednesday,0,Merchant Payment,14200.0,261.0,Success,MTN Mobile Money,6,2024,2
TX_002079,USER_040,2024-03-23,2024-03-01,Saturday,1,Withdraw Cash,33700.0,230.0,Failed,MTN Mobile Money,3,2024,1
TX_002080,USER_040,2024-06-11,2024-06-01,Tuesday,0,Pay Bill,15600.0,164.0,Success,MTN Mobile Money,6,2024,2
TX_002081,USER_040,2024-03-22,2024-03-01,Friday,0,Send Money,28000.0,430.0,Success,MTN Mobile Money,3,2024,1
TX_002082,USER_040,2024-08-09,2024-08-01,Friday,0,Withdraw Cash,49100.0,764.0,Success,MTN Mobile Money,8,2024,3
TX_002083,USER_040,2024-08-06,2024-08-01,Tuesday,0,Merchant Payment,17200.0,202.0,Success,MTN Mobile Money,8,2024,3
TX_002084,USER_040,2024-11-19,2024-11-01,Tuesday,0,Receive Money,2700.0,39.0,Success,MTN Mobile Money,11,2024,4
TX_002085,USER_040,2024-09-20,2024-09-01,Friday,0,Receive Money,43200.0,428.0,Success,MTN Mobile Money,9,2024,3
TX_002086,USER_040,2024-12-04,2024-12-01,Wednesday,0,Send Money,43500.0,302.0,Success,MTN Mobile Money,12,2024,4
TX_002087,USER_040,2024-10-29,2024-10-01,Tuesday,0,Pay Bill,14700.0,213.0,Success,MTN Mobile Money,10,2024,4
TX_002088,USER_040,2024-07-08,2024-07-01,Monday,0,Send Money,16800.0,155.0,Success,MTN Mobile Money,7,2024,3
TX_002089,USER_040,2024-03-19,2024-03-01,Tuesday,0,Receive Money,17600.0,226.0,Success,MTN Mobile Money,3,2024,1
TX_002090,USER_040,2025-01-26,2025-01-01,Sunday,1,Receive Money,40400.0,406.0,Success,MTN Mobile Money,1,2025,1
TX_002091,USER_040,2024-06-06,2024-06-01,Thursday,0,Buy Airtime,200.0,1.0,Success,MTN Mobile Money,6,2024,2
TX_002092,USER_040,2024-07-25,2024-07-01,Thursday,0,Merchant Payment,25300.0,160.0,Success,MTN Mobile Money,7,2024,3
TX_002093,USER_040,2024-08-30,2024-08-01,Friday,0,Withdraw Cash,43000.0,744.0,Success,MTN Mobile Money,8,2024,3
TX_002094,USER_040,2024-03-25,2024-03-01,Monday,0,Receive Money,28800.0,381.0,Success,MTN Mobile Money,3,2024,1
TX_002095,USER_040,2025-01-30,2025-01-01,Thursday,0,Buy Airtime,3300.0,61.0,Success,MTN Mobile Money,1,2025,1
TX_002096,USER_040,2024-08-17,2024-08-01,Saturday,1,Deposit Cash,66100.0,428.0,Success,MTN Mobile Money,8,2024,3
TX_002097,USER_040,2024-07-18,2024-07-01,Thursday,0,Pay Bill,17900.0,225.0,Success,MTN Mobile Money,7,2024,3
TX_002098,USER_040,2024-05-03,2024-05-01,Friday,0,Send Money,14400.0,230.0,Success,MTN Mobile Money,5,2024,2
TX_002099,USER_040,2024-09-05,2024-09-01,Thursday,0,Receive Money,15100.0,155.0,Success,MTN Mobile Money,9,2024,3
TX_002100,USER_040,2024-10-10,2024-10-01,Thursday,0,Receive Money,31300.0,203.0,Success,MTN Mobile Money,10,2024,4
TX_002101,USER_040,2024-09-21,2024-09-01,Saturday,1,Receive Money,36400.0,578.0,Success,MTN Mobile Money,9,2024,3
TX_002102,USER_040,2024-10-12,2024-10-01,Saturday,1,Merchant Payment,21600.0,247.0,Success,MTN Mobile Money,10,2024,4
TX_002103,USER_040,2024-09-14,2024-09-01,Saturday,1,Merchant Payment,26500.0,215.0,Success,MTN Mobile Money,9,2024,3
TX_002104,USER_040,2024-08-21,2024-08-01,Wednesday,0,Deposit Cash,48900.0,806.0,Success,MTN Mobile Money,8,2024,3
TX_002105,USER_040,2024-06-04,2024-06-01,Tuesday,0,Withdraw Cash,27500.0,225.0,Success,MTN Mobile Money,6,2024,2
TX_002106,USER_040,2024-11-10,2024-11-01,Sunday,1,Save/Investment,11100.0,132.0,Success,MTN Mobile Money,11,2024,4
TX_002107,USER_040,2025-02-18,2025-02-01,Tuesday,0,Buy Airtime,3000.0,49.0,Success,MTN Mobile Money,2,2025,1
TX_002108,USER_040,2024-11-10,2024-11-01,Sunday,1,Save/Investment,26400.0,474.0,Success,MTN Mobile Money,11,2024,4
TX_002109,USER_040,2024-09-05,2024-09-01,Thursday,0,Deposit Cash,8500.0,87.0,Success,MTN Mobile Money,9,2024,3
TX_002110,USER_040,2024-11-21,2024-11-01,Thursday,0,Receive Money,4700.0,79.0,Success,MTN Mobile Money,11,2024,4
TX_002111,USER_040,2024-07-15,2024-07-01,Monday,0,Send Money,47900.0,733.0,Success,MTN Mobile Money,7,2024,3
TX_002112,USER_040,2024-04-12,2024-04-01,Friday,0,Deposit Cash,29800.0,236.0,Success,MTN Mobile Money,4,2024,2
TX_002113,USER_040,2024-10-04,2024-10-01,Friday,0,Pay Bill,11500.0,196.0,Success,MTN Mobile Money,10,2024,4
TX_002114,USER_040,2024-04-10,2024-04-01,Wednesday,0,Buy Airtime,2700.0,21.0,Success,MTN Mobile Money,4,2024,2
TX_002115,USER_040,2024-10-07,2024-10-01,Monday,0,Merchant Payment,2800.0,24.0,Success,MTN Mobile Money,10,2024,4
TX_002116,USER_040,2025-01-03,2025-01-01,Friday,0,Pay Bill,18500.0,175.0,Success,MTN Mobile Money,1,2025,1
TX_002117,USER_040,2024-06-01,2024-06-01,Saturday,1,Receive Money,32500.0,346.0,Success,MTN Mobile Money,6,2024,2
TX_002118,USER_040,2024-12-05,2024-12-01,Thursday,0,Merchant Payment,26800.0,287.0,Success,MTN Mobile Money,12,2024,4
TX_002119,USER_040,2024-07-29,2024-07-01,Monday,0,Buy Airtime,3300.0,66.0,Success,MTN Mobile Money,7,2024,3
TX_002120,USER_040,2024-08-12,2024-08-01,Monday,0,Withdraw Cash,26900.0,138.0,Success,MTN Mobile Money,8,2024,3
TX_002121,USER_040,2024-04-22,2024-04-01,Monday,0,Pay Bill,10600.0,57.0,Success,MTN Mobile Money,4,2024,2
TX_002122,USER_040,2024-04-10,2024-04-01,Wednesday,0,Receive Money,31500.0,300.0,Success,MTN Mobile Money,4,2024,2
TX_002123,USER_040,2024-08-15,2024-08-01,Thursday,0,Pay Bill,5400.0,70.0,Success,MTN Mobile Money,8,2024,3
TX_002124,USER_040,2025-02-02,2025-02-01,Sunday,1,Pay Bill,3900.0,59.0,Success,MTN Mobile Money,2,2025,1
TX_002125,USER_040,2024-07-30,2024-07-01,Tuesday,0,Send Money,26400.0,160.0,Success,MTN Mobile Money,7,2024,3
TX_002126,USER_040,2024-08-04,2024-08-01,Sunday,1,Receive Money,29700.0,379.0,Failed,MTN Mobile Money,8,2024,3
TX_002127,USER_040,2024-10-15,2024-10-01,Tuesday,0,Buy Airtime,2100.0,23.0,Failed,MTN Mobile Money,10,2024,4
TX_002128,USER_040,2025-01-03,2025-01-01,Friday,0,Withdraw Cash,20500.0,362.0,Success,MTN Mobile Money,1,2025,1
TX_002129,USER_040,2024-10-05,2024-10-01,Saturday,1,Deposit Cash,48900.0,452.0,Success,MTN Mobile Money,10,2024,4
TX_002130,USER_040,2024-05-25,2024-05-01,Saturday,1,Receive Money,16900.0,160.0,Success,MTN Mobile Money,5,2024,2
TX_002131,USER_040,2025-02-17,2025-02-01,Monday,0,Receive Money,400.0,6.0,Success,MTN Mobile Money,2,2025,1
TX_002132,USER_041,2024-10-14,2024-10-01,Monday,0,Receive Money,26800.0,152.0,Pending,MTN Mobile Money,10,2024,4
TX_002133,USER_041,2024-08-27,2024-08-01,Tuesday,0,Withdraw Cash,23100.0,226.0,Success,MTN Mobile Money,8,2024,3
TX_002134,USER_041,2024-10-15,2024-10-01,Tuesday,0,Buy Airtime,600.0,5.0,Success,MTN Mobile Money,10,2024,4
TX_002135,USER_041,2024-03-22,2024-03-01,Friday,0,Receive Money,21500.0,388.0,Success,MTN Mobile Money,3,2024,1
TX_002136,USER_041,2024-08-28,2024-08-01,Wednesday,0,Receive Money,38400.0,203.0,Success,MTN Mobile Money,8,2024,3
TX_002137,USER_041,2025-01-09,2025-01-01,Thursday,0,Pay Bill,17200.0,332.0,Failed,MTN Mobile Money,1,2025,1
TX_002138,USER_041,2024-10-09,2024-10-01,Wednesday,0,Merchant Payment,18000.0,187.0,Success,MTN Mobile Money,10,2024,4
TX_002139,USER_041,2024-07-19,2024-07-01,Friday,0,Withdraw Cash,62000.0,502.0,Success,MTN Mobile Money,7,2024,3
TX_002140,USER_041,2025-01-22,2025-01-01,Wednesday,0,Deposit Cash,48900.0,1247.0,Success,MTN Mobile Money,1,2025,1
TX_002141,USER_041,2024-03-30,2024-03-01,Saturday,1,Send Money,6600.0,62.0,Success,MTN Mobile Money,3,2024,1
TX_002142,USER_041,2024-04-08,2024-04-01,Monday,0,Deposit Cash,63000.0,904.0,Success,MTN Mobile Money,4,2024,2
TX_002143,USER_041,2025-02-07,2025-02-01,Friday,0,Send Money,5900.0,62.0,Success,MTN Mobile Money,2,2025,1
TX_002144,USER_041,2025-01-21,2025-01-01,Tuesday,0,Send Money,19700.0,151.0,Success,MTN Mobile Money,1,2025,1
TX_002145,USER_042,2024-09-24,2024-09-01,Tuesday,0,Pay Bill,15400.0,176.0,Failed,Orange Money,9,2024,3
TX_002146,USER_042,2024-09-03,2024-09-01,Tuesday,0,Receive Money,41600.0,667.0,Success,Orange Money,9,2024,3
TX_002147,USER_042,2024-11-18,2024-11-01,Monday,0,Merchant Payment,19000.0,227.0,Success,Orange Money,11,2024,4
TX_002148,USER_042,2025-02-11,2025-02-01,Tuesday,0,Buy Airtime,1500.0,11.0,Success,Orange Money,2,2025,1
TX_002149,USER_042,2024-05-21,2024-05-01,Tuesday,0,Buy Airtime,500.0,8.0,Success,Orange Money,5,2024,2
TX_002150,USER_042,2024-03-16,2024-03-01,Saturday,1,Send Money,37800.0,597.0,Success,Orange Money,3,2024,1
TX_002151,USER_042,2024-05-13,2024-05-01,Monday,0,Receive Money,26100.0,369.0,Failed,Orange Money,5,2024,2
TX_002152,USER_042,2025-01-06,2025-01-01,Monday,0,Withdraw Cash,8400.0,100.0,Success,Orange Money,1,2025,1
TX_002153,USER_042,2025-02-11,2025-02-01,Tuesday,0,Send Money,79100.0,1522.0,Success,Orange Money,2,2025,1
TX_002154,USER_042,2024-10-11,2024-10-01,Friday,0,Merchant Payment,18300.0,323.0,Success,Orange Money,10,2024,4
TX_002155,USER_042,2024-03-18,2024-03-01,Monday,0,Pay Bill,19400.0,322.0,Success,Orange Money,3,2024,1
TX_002156,USER_042,2024-05-04,2024-05-01,Saturday,1,Buy Airtime,1000.0,10.0,Success,Orange Money,5,2024,2
TX_002157,USER_042,2024-04-04,2024-04-01,Thursday,0,Pay Bill,10700.0,71.0,Success,Orange Money,4,2024,2
TX_002158,USER_042,2024-06-29,2024-06-01,Saturday,1,Send Money,37900.0,732.0,Success,Orange Money,6,2024,2
TX_002159,USER_042,2025-01-25,2025-01-01,Saturday,1,Merchant Payment,36700.0,534.0,Success,Orange Money,1,2025,1
TX_002160,USER_042,2024-09-04,2024-09-01,Wednesday,0,Deposit Cash,11600.0,146.0,Success,Orange Money,9,2024,3
TX_002161,USER_042,2024-09-02,2024-09-01,Monday,0,Buy Airtime,4200.0,26.0,Success,Orange Money,9,2024,3
TX_002162,USER_042,2024-09-13,2024-09-01,Friday,0,Buy Airtime,2000.0,20.0,Success,Orange Money,9,2024,3
TX_002163,USER_042,2024-12-16,2024-12-01,Monday,0,Merchant Payment,24900.0,433.0,Success,Orange Money,12,2024,4
TX_002164,USER_042,2024-03-17,2024-03-01,Sunday,1,Send Money,5400.0,31.0,Success,Orange Money,3,2024,1
TX_002165,USER_042,2025-01-04,2025-01-01,Saturday,1,Receive Money,57600.0,930.0,Success,Orange Money,1,2025,1
TX_002166,USER_042,2024-05-18,2024-05-01,Saturday,1,Receive Money,22300.0,295.0,Success,Orange Money,5,2024,2
TX_002167,USER_042,2025-02-11,2025-02-01,Tuesday,0,Send Money,75500.0,1288.0,Success,Orange Money,2,2025,1
TX_002168,USER_042,2024-10-17,2024-10-01,Thursday,0,Pay Bill,11300.0,191.0,Success,Orange Money,10,2024,4
TX_002169,USER_042,2024-09-06,2024-09-01,Friday,0,Send Money,59200.0,648.0,Success,Orange Money,9,2024,3
TX_002170,USER_042,2024-09-07,2024-09-01,Saturday,1,Receive Money,40100.0,407.0,Success,Orange Money,9,2024,3
TX_002171,USER_042,2024-10-14,2024-10-01,Monday,0,Receive Money,39000.0,33.0,Success,Orange Money,10,2024,4
TX_002172,USER_042,2024-04-09,2024-04-01,Tuesday,0,Send Money,52500.0,872.0,Success,Orange Money,4,2024,2
TX_002173,USER_042,2024-12-19,2024-12-01,Thursday,0,Pay Bill,7000.0,112.0,Success,Orange Money,12,2024,4
TX_002174,USER_042,2024-05-10,2024-05-01,Friday,0,Receive Money,72300.0,475.0,Pending,Orange Money,5,2024,2
TX_002175,USER_042,2024-11-27,2024-11-01,Wednesday,0,Deposit Cash,69100.0,1319.0,Success,Orange Money,11,2024,4
TX_002176,USER_042,2024-09-04,2024-09-01,Wednesday,0,Send Money,35700.0,217.0,Success,Orange Money,9,2024,3
TX_002177,USER_042,2024-09-20,2024-09-01,Friday,0,Withdraw Cash,39300.0,391.0,Success,Orange Money,9,2024,3
TX_002178,USER_042,2024-08-08,2024-08-01,Thursday,0,Merchant Payment,2600.0,28.0,Success,Orange Money,8,2024,3
TX_002179,USER_043,2025-01-27,2025-01-01,Monday,0,Buy Airtime,1500.0,12.0,Failed,Orange Money,1,2025,1
TX_002180,USER_043,2024-07-21,2024-07-01,Sunday,1,Send Money,35300.0,188.0,Success,Orange Money,7,2024,3
TX_002181,USER_043,2024-07-06,2024-07-01,Saturday,1,Pay Bill,10300.0,72.0,Success,Orange Money,7,2024,3
TX_002182,USER_043,2024-04-28,2024-04-01,Sunday,1,Withdraw Cash,78500.0,1017.0,Success,Orange Money,4,2024,2
TX_002183,USER_043,2024-03-14,2024-03-01,Thursday,0,Receive Money,39000.0,173.0,Success,Orange Money,3,2024,1
TX_002184,USER_043,2024-06-04,2024-06-01,Tuesday,0,Receive Money,41800.0,562.0,Failed,Orange Money,6,2024,2
TX_002185,USER_043,2024-11-11,2024-11-01,Monday,0,Send Money,51500.0,889.0,Success,Orange Money,11,2024,4
TX_002186,USER_043,2024-11-21,2024-11-01,Thursday,0,Receive Money,21400.0,120.0,Success,Orange Money,11,2024,4
TX_002187,USER_043,2024-09-15,2024-09-01,Sunday,1,Withdraw Cash,5700.0,47.0,Success,Orange Money,9,2024,3
TX_002188,USER_043,2024-12-13,2024-12-01,Friday,0,Withdraw Cash,46100.0,713.0,Success,Orange Money,12,2024,4
TX_002189,USER_043,2024-04-30,2024-04-01,Tuesday,0,Send Money,32200.0,441.0,Failed,Orange Money,4,2024,2
TX_002190,USER_043,2024-07-13,2024-07-01,Saturday,1,Send Money,40800.0,405.0,Success,Orange Money,7,2024,3
TX_002191,USER_043,2024-07-12,2024-07-01,Friday,0,Send Money,25400.0,439.0,Success,Orange Money,7,2024,3
TX_002192,USER_043,2025-02-24,2025-02-01,Monday,0,Pay Bill,9300.0,88.0,Success,Orange Money,2,2025,1
TX_002193,USER_043,2024-10-15,2024-10-01,Tuesday,0,Deposit Cash,96800.0,1121.0,Success,Orange Money,10,2024,4
TX_002194,USER_043,2024-06-18,2024-06-01,Tuesday,0,Deposit Cash,43300.0,575.0,Success,Orange Money,6,2024,2
TX_002195,USER_043,2025-01-08,2025-01-01,Wednesday,0,Withdraw Cash,53700.0,920.0,Success,Orange Money,1,2025,1
TX_002196,USER_043,2024-07-25,2024-07-01,Thursday,0,Receive Money,57400.0,976.0,Success,Orange Money,7,2024,3
TX_002197,USER_043,2025-02-19,2025-02-01,Wednesday,0,Send Money,700.0,8.0,Success,Orange Money,2,2025,1
TX_002198,USER_043,2024-11-07,2024-11-01,Thursday,0,Buy Airtime,1000.0,18.0,Success,Orange Money,11,2024,4
TX_002199,USER_043,2024-06-11,2024-06-01,Tuesday,0,Receive Money,38700.0,483.0,Success,Orange Money,6,2024,2
TX_002200,USER_043,2024-05-02,2024-05-01,Thursday,0,Receive Money,14000.0,221.0,Success,Orange Money,5,2024,2
TX_002201,USER_043,2024-05-09,2024-05-01,Thursday,0,Pay Bill,21700.0,348.0,Success,Orange Money,5,2024,2
TX_002202,USER_043,2024-04-07,2024-04-01,Sunday,1,Save/Investment,41100.0,332.0,Success,Orange Money,4,2024,2
TX_002203,USER_043,2024-10-18,2024-10-01,Friday,0,Send Money,11500.0,187.0,Success,Orange Money,10,2024,4
TX_002204,USER_043,2024-05-28,2024-05-01,Tuesday,0,Withdraw Cash,74900.0,1054.0,Success,Orange Money,5,2024,2
TX_002205,USER_043,2024-10-14,2024-10-01,Monday,0,Send Money,25300.0,369.0,Success,Orange Money,10,2024,4
TX_002206,USER_043,2024-04-14,2024-04-01,Sunday,1,Send Money,68200.0,1041.0,Success,Orange Money,4,2024,2
TX_002207,USER_043,2025-02-13,2025-02-01,Thursday,0,Withdraw Cash,79500.0,763.0,Success,Orange Money,2,2025,1
TX_002208,USER_043,2024-08-11,2024-08-01,Sunday,1,Merchant Payment,17400.0,115.0,Success,Orange Money,8,2024,3
TX_002209,USER_043,2025-02-05,2025-02-01,Wednesday,0,Withdraw Cash,22900.0,207.0,Success,Orange Money,2,2025,1
TX_002210,USER_043,2024-08-25,2024-08-01,Sunday,1,Save/Investment,10300.0,140.0,Failed,Orange Money,8,2024,3
TX_002211,USER_043,2025-02-27,2025-02-01,Thursday,0,Send Money,77700.0,1493.0,Success,Orange Money,2,2025,1
TX_002212,USER_043,2024-04-03,2024-04-01,Wednesday,0,Receive Money,50900.0,835.0,Pending,Orange Money,4,2024,2
TX_002213,USER_043,2024-12-07,2024-12-01,Saturday,1,Send Money,39800.0,619.0,Success,Orange Money,12,2024,4
TX_002214,USER_043,2024-12-03,2024-12-01,Tuesday,0,Pay Bill,24000.0,287.0,Success,Orange Money,12,2024,4
TX_002215,USER_043,2024-07-27,2024-07-01,Saturday,1,Save/Investment,20300.0,289.0,Success,Orange Money,7,2024,3
TX_002216,USER_043,2024-08-01,2024-08-01,Thursday,0,Receive Money,39000.0,1064.0,Success,Orange Money,8,2024,3
TX_002217,USER_043,2024-05-20,2024-05-01,Monday,0,Withdraw Cash,9800.0,80.0,Success,Orange Money,5,2024,2
TX_002218,USER_043,2025-02-28,2025-02-01,Friday,0,Send Money,20600.0,263.0,Success,Orange Money,2,2025,1
TX_002219,USER_043,2025-02-27,2025-02-01,Thursday,0,Receive Money,41400.0,563.0,Failed,Orange Money,2,2025,1
TX_002220,USER_043,2025-02-22,2025-02-01,Saturday,1,Buy Airtime,2100.0,40.0,Success,Orange Money,2,2025,1
TX_002221,USER_043,2025-01-21,2025-01-01,Tuesday,0,Receive Money,10900.0,165.0,Success,Orange Money,1,2025,1
TX_002222,USER_043,2024-05-29,2024-05-01,Wednesday,0,Withdraw Cash,74100.0,1065.0,Pending,Orange Money,5,2024,2
TX_002223,USER_043,2024-09-02,2024-09-01,Monday,0,Buy Airtime,700.0,12.0,Success,Orange Money,9,2024,3
TX_002224,USER_043,2024-11-16,2024-11-01,Saturday,1,Withdraw Cash,95800.0,1480.0,Success,Orange Money,11,2024,4
TX_002225,USER_043,2024-06-23,2024-06-01,Sunday,1,Pay Bill,11600.0,119.0,Success,Orange Money,6,2024,2
TX_002226,USER_043,2024-05-02,2024-05-01,Thursday,0,Withdraw Cash,68200.0,544.0,Success,Orange Money,5,2024,2
TX_002227,USER_043,2024-06-11,2024-06-01,Tuesday,0,Deposit Cash,48100.0,628.0,Success,Orange Money,6,2024,2
TX_002228,USER_043,2024-05-11,2024-05-01,Saturday,1,Buy Airtime,2100.0,39.0,Success,Orange Money,5,2024,2
TX_002229,USER_043,2024-06-30,2024-06-01,Sunday,1,Save/Investment,6400.0,33.0,Success,Orange Money,6,2024,2
TX_002230,USER_043,2024-11-08,2024-11-01,Friday,0,Receive Money,58500.0,1004.0,Success,Orange Money,11,2024,4
TX_002231,USER_043,2024-03-14,2024-03-01,Thursday,0,Save/Investment,15100.0,236.0,Success,Orange Money,3,2024,1
TX_002232,USER_043,2024-09-01,2024-09-01,Sunday,1,Pay Bill,25600.0,269.0,Success,Orange Money,9,2024,3
TX_002233,USER_043,2024-12-09,2024-12-01,Monday,0,Pay Bill,19700.0,386.0,Success,Orange Money,12,2024,4
TX_002234,USER_043,2024-12-19,2024-12-01,Thursday,0,Buy Airtime,4300.0,53.0,Success,Orange Money,12,2024,4
TX_002235,USER_043,2024-09-05,2024-09-01,Thursday,0,Buy Airtime,1700.0,12.0,Success,Orange Money,9,2024,3
TX_002236,USER_043,2024-10-26,2024-10-01,Saturday,1,Buy Airtime,4700.0,80.0,Success,Orange Money,10,2024,4
TX_002237,USER_043,2024-12-08,2024-12-01,Sunday,1,Send Money,34500.0,275.0,Success,Orange Money,12,2024,4
TX_002238,USER_043,2024-05-06,2024-05-01,Monday,0,Send Money,23200.0,296.0,Success,Orange Money,5,2024,2
TX_002239,USER_043,2025-01-08,2025-01-01,Wednesday,0,Receive Money,48100.0,305.0,Success,Orange Money,1,2025,1
TX_002240,USER_043,2024-04-14,2024-04-01,Sunday,1,Receive Money,57800.0,770.0,Success,Orange Money,4,2024,2
TX_002241,USER_043,2024-04-03,2024-04-01,Wednesday,0,Buy Airtime,1900.0,36.0,Success,Orange Money,4,2024,2
TX_002242,USER_043,2024-08-06,2024-08-01,Tuesday,0,Withdraw Cash,89200.0,1522.0,Success,Orange Money,8,2024,3
TX_002243,USER_043,2024-09-20,2024-09-01,Friday,0,Receive Money,57500.0,360.0,Success,Orange Money,9,2024,3
TX_002244,USER_043,2024-11-01,2024-11-01,Friday,0,Withdraw Cash,73200.0,476.0,Success,Orange Money,11,2024,4
TX_002245,USER_043,2024-11-25,2024-11-01,Monday,0,Withdraw Cash,83300.0,468.0,Success,Orange Money,11,2024,4
TX_002246,USER_043,2024-09-27,2024-09-01,Friday,0,Receive Money,12300.0,165.0,Success,Orange Money,9,2024,3
TX_002247,USER_043,2024-09-26,2024-09-01,Thursday,0,Receive Money,67700.0,339.0,Success,Orange Money,9,2024,3
TX_002248,USER_043,2024-12-20,2024-12-01,Friday,0,Send Money,26600.0,495.0,Success,Orange Money,12,2024,4
TX_002249,USER_043,2024-04-07,2024-04-01,Sunday,1,Buy Airtime,2300.0,44.0,Success,Orange Money,4,2024,2
TX_002250,USER_043,2024-05-04,2024-05-01,Saturday,1,Receive Money,2800.0,32.0,Success,Orange Money,5,2024,2
TX_002251,USER_044,2024-08-10,2024-08-01,Saturday,1,Deposit Cash,109600.0,1558.0,Success,MTN Mobile Money,8,2024,3
TX_002252,USER_044,2025-01-23,2025-01-01,Thursday,0,Send Money,64600.0,1292.0,Success,MTN Mobile Money,1,2025,1
TX_002253,USER_044,2024-04-07,2024-04-01,Sunday,1,Merchant Payment,74200.0,486.0,Success,MTN Mobile Money,4,2024,2
TX_002254,USER_044,2024-10-17,2024-10-01,Thursday,0,Send Money,44300.0,294.0,Success,MTN Mobile Money,10,2024,4
TX_002255,USER_044,2024-10-25,2024-10-01,Friday,0,Withdraw Cash,116900.0,2559.0,Failed,MTN Mobile Money,10,2024,4
TX_002256,USER_044,2025-02-12,2025-02-01,Wednesday,0,Send Money,2600.0,39.0,Success,MTN Mobile Money,2,2025,1
TX_002257,USER_044,2024-11-20,2024-11-01,Wednesday,0,Receive Money,48200.0,436.0,Success,MTN Mobile Money,11,2024,4
TX_002258,USER_044,2024-08-24,2024-08-01,Saturday,1,Pay Bill,28500.0,430.0,Success,MTN Mobile Money,8,2024,3
TX_002259,USER_044,2024-05-05,2024-05-01,Sunday,1,Receive Money,24700.0,253.0,Success,MTN Mobile Money,5,2024,2
TX_002260,USER_044,2024-12-08,2024-12-01,Sunday,1,Withdraw Cash,116900.0,1026.0,Success,MTN Mobile Money,12,2024,4
TX_002261,USER_044,2025-01-22,2025-01-01,Wednesday,0,Buy Airtime,4500.0,60.0,Success,MTN Mobile Money,1,2025,1
TX_002262,USER_044,2024-12-26,2024-12-01,Thursday,0,Buy Airtime,6500.0,43.0,Success,MTN Mobile Money,12,2024,4
TX_002263,USER_044,2024-06-02,2024-06-01,Sunday,1,Send Money,10400.0,204.0,Failed,MTN Mobile Money,6,2024,2
TX_002264,USER_044,2024-05-06,2024-05-01,Monday,0,Send Money,64300.0,501.0,Success,MTN Mobile Money,5,2024,2
TX_002265,USER_044,2024-10-08,2024-10-01,Tuesday,0,Deposit Cash,116900.0,2485.0,Success,MTN Mobile Money,10,2024,4
TX_002266,USER_044,2024-11-13,2024-11-01,Wednesday,0,Buy Airtime,2900.0,54.0,Success,MTN Mobile Money,11,2024,4
TX_002267,USER_044,2024-03-29,2024-03-01,Friday,0,Buy Airtime,3000.0,28.0,Success,MTN Mobile Money,3,2024,1
TX_002268,USER_044,2024-05-03,2024-05-01,Friday,0,Deposit Cash,82100.0,811.0,Success,MTN Mobile Money,5,2024,2
TX_002269,USER_044,2024-11-21,2024-11-01,Thursday,0,Deposit Cash,24000.0,429.0,Success,MTN Mobile Money,11,2024,4
TX_002270,USER_044,2024-05-18,2024-05-01,Saturday,1,Merchant Payment,36000.0,297.0,Success,MTN Mobile Money,5,2024,2
TX_002271,USER_044,2024-08-03,2024-08-01,Saturday,1,Receive Money,26100.0,368.0,Success,MTN Mobile Money,8,2024,3
TX_002272,USER_044,2024-05-24,2024-05-01,Friday,0,Deposit Cash,7500.0,110.0,Success,MTN Mobile Money,5,2024,2
TX_002273,USER_044,2024-05-22,2024-05-01,Wednesday,0,Withdraw Cash,116900.0,2545.0,Failed,MTN Mobile Money,5,2024,2
TX_002274,USER_044,2024-08-13,2024-08-01,Tuesday,0,Receive Money,72900.0,380.0,Success,MTN Mobile Money,8,2024,3
TX_002275,USER_044,2025-02-27,2025-02-01,Thursday,0,Receive Money,15300.0,136.0,Success,MTN Mobile Money,2,2025,1
TX_002276,USER_044,2024-06-24,2024-06-01,Monday,0,Send Money,116900.0,671.0,Success,MTN Mobile Money,6,2024,2
TX_002277,USER_044,2024-08-25,2024-08-01,Sunday,1,Send Money,116900.0,2417.0,Success,MTN Mobile Money,8,2024,3
TX_002278,USER_044,2024-11-21,2024-11-01,Thursday,0,Withdraw Cash,2800.0,55.0,Success,MTN Mobile Money,11,2024,4
TX_002279,USER_044,2024-07-24,2024-07-01,Wednesday,0,Merchant Payment,59500.0,605.0,Success,MTN Mobile Money,7,2024,3
TX_002280,USER_044,2024-04-10,2024-04-01,Wednesday,0,Receive Money,81400.0,529.0,Failed,MTN Mobile Money,4,2024,2
TX_002281,USER_044,2024-07-07,2024-07-01,Sunday,1,Send Money,33100.0,443.0,Success,MTN Mobile Money,7,2024,3
TX_002282,USER_044,2024-06-09,2024-06-01,Sunday,1,Buy Airtime,2200.0,11.0,Success,MTN Mobile Money,6,2024,2
TX_002283,USER_044,2025-01-20,2025-01-01,Monday,0,Save/Investment,73100.0,870.0,Success,MTN Mobile Money,1,2025,1
TX_002284,USER_044,2024-12-08,2024-12-01,Sunday,1,Receive Money,27100.0,355.0,Success,MTN Mobile Money,12,2024,4
TX_002285,USER_044,2024-07-19,2024-07-01,Friday,0,Withdraw Cash,95700.0,933.0,Success,MTN Mobile Money,7,2024,3
TX_002286,USER_044,2024-05-04,2024-05-01,Saturday,1,Send Money,84400.0,713.0,Success,MTN Mobile Money,5,2024,2
TX_002287,USER_044,2025-01-15,2025-01-01,Wednesday,0,Buy Airtime,6200.0,101.0,Success,MTN Mobile Money,1,2025,1
TX_002288,USER_044,2024-08-03,2024-08-01,Saturday,1,Merchant Payment,84300.0,1442.0,Success,MTN Mobile Money,8,2024,3
TX_002289,USER_044,2025-01-09,2025-01-01,Thursday,0,Receive Money,116900.0,1290.0,Success,MTN Mobile Money,1,2025,1
TX_002290,USER_044,2024-11-29,2024-11-01,Friday,0,Pay Bill,4800.0,94.0,Success,MTN Mobile Money,11,2024,4
TX_002291,USER_044,2024-04-17,2024-04-01,Wednesday,0,Buy Airtime,6000.0,75.0,Success,MTN Mobile Money,4,2024,2
TX_002292,USER_044,2024-11-13,2024-11-01,Wednesday,0,Buy Airtime,6500.0,73.0,Success,MTN Mobile Money,11,2024,4
TX_002293,USER_044,2025-01-23,2025-01-01,Thursday,0,Receive Money,32600.0,242.0,Success,MTN Mobile Money,1,2025,1
TX_002294,USER_044,2024-05-26,2024-05-01,Sunday,1,Deposit Cash,116900.0,1604.0,Success,MTN Mobile Money,5,2024,2
TX_002295,USER_044,2024-12-29,2024-12-01,Sunday,1,Withdraw Cash,44800.0,337.0,Pending,MTN Mobile Money,12,2024,4
TX_002296,USER_044,2024-12-23,2024-12-01,Monday,0,Buy Airtime,8800.0,89.0,Success,MTN Mobile Money,12,2024,4
TX_002297,USER_044,2024-05-18,2024-05-01,Saturday,1,Receive Money,38300.0,486.0,Success,MTN Mobile Money,5,2024,2
TX_002298,USER_044,2024-05-27,2024-05-01,Monday,0,Send Money,38500.0,213.0,Success,MTN Mobile Money,5,2024,2
TX_002299,USER_044,2025-02-01,2025-02-01,Saturday,1,Pay Bill,6700.0,51.0,Success,MTN Mobile Money,2,2025,1
TX_002300,USER_044,2025-01-14,2025-01-01,Tuesday,0,Buy Airtime,1000.0,16.0,Success,MTN Mobile Money,1,2025,1
TX_002301,USER_044,2025-01-04,2025-01-01,Saturday,1,Receive Money,116900.0,2026.0,Success,MTN Mobile Money,1,2025,1
TX_002302,USER_044,2024-08-20,2024-08-01,Tuesday,0,Deposit Cash,89700.0,1588.0,Success,MTN Mobile Money,8,2024,3
TX_002303,USER_044,2024-12-14,2024-12-01,Saturday,1,Withdraw Cash,116900.0,1517.0,Success,MTN Mobile Money,12,2024,4
TX_002304,USER_044,2024-03-22,2024-03-01,Friday,0,Pay Bill,3900.0,20.0,Success,MTN Mobile Money,3,2024,1
TX_002305,USER_044,2024-03-15,2024-03-01,Friday,0,Buy Airtime,5200.0,69.0,Success,MTN Mobile Money,3,2024,1
TX_002306,USER_044,2024-04-11,2024-04-01,Thursday,0,Pay Bill,50100.0,549.0,Success,MTN Mobile Money,4,2024,2
TX_002307,USER_044,2024-03-24,2024-03-01,Sunday,1,Withdraw Cash,116900.0,1810.0,Success,MTN Mobile Money,3,2024,1
TX_002308,USER_044,2025-01-23,2025-01-01,Thursday,0,Receive Money,116900.0,1102.0,Success,MTN Mobile Money,1,2025,1
TX_002309,USER_044,2024-12-21,2024-12-01,Saturday,1,Send Money,114700.0,1291.0,Success,MTN Mobile Money,12,2024,4
TX_002310,USER_044,2024-07-14,2024-07-01,Sunday,1,Receive Money,116900.0,2274.0,Success,MTN Mobile Money,7,2024,3
TX_002311,USER_044,2025-01-28,2025-01-01,Tuesday,0,Buy Airtime,4400.0,48.0,Success,MTN Mobile Money,1,2025,1
TX_002312,USER_044,2024-06-16,2024-06-01,Sunday,1,Send Money,60800.0,618.0,Success,MTN Mobile Money,6,2024,2
TX_002313,USER_044,2024-12-18,2024-12-01,Wednesday,0,Pay Bill,28900.0,205.0,Success,MTN Mobile Money,12,2024,4
TX_002314,USER_044,2024-09-30,2024-09-01,Monday,0,Receive Money,39000.0,163.0,Success,MTN Mobile Money,9,2024,3
TX_002315,USER_044,2025-01-11,2025-01-01,Saturday,1,Pay Bill,34500.0,549.0,Success,MTN Mobile Money,1,2025,1
TX_002316,USER_044,2025-01-22,2025-01-01,Wednesday,0,Pay Bill,22000.0,234.0,Success,MTN Mobile Money,1,2025,1
TX_002317,USER_044,2024-03-16,2024-03-01,Saturday,1,Pay Bill,46100.0,835.0,Success,MTN Mobile Money,3,2024,1
TX_002318,USER_044,2024-11-10,2024-11-01,Sunday,1,Send Money,91100.0,867.0,Success,MTN Mobile Money,11,2024,4
TX_002319,USER_044,2025-01-16,2025-01-01,Thursday,0,Merchant Payment,20700.0,392.0,Success,MTN Mobile Money,1,2025,1
TX_002320,USER_044,2024-12-05,2024-12-01,Thursday,0,Withdraw Cash,37700.0,321.0,Success,MTN Mobile Money,12,2024,4
TX_002321,USER_044,2024-07-27,2024-07-01,Saturday,1,Send Money,44600.0,438.0,Success,MTN Mobile Money,7,2024,3
TX_002322,USER_044,2025-01-23,2025-01-01,Thursday,0,Receive Money,113700.0,854.0,Success,MTN Mobile Money,1,2025,1
TX_002323,USER_044,2024-08-02,2024-08-01,Friday,0,Buy Airtime,8800.0,88.0,Success,MTN Mobile Money,8,2024,3
TX_002324,USER_044,2024-11-03,2024-11-01,Sunday,1,Buy Airtime,8200.0,137.0,Success,MTN Mobile Money,11,2024,4
TX_002325,USER_044,2024-07-04,2024-07-01,Thursday,0,Receive Money,78400.0,499.0,Success,MTN Mobile Money,7,2024,3
TX_002326,USER_044,2025-02-14,2025-02-01,Friday,0,Withdraw Cash,116900.0,1548.0,Success,MTN Mobile Money,2,2025,1
TX_002327,USER_044,2024-09-24,2024-09-01,Tuesday,0,Buy Airtime,6400.0,108.0,Success,MTN Mobile Money,9,2024,3
TX_002328,USER_044,2024-07-31,2024-07-01,Wednesday,0,Receive Money,74300.0,740.0,Success,MTN Mobile Money,7,2024,3
TX_002329,USER_044,2024-10-19,2024-10-01,Saturday,1,Pay Bill,43500.0,596.0,Success,MTN Mobile Money,10,2024,4
TX_002330,USER_044,2024-04-07,2024-04-01,Sunday,1,Receive Money,116900.0,1093.0,Success,MTN Mobile Money,4,2024,2
TX_002331,USER_044,2025-02-16,2025-02-01,Sunday,1,Receive Money,68900.0,673.0,Success,MTN Mobile Money,2,2025,1
TX_002332,USER_044,2024-03-31,2024-03-01,Sunday,1,Save/Investment,15200.0,256.0,Pending,MTN Mobile Money,3,2024,1
TX_002333,USER_044,2024-05-20,2024-05-01,Monday,0,Send Money,100900.0,887.0,Success,MTN Mobile Money,5,2024,2
TX_002334,USER_044,2024-10-12,2024-10-01,Saturday,1,Pay Bill,50600.0,262.0,Success,MTN Mobile Money,10,2024,4
TX_002335,USER_044,2024-09-29,2024-09-01,Sunday,1,Pay Bill,47400.0,297.0,Success,MTN Mobile Money,9,2024,3
TX_002336,USER_044,2024-11-03,2024-11-01,Sunday,1,Withdraw Cash,116900.0,2315.0,Success,MTN Mobile Money,11,2024,4
TX_002337,USER_044,2024-10-24,2024-10-01,Thursday,0,Send Money,68300.0,749.0,Success,MTN Mobile Money,10,2024,4
TX_002338,USER_044,2024-06-13,2024-06-01,Thursday,0,Pay Bill,21900.0,252.0,Pending,MTN Mobile Money,6,2024,2
TX_002339,USER_044,2024-08-22,2024-08-01,Thursday,0,Send Money,116900.0,1622.0,Success,MTN Mobile Money,8,2024,3
TX_002340,USER_044,2025-01-05,2025-01-01,Sunday,1,Deposit Cash,66000.0,756.0,Success,MTN Mobile Money,1,2025,1
TX_002341,USER_044,2024-05-13,2024-05-01,Monday,0,Receive Money,116900.0,2324.0,Success,MTN Mobile Money,5,2024,2
TX_002342,USER_045,2024-08-08,2024-08-01,Thursday,0,Send Money,89500.0,640.0,Success,MTN Mobile Money,8,2024,3
TX_002343,USER_045,2024-08-11,2024-08-01,Sunday,1,Send Money,46200.0,700.0,Success,MTN Mobile Money,8,2024,3
TX_002344,USER_045,2024-08-24,2024-08-01,Saturday,1,Save/Investment,78800.0,818.0,Success,MTN Mobile Money,8,2024,3
TX_002345,USER_045,2024-09-21,2024-09-01,Saturday,1,Deposit Cash,116900.0,2842.0,Success,MTN Mobile Money,9,2024,3
TX_002346,USER_045,2024-05-06,2024-05-01,Monday,0,Save/Investment,23900.0,379.0,Success,MTN Mobile Money,5,2024,2
TX_002347,USER_045,2024-09-06,2024-09-01,Friday,0,Receive Money,116900.0,1262.0,Pending,MTN Mobile Money,9,2024,3
TX_002348,USER_045,2024-11-19,2024-11-01,Tuesday,0,Receive Money,116900.0,797.0,Success,MTN Mobile Money,11,2024,4
TX_002349,USER_045,2024-12-13,2024-12-01,Friday,0,Buy Airtime,4400.0,37.0,Success,MTN Mobile Money,12,2024,4
TX_002350,USER_045,2024-04-24,2024-04-01,Wednesday,0,Send Money,80000.0,704.0,Failed,MTN Mobile Money,4,2024,2
TX_002351,USER_045,2024-08-11,2024-08-01,Sunday,1,Send Money,29500.0,255.0,Success,MTN Mobile Money,8,2024,3
TX_002352,USER_045,2024-07-02,2024-07-01,Tuesday,0,Receive Money,71200.0,1288.0,Success,MTN Mobile Money,7,2024,3
TX_002353,USER_045,2024-10-25,2024-10-01,Friday,0,Buy Airtime,1000.0,15.0,Success,MTN Mobile Money,10,2024,4
TX_002354,USER_045,2024-05-02,2024-05-01,Thursday,0,Withdraw Cash,46400.0,522.0,Success,MTN Mobile Money,5,2024,2
TX_002355,USER_045,2024-07-15,2024-07-01,Monday,0,Deposit Cash,24400.0,329.0,Success,MTN Mobile Money,7,2024,3
TX_002356,USER_045,2024-10-17,2024-10-01,Thursday,0,Withdraw Cash,116900.0,1879.0,Success,MTN Mobile Money,10,2024,4
TX_002357,USER_045,2024-07-05,2024-07-01,Friday,0,Merchant Payment,47100.0,580.0,Success,MTN Mobile Money,7,2024,3
TX_002358,USER_045,2024-05-12,2024-05-01,Sunday,1,Withdraw Cash,20800.0,360.0,Success,MTN Mobile Money,5,2024,2
TX_002359,USER_045,2024-04-19,2024-04-01,Friday,0,Send Money,113400.0,1208.0,Success,MTN Mobile Money,4,2024,2
TX_002360,USER_045,2024-03-26,2024-03-01,Tuesday,0,Buy Airtime,7900.0,145.0,Failed,MTN Mobile Money,3,2024,1
TX_002361,USER_045,2024-07-27,2024-07-01,Saturday,1,Deposit Cash,2200.0,24.0,Success,MTN Mobile Money,7,2024,3
TX_002362,USER_045,2024-09-13,2024-09-01,Friday,0,Receive Money,87000.0,1226.0,Success,MTN Mobile Money,9,2024,3
TX_002363,USER_045,2025-01-10,2025-01-01,Friday,0,Merchant Payment,45500.0,545.0,Pending,MTN Mobile Money,1,2025,1
TX_002364,USER_045,2024-10-01,2024-10-01,Tuesday,0,Pay Bill,11100.0,141.0,Success,MTN Mobile Money,10,2024,4
TX_002365,USER_045,2024-07-06,2024-07-01,Saturday,1,Withdraw Cash,116900.0,2223.0,Success,MTN Mobile Money,7,2024,3
TX_002366,USER_045,2024-05-21,2024-05-01,Tuesday,0,Deposit Cash,116900.0,1274.0,Success,MTN Mobile Money,5,2024,2
TX_002367,USER_045,2024-08-15,2024-08-01,Thursday,0,Save/Investment,78300.0,1441.0,Success,MTN Mobile Money,8,2024,3
TX_002368,USER_045,2024-12-21,2024-12-01,Saturday,1,Buy Airtime,5900.0,78.0,Success,MTN Mobile Money,12,2024,4
TX_002369,USER_045,2024-08-08,2024-08-01,Thursday,0,Withdraw Cash,91900.0,1352.0,Success,MTN Mobile Money,8,2024,3
TX_002370,USER_045,2024-06-06,2024-06-01,Thursday,0,Pay Bill,10800.0,99.0,Success,MTN Mobile Money,6,2024,2
TX_002371,USER_045,2024-05-21,2024-05-01,Tuesday,0,Send Money,116900.0,1022.0,Success,MTN Mobile Money,5,2024,2
TX_002372,USER_045,2024-11-11,2024-11-01,Monday,0,Buy Airtime,5600.0,41.0,Success,MTN Mobile Money,11,2024,4
TX_002373,USER_045,2024-11-19,2024-11-01,Tuesday,0,Withdraw Cash,44100.0,411.0,Failed,MTN Mobile Money,11,2024,4
TX_002374,USER_045,2024-10-26,2024-10-01,Saturday,1,Deposit Cash,116900.0,786.0,Success,MTN Mobile Money,10,2024,4
TX_002375,USER_045,2024-11-11,2024-11-01,Monday,0,Buy Airtime,1800.0,21.0,Success,MTN Mobile Money,11,2024,4
TX_002376,USER_045,2024-08-05,2024-08-01,Monday,0,Receive Money,112700.0,1984.0,Success,MTN Mobile Money,8,2024,3
TX_002377,USER_045,2024-11-10,2024-11-01,Sunday,1,Deposit Cash,20300.0,357.0,Success,MTN Mobile Money,11,2024,4
TX_002378,USER_045,2024-03-12,2024-03-01,Tuesday,0,Send Money,92700.0,1120.0,Success,MTN Mobile Money,3,2024,1
TX_002379,USER_046,2024-04-16,2024-04-01,Tuesday,0,Receive Money,70000.0,876.0,Success,Orange Money,4,2024,2
TX_002380,USER_046,2024-09-18,2024-09-01,Wednesday,0,Receive Money,116900.0,2738.0,Success,Orange Money,9,2024,3
TX_002381,USER_046,2024-11-14,2024-11-01,Thursday,0,Save/Investment,41100.0,647.0,Success,Orange Money,11,2024,4
TX_002382,USER_046,2024-10-21,2024-10-01,Monday,0,Withdraw Cash,116900.0,2875.0,Success,Orange Money,10,2024,4
TX_002383,USER_046,2024-07-02,2024-07-01,Tuesday,0,Save/Investment,116900.0,2327.0,Success,Orange Money,7,2024,3
TX_002384,USER_046,2024-06-19,2024-06-01,Wednesday,0,Pay Bill,24900.0,263.0,Success,Orange Money,6,2024,2
TX_002385,USER_046,2024-12-24,2024-12-01,Tuesday,0,Buy Airtime,7700.0,99.0,Pending,Orange Money,12,2024,4
TX_002386,USER_046,2024-08-28,2024-08-01,Wednesday,0,Merchant Payment,24800.0,261.0,Success,Orange Money,8,2024,3
TX_002387,USER_046,2024-03-25,2024-03-01,Monday,0,Receive Money,116900.0,2468.0,Success,Orange Money,3,2024,1
TX_002388,USER_046,2024-03-26,2024-03-01,Tuesday,0,Deposit Cash,116900.0,1693.0,Success,Orange Money,3,2024,1
TX_002389,USER_046,2024-07-23,2024-07-01,Tuesday,0,Pay Bill,28600.0,164.0,Success,Orange Money,7,2024,3
TX_002390,USER_046,2024-11-09,2024-11-01,Saturday,1,Receive Money,61500.0,948.0,Success,Orange Money,11,2024,4
TX_002391,USER_046,2024-12-31,2024-12-01,Tuesday,0,Receive Money,13300.0,236.0,Success,Orange Money,12,2024,4
TX_002392,USER_046,2025-01-29,2025-01-01,Wednesday,0,Merchant Payment,94400.0,928.0,Success,Orange Money,1,2025,1
TX_002393,USER_046,2025-02-08,2025-02-01,Saturday,1,Send Money,57700.0,408.0,Success,Orange Money,2,2025,1
TX_002394,USER_046,2024-10-27,2024-10-01,Sunday,1,Send Money,116900.0,1767.0,Success,Orange Money,10,2024,4
TX_002395,USER_046,2024-07-25,2024-07-01,Thursday,0,Send Money,10400.0,56.0,Success,Orange Money,7,2024,3
TX_002396,USER_046,2024-11-30,2024-11-01,Saturday,1,Receive Money,116900.0,2197.0,Success,Orange Money,11,2024,4
TX_002397,USER_046,2024-03-05,2024-03-01,Tuesday,0,Pay Bill,65000.0,592.0,Success,Orange Money,3,2024,1
TX_002398,USER_046,2024-04-25,2024-04-01,Thursday,0,Buy Airtime,5100.0,59.0,Success,Orange Money,4,2024,2
TX_002399,USER_046,2024-10-07,2024-10-01,Monday,0,Pay Bill,57000.0,750.0,Success,Orange Money,10,2024,4
TX_002400,USER_046,2024-05-08,2024-05-01,Wednesday,0,Withdraw Cash,116900.0,2455.0,Success,Orange Money,5,2024,2
TX_002401,USER_046,2024-07-14,2024-07-01,Sunday,1,Pay Bill,38900.0,640.0,Success,Orange Money,7,2024,3
TX_002402,USER_046,2024-09-04,2024-09-01,Wednesday,0,Send Money,116900.0,1170.0,Success,Orange Money,9,2024,3
TX_002403,USER_046,2024-09-23,2024-09-01,Monday,0,Withdraw Cash,116900.0,1663.0,Success,Orange Money,9,2024,3
TX_002404,USER_046,2024-09-04,2024-09-01,Wednesday,0,Pay Bill,31800.0,202.0,Success,Orange Money,9,2024,3
TX_002405,USER_046,2024-03-24,2024-03-01,Sunday,1,Pay Bill,12100.0,172.0,Success,Orange Money,3,2024,1
TX_002406,USER_046,2024-09-22,2024-09-01,Sunday,1,Withdraw Cash,116900.0,3030.0,Failed,Orange Money,9,2024,3
TX_002407,USER_046,2024-03-27,2024-03-01,Wednesday,0,Deposit Cash,91100.0,673.0,Success,Orange Money,3,2024,1
TX_002408,USER_046,2024-12-17,2024-12-01,Tuesday,0,Pay Bill,53100.0,730.0,Success,Orange Money,12,2024,4
TX_002409,USER_046,2024-12-13,2024-12-01,Friday,0,Pay Bill,12100.0,216.0,Success,Orange Money,12,2024,4
TX_002410,USER_046,2024-06-08,2024-06-01,Saturday,1,Save/Investment,19000.0,368.0,Success,Orange Money,6,2024,2
TX_002411,USER_046,2024-09-02,2024-09-01,Monday,0,Receive Money,39000.0,196.0,Success,Orange Money,9,2024,3
TX_002412,USER_046,2024-12-09,2024-12-01,Monday,0,Pay Bill,83800.0,1161.0,Success,Orange Money,12,2024,4
TX_002413,USER_046,2024-07-26,2024-07-01,Friday,0,Deposit Cash,91100.0,940.0,Success,Orange Money,7,2024,3
TX_002414,USER_046,2024-04-07,2024-04-01,Sunday,1,Merchant Payment,116900.0,2714.0,Success,Orange Money,4,2024,2
TX_002415,USER_046,2024-09-14,2024-09-01,Saturday,1,Deposit Cash,116900.0,2477.0,Success,Orange Money,9,2024,3
TX_002416,USER_046,2024-11-14,2024-11-01,Thursday,0,Buy Airtime,8100.0,80.0,Success,Orange Money,11,2024,4
TX_002417,USER_046,2024-10-17,2024-10-01,Thursday,0,Merchant Payment,116900.0,855.0,Success,Orange Money,10,2024,4
TX_002418,USER_046,2024-12-07,2024-12-01,Saturday,1,Buy Airtime,6300.0,56.0,Success,Orange Money,12,2024,4
TX_002419,USER_046,2024-07-22,2024-07-01,Monday,0,Withdraw Cash,116900.0,2344.0,Success,Orange Money,7,2024,3
TX_002420,USER_046,2025-01-14,2025-01-01,Tuesday,0,Pay Bill,19900.0,162.0,Success,Orange Money,1,2025,1
TX_002421,USER_046,2025-02-12,2025-02-01,Wednesday,0,Merchant Payment,60900.0,494.0,Success,Orange Money,2,2025,1
TX_002422,USER_046,2025-01-07,2025-01-01,Tuesday,0,Merchant Payment,112400.0,2027.0,Success,Orange Money,1,2025,1
TX_002423,USER_046,2024-04-30,2024-04-01,Tuesday,0,Withdraw Cash,44600.0,456.0,Success,Orange Money,4,2024,2
TX_002424,USER_046,2024-05-05,2024-05-01,Sunday,1,Pay Bill,83800.0,1518.0,Success,Orange Money,5,2024,2
TX_002425,USER_046,2024-04-19,2024-04-01,Friday,0,Send Money,86800.0,813.0,Success,Orange Money,4,2024,2
TX_002426,USER_046,2024-09-18,2024-09-01,Wednesday,0,Merchant Payment,116900.0,2138.0,Success,Orange Money,9,2024,3
TX_002427,USER_046,2024-09-08,2024-09-01,Sunday,1,Buy Airtime,3400.0,44.0,Success,Orange Money,9,2024,3
TX_002428,USER_046,2024-08-21,2024-08-01,Wednesday,0,Withdraw Cash,68300.0,719.0,Success,Orange Money,8,2024,3
TX_002429,USER_046,2024-12-11,2024-12-01,Wednesday,0,Save/Investment,67400.0,1100.0,Success,Orange Money,12,2024,4
TX_002430,USER_046,2024-09-04,2024-09-01,Wednesday,0,Receive Money,116900.0,2539.0,Success,Orange Money,9,2024,3
TX_002431,USER_046,2024-05-13,2024-05-01,Monday,0,Merchant Payment,32600.0,199.0,Success,Orange Money,5,2024,2
TX_002432,USER_046,2024-06-10,2024-06-01,Monday,0,Deposit Cash,116900.0,4524.0,Failed,Orange Money,6,2024,2
TX_002433,USER_046,2025-01-03,2025-01-01,Friday,0,Deposit Cash,116900.0,3436.0,Success,Orange Money,1,2025,1
TX_002434,USER_046,2024-11-16,2024-11-01,Saturday,1,Merchant Payment,65200.0,853.0,Success,Orange Money,11,2024,4
TX_002435,USER_046,2024-09-22,2024-09-01,Sunday,1,Buy Airtime,7200.0,41.0,Success,Orange Money,9,2024,3
TX_002436,USER_046,2024-11-12,2024-11-01,Tuesday,0,Pay Bill,54200.0,384.0,Success,Orange Money,11,2024,4
TX_002437,USER_046,2024-03-21,2024-03-01,Thursday,0,Receive Money,116900.0,1100.0,Success,Orange Money,3,2024,1
TX_002438,USER_046,2024-03-24,2024-03-01,Sunday,1,Receive Money,50300.0,388.0,Success,Orange Money,3,2024,1
TX_002439,USER_046,2024-03-20,2024-03-01,Wednesday,0,Withdraw Cash,116900.0,3736.0,Success,Orange Money,3,2024,1
TX_002440,USER_046,2024-05-10,2024-05-01,Friday,0,Receive Money,115000.0,2221.0,Success,Orange Money,5,2024,2
TX_002441,USER_046,2024-08-18,2024-08-01,Sunday,1,Withdraw Cash,116900.0,1264.0,Success,Orange Money,8,2024,3
TX_002442,USER_046,2024-10-29,2024-10-01,Tuesday,0,Send Money,116900.0,1661.0,Success,Orange Money,10,2024,4
TX_002443,USER_046,2024-11-21,2024-11-01,Thursday,0,Send Money,116900.0,1810.0,Success,Orange Money,11,2024,4
TX_002444,USER_046,2024-10-20,2024-10-01,Sunday,1,Deposit Cash,116900.0,3535.0,Success,Orange Money,10,2024,4
TX_002445,USER_047,2024-05-16,2024-05-01,Thursday,0,Pay Bill,10500.0,207.0,Success,Orange Money,5,2024,2
TX_002446,USER_047,2025-01-05,2025-01-01,Sunday,1,Buy Airtime,5700.0,75.0,Success,Orange Money,1,2025,1
TX_002447,USER_047,2024-11-19,2024-11-01,Tuesday,0,Send Money,80300.0,747.0,Failed,Orange Money,11,2024,4
TX_002448,USER_047,2024-05-11,2024-05-01,Saturday,1,Withdraw Cash,116900.0,974.0,Success,Orange Money,5,2024,2
TX_002449,USER_047,2024-08-15,2024-08-01,Thursday,0,Send Money,2500.0,22.0,Success,Orange Money,8,2024,3
TX_002450,USER_047,2025-01-08,2025-01-01,Wednesday,0,Receive Money,73700.0,1350.0,Success,Orange Money,1,2025,1
TX_002451,USER_048,2024-08-11,2024-08-01,Sunday,1,Receive Money,30100.0,356.0,Success,MTN Mobile Money,8,2024,3
TX_002452,USER_048,2024-05-23,2024-05-01,Thursday,0,Buy Airtime,1900.0,34.0,Success,MTN Mobile Money,5,2024,2
TX_002453,USER_048,2024-09-18,2024-09-01,Wednesday,0,Buy Airtime,1900.0,15.0,Success,MTN Mobile Money,9,2024,3
TX_002454,USER_048,2025-01-10,2025-01-01,Friday,0,Pay Bill,7500.0,59.0,Success,MTN Mobile Money,1,2025,1
TX_002455,USER_048,2024-08-01,2024-08-01,Thursday,0,Withdraw Cash,23700.0,306.0,Success,MTN Mobile Money,8,2024,3
TX_002456,USER_048,2024-12-29,2024-12-01,Sunday,1,Buy Airtime,4400.0,79.0,Success,MTN Mobile Money,12,2024,4
TX_002457,USER_048,2024-08-20,2024-08-01,Tuesday,0,Send Money,34400.0,485.0,Success,MTN Mobile Money,8,2024,3
TX_002458,USER_048,2024-11-15,2024-11-01,Friday,0,Buy Airtime,900.0,13.0,Success,MTN Mobile Money,11,2024,4
TX_002459,USER_048,2024-11-16,2024-11-01,Saturday,1,Withdraw Cash,34600.0,541.0,Success,MTN Mobile Money,11,2024,4
TX_002460,USER_048,2024-11-28,2024-11-01,Thursday,0,Pay Bill,21400.0,180.0,Success,MTN Mobile Money,11,2024,4
TX_002461,USER_048,2024-11-06,2024-11-01,Wednesday,0,Buy Airtime,3000.0,31.0,Success,MTN Mobile Money,11,2024,4
TX_002462,USER_049,2025-02-26,2025-02-01,Wednesday,0,Withdraw Cash,30800.0,247.0,Success,Orange Money,2,2025,1
TX_002463,USER_049,2024-12-14,2024-12-01,Saturday,1,Send Money,17100.0,278.0,Success,Orange Money,12,2024,4
TX_002464,USER_049,2024-08-01,2024-08-01,Thursday,0,Receive Money,53700.0,673.0,Success,Orange Money,8,2024,3
TX_002465,USER_049,2024-10-30,2024-10-01,Wednesday,0,Withdraw Cash,50800.0,319.0,Success,Orange Money,10,2024,4
TX_002466,USER_049,2024-03-09,2024-03-01,Saturday,1,Send Money,40200.0,409.0,Success,Orange Money,3,2024,1
TX_002467,USER_049,2024-09-05,2024-09-01,Thursday,0,Receive Money,45900.0,319.0,Success,Orange Money,9,2024,3
TX_002468,USER_049,2024-08-17,2024-08-01,Saturday,1,Receive Money,23100.0,236.0,Success,Orange Money,8,2024,3
TX_002469,USER_049,2025-02-08,2025-02-01,Saturday,1,Send Money,19900.0,349.0,Success,Orange Money,2,2025,1
TX_002470,USER_049,2024-04-26,2024-04-01,Friday,0,Merchant Payment,34500.0,218.0,Success,Orange Money,4,2024,2
TX_002471,USER_049,2024-09-30,2024-09-01,Monday,0,Receive Money,43600.0,608.0,Success,Orange Money,9,2024,3
TX_002472,USER_049,2024-12-24,2024-12-01,Tuesday,0,Withdraw Cash,8900.0,156.0,Success,Orange Money,12,2024,4
TX_002473,USER_049,2024-08-05,2024-08-01,Monday,0,Buy Airtime,3100.0,48.0,Success,Orange Money,8,2024,3
TX_002474,USER_049,2025-02-16,2025-02-01,Sunday,1,Pay Bill,10700.0,62.0,Failed,Orange Money,2,2025,1
TX_002475,USER_049,2025-01-17,2025-01-01,Friday,0,Send Money,39200.0,494.0,Success,Orange Money,1,2025,1
TX_002476,USER_049,2024-03-14,2024-03-01,Thursday,0,Merchant Payment,29800.0,383.0,Success,Orange Money,3,2024,1
TX_002477,USER_049,2024-12-31,2024-12-01,Tuesday,0,Send Money,20600.0,182.0,Success,Orange Money,12,2024,4
TX_002478,USER_049,2024-10-29,2024-10-01,Tuesday,0,Save/Investment,20300.0,372.0,Success,Orange Money,10,2024,4
TX_002479,USER_049,2024-07-14,2024-07-01,Sunday,1,Pay Bill,18000.0,217.0,Success,Orange Money,7,2024,3
TX_002480,USER_049,2025-01-30,2025-01-01,Thursday,0,Receive Money,7500.0,134.0,Success,Orange Money,1,2025,1
TX_002481,USER_049,2024-12-22,2024-12-01,Sunday,1,Merchant Payment,32800.0,190.0,Success,Orange Money,12,2024,4
TX_002482,USER_049,2024-12-21,2024-12-01,Saturday,1,Receive Money,35200.0,595.0,Success,Orange Money,12,2024,4
TX_002483,USER_049,2024-06-25,2024-06-01,Tuesday,0,Buy Airtime,2500.0,18.0,Success,Orange Money,6,2024,2
TX_002484,USER_049,2024-03-27,2024-03-01,Wednesday,0,Buy Airtime,3300.0,33.0,Success,Orange Money,3,2024,1
TX_002485,USER_049,2024-12-24,2024-12-01,Tuesday,0,Pay Bill,2400.0,47.0,Success,Orange Money,12,2024,4
TX_002486,USER_049,2024-11-01,2024-11-01,Friday,0,Withdraw Cash,37100.0,391.0,Success,Orange Money,11,2024,4
TX_002487,USER_049,2024-05-27,2024-05-01,Monday,0,Buy Airtime,2100.0,19.0,Success,Orange Money,5,2024,2
TX_002488,USER_049,2024-11-24,2024-11-01,Sunday,1,Receive Money,25400.0,334.0,Success,Orange Money,11,2024,4
TX_002489,USER_049,2025-01-17,2025-01-01,Friday,0,Merchant Payment,13200.0,82.0,Success,Orange Money,1,2025,1
TX_002490,USER_049,2025-01-12,2025-01-01,Sunday,1,Buy Airtime,1800.0,28.0,Success,Orange Money,1,2025,1
TX_002491,USER_050,2024-09-11,2024-09-01,Wednesday,0,Receive Money,45900.0,285.0,Success,MTN Mobile Money,9,2024,3
TX_002492,USER_050,2024-05-15,2024-05-01,Wednesday,0,Send Money,46800.0,487.0,Success,MTN Mobile Money,5,2024,2
TX_002493,USER_050,2025-02-12,2025-02-01,Wednesday,0,Send Money,4000.0,33.0,Success,MTN Mobile Money,2,2025,1
TX_002494,USER_050,2024-07-03,2024-07-01,Wednesday,0,Receive Money,29000.0,401.0,Success,MTN Mobile Money,7,2024,3
TX_002495,USER_050,2024-03-17,2024-03-01,Sunday,1,Buy Airtime,2200.0,25.0,Success,MTN Mobile Money,3,2024,1
TX_002496,USER_050,2024-12-19,2024-12-01,Thursday,0,Pay Bill,17800.0,150.0,Success,MTN Mobile Money,12,2024,4
TX_002497,USER_050,2025-02-22,2025-02-01,Saturday,1,Buy Airtime,800.0,15.0,Success,MTN Mobile Money,2,2025,1
TX_002498,USER_050,2024-04-26,2024-04-01,Friday,0,Send Money,6300.0,78.0,Success,MTN Mobile Money,4,2024,2
TX_002499,USER_050,2024-06-06,2024-06-01,Thursday,0,Receive Money,40200.0,560.0,Success,MTN Mobile Money,6,2024,2
TX_002500,USER_050,2024-03-10,2024-03-01,Sunday,1,Send Money,42100.0,346.0,Success,MTN Mobile Money,3,2024,1
TX_002501,USER_050,2024-10-12,2024-10-01,Saturday,1,Pay Bill,12400.0,224.0,Success,MTN Mobile Money,10,2024,4
TX_002502,USER_050,2024-08-08,2024-08-01,Thursday,0,Receive Money,12000.0,200.0,Success,MTN Mobile Money,8,2024,3
TX_002503,USER_050,2024-10-01,2024-10-01,Tuesday,0,Send Money,50700.0,404.0,Success,MTN Mobile Money,10,2024,4
TX_002504,USER_050,2024-05-17,2024-05-01,Friday,0,Send Money,35000.0,522.0,Success,MTN Mobile Money,5,2024,2
TX_002505,USER_050,2024-09-28,2024-09-01,Saturday,1,Receive Money,19200.0,292.0,Success,MTN Mobile Money,9,2024,3
TX_002506,USER_050,2025-02-17,2025-02-01,Monday,0,Merchant Payment,7900.0,158.0,Success,MTN Mobile Money,2,2025,1
TX_002507,USER_050,2024-06-13,2024-06-01,Thursday,0,Withdraw Cash,16200.0,101.0,Success,MTN Mobile Money,6,2024,2
TX_002508,USER_050,2024-09-27,2024-09-01,Friday,0,Deposit Cash,28700.0,446.0,Success,MTN Mobile Money,9,2024,3
TX_002509,USER_050,2024-11-12,2024-11-01,Tuesday,0,Receive Money,27100.0,289.0,Success,MTN Mobile Money,11,2024,4
TX_002510,USER_050,2025-01-08,2025-01-01,Wednesday,0,Receive Money,50000.0,374.0,Success,MTN Mobile Money,1,2025,1
TX_002511,USER_050,2024-10-28,2024-10-01,Monday,0,Buy Airtime,2300.0,18.0,Success,MTN Mobile Money,10,2024,4
TX_002512,USER_050,2024-04-01,2024-04-01,Monday,0,Merchant Payment,8700.0,131.0,Success,MTN Mobile Money,4,2024,2
TX_002513,USER_050,2025-02-25,2025-02-01,Tuesday,0,Pay Bill,19700.0,316.0,Success,MTN Mobile Money,2,2025,1
TX_002514,USER_050,2024-05-10,2024-05-01,Friday,0,Buy Airtime,2400.0,33.0,Success,MTN Mobile Money,5,2024,2
TX_002515,USER_050,2024-11-21,2024-11-01,Thursday,0,Receive Money,17000.0,140.0,Success,MTN Mobile Money,11,2024,4
TX_002516,USER_050,2024-06-15,2024-06-01,Saturday,1,Send Money,48800.0,741.0,Success,MTN Mobile Money,6,2024,2
TX_002517,USER_050,2024-12-13,2024-12-01,Friday,0,Buy Airtime,3000.0,37.0,Success,MTN Mobile Money,12,2024,4
TX_002518,USER_050,2024-08-14,2024-08-01,Wednesday,0,Receive Money,51900.0,803.0,Success,MTN Mobile Money,8,2024,3
TX_002519,USER_050,2025-02-03,2025-02-01,Monday,0,Buy Airtime,1900.0,13.0,Success,MTN Mobile Money,2,2025,1
TX_002520,USER_050,2024-10-31,2024-10-01,Thursday,0,Receive Money,3300.0,63.0,Success,MTN Mobile Money,10,2024,4
TX_002521,USER_050,2024-11-25,2024-11-01,Monday,0,Merchant Payment,23700.0,245.0,Success,MTN Mobile Money,11,2024,4
TX_002522,USER_050,2024-09-09,2024-09-01,Monday,0,Withdraw Cash,67200.0,592.0,Success,MTN Mobile Money,9,2024,3
TX_002523,USER_050,2024-08-08,2024-08-01,Thursday,0,Merchant Payment,23500.0,446.0,Success,MTN Mobile Money,8,2024,3
TX_002524,USER_050,2024-05-28,2024-05-01,Tuesday,0,Save/Investment,24700.0,139.0,Success,MTN Mobile Money,5,2024,2
TX_002525,USER_050,2024-10-22,2024-10-01,Tuesday,0,Pay Bill,10000.0,135.0,Success,MTN Mobile Money,10,2024,4
TX_002526,USER_050,2024-11-28,2024-11-01,Thursday,0,Pay Bill,17600.0,92.0,Success,MTN Mobile Money,11,2024,4
TX_002527,USER_050,2024-08-23,2024-08-01,Friday,0,Send Money,23500.0,374.0,Success,MTN Mobile Money,8,2024,3
TX_002528,USER_050,2024-12-05,2024-12-01,Thursday,0,Merchant Payment,21400.0,189.0,Failed,MTN Mobile Money,12,2024,4
TX_002529,USER_050,2024-08-29,2024-08-01,Thursday,0,Withdraw Cash,40500.0,625.0,Failed,MTN Mobile Money,8,2024,3
TX_002530,USER_050,2025-02-10,2025-02-01,Monday,0,Withdraw Cash,26200.0,411.0,Success,MTN Mobile Money,2,2025,1
TX_002531,USER_050,2025-02-12,2025-02-01,Wednesday,0,Receive Money,23000.0,173.0,Success,MTN Mobile Money,2,2025,1
TX_002532,USER_050,2025-01-24,2025-01-01,Friday,0,Send Money,36800.0,627.0,Pending,MTN Mobile Money,1,2025,1
TX_002533,USER_050,2025-02-18,2025-02-01,Tuesday,0,Receive Money,33700.0,642.0,Success,MTN Mobile Money,2,2025,1
TX_002534,USER_050,2024-07-14,2024-07-01,Sunday,1,Withdraw Cash,53000.0,336.0,Success,MTN Mobile Money,7,2024,3
TX_002535,USER_050,2025-01-07,2025-01-01,Tuesday,0,Deposit Cash,3000.0,19.0,Success,MTN Mobile Money,1,2025,1
TX_002536,USER_050,2024-11-03,2024-11-01,Sunday,1,Receive Money,28700.0,373.0,Success,MTN Mobile Money,11,2024,4
TX_002537,USER_050,2024-06-07,2024-06-01,Friday,0,Merchant Payment,13000.0,74.0,Success,MTN Mobile Money,6,2024,2
TX_002538,USER_050,2024-07-05,2024-07-01,Friday,0,Buy Airtime,1500.0,14.0,Success,MTN Mobile Money,7,2024,3
TX_002539,USER_050,2024-07-21,2024-07-01,Sunday,1,Deposit Cash,69700.0,693.0,Success,MTN Mobile Money,7,2024,3
TX_002540,USER_050,2024-12-11,2024-12-01,Wednesday,0,Buy Airtime,2500.0,27.0,Success,MTN Mobile Money,12,2024,4
TX_002541,USER_050,2024-07-31,2024-07-01,Wednesday,0,Buy Airtime,1600.0,24.0,Failed,MTN Mobile Money,7,2024,3
TX_002542,USER_050,2024-06-24,2024-06-01,Monday,0,Deposit Cash,3500.0,35.0,Success,MTN Mobile Money,6,2024,2
TX_002543,USER_050,2024-07-31,2024-07-01,Wednesday,0,Receive Money,39300.0,684.0,Success,MTN Mobile Money,7,2024,3
TX_002544,USER_050,2024-07-26,2024-07-01,Friday,0,Save/Investment,9800.0,178.0,Success,MTN Mobile Money,7,2024,3
TX_002545,USER_050,2025-02-24,2025-02-01,Monday,0,Receive Money,41200.0,270.0,Success,MTN Mobile Money,2,2025,1
TX_002546,USER_050,2024-06-15,2024-06-01,Saturday,1,Buy Airtime,1100.0,16.0,Success,MTN Mobile Money,6,2024,2
TX_002547,USER_050,2025-02-17,2025-02-01,Monday,0,Receive Money,2000.0,23.0,Success,MTN Mobile Money,2,2025,1
TX_002548,USER_050,2025-02-24,2025-02-01,Monday,0,Merchant Payment,32500.0,420.0,Success,MTN Mobile Money,2,2025,1
TX_002549,USER_050,2024-11-06,2024-11-01,Wednesday,0,Pay Bill,15800.0,128.0,Success,MTN Mobile Money,11,2024,4
TX_002550,USER_050,2024-08-10,2024-08-01,Saturday,1,Buy Airtime,100.0,2.0,Success,MTN Mobile Money,8,2024,3
TX_002551,USER_050,2024-11-01,2024-11-01,Friday,0,Receive Money,25300.0,450.0,Success,MTN Mobile Money,11,2024,4
TX_002552,USER_050,2024-08-26,2024-08-01,Monday,0,Receive Money,18400.0,279.0,Success,MTN Mobile Money,8,2024,3
TX_002553,USER_050,2024-12-12,2024-12-01,Thursday,0,Send Money,17600.0,326.0,Success,MTN Mobile Money,12,2024,4
TX_002554,USER_050,2024-07-19,2024-07-01,Friday,0,Save/Investment,26900.0,515.0,Success,MTN Mobile Money,7,2024,3
TX_002555,USER_050,2024-07-26,2024-07-01,Friday,0,Withdraw Cash,2100.0,32.0,Success,MTN Mobile Money,7,2024,3
TX_002556,USER_050,2024-05-02,2024-05-01,Thursday,0,Receive Money,48300.0,860.0,Success,MTN Mobile Money,5,2024,2
TX_002557,USER_050,2024-12-19,2024-12-01,Thursday,0,Buy Airtime,1300.0,15.0,Success,MTN Mobile Money,12,2024,4
TX_002558,USER_050,2025-02-10,2025-02-01,Monday,0,Receive Money,52800.0,406.0,Success,MTN Mobile Money,2,2025,1
TX_002559,USER_050,2024-12-04,2024-12-01,Wednesday,0,Withdraw Cash,18200.0,180.0,Success,MTN Mobile Money,12,2024,4
TX_002560,USER_050,2024-09-11,2024-09-01,Wednesday,0,Withdraw Cash,23500.0,306.0,Success,MTN Mobile Money,9,2024,3
TX_002561,USER_050,2024-09-19,2024-09-01,Thursday,0,Receive Money,27400.0,172.0,Success,MTN Mobile Money,9,2024,3
TX_002562,USER_050,2024-08-24,2024-08-01,Saturday,1,Withdraw Cash,66100.0,1018.0,Failed,MTN Mobile Money,8,2024,3
TX_002563,USER_050,2024-05-14,2024-05-01,Tuesday,0,Buy Airtime,2100.0,41.0,Success,MTN Mobile Money,5,2024,2
TX_002564,USER_050,2024-07-27,2024-07-01,Saturday,1,Send Money,40600.0,754.0,Success,MTN Mobile Money,7,2024,3
TX_002565,USER_050,2024-03-22,2024-03-01,Friday,0,Buy Airtime,2400.0,48.0,Success,MTN Mobile Money,3,2024,1
TX_002566,USER_050,2024-07-26,2024-07-01,Friday,0,Buy Airtime,1000.0,15.0,Success,MTN Mobile Money,7,2024,3
TX_002567,USER_051,2024-04-10,2024-04-01,Wednesday,0,Buy Airtime,1300.0,12.0,Success,MTN Mobile Money,4,2024,2
TX_002568,USER_051,2024-08-25,2024-08-01,Sunday,1,Receive Money,70700.0,1352.0,Success,MTN Mobile Money,8,2024,3
TX_002569,USER_051,2024-10-13,2024-10-01,Sunday,1,Receive Money,87700.0,1432.0,Success,MTN Mobile Money,10,2024,4
TX_002570,USER_051,2025-01-30,2025-01-01,Thursday,0,Merchant Payment,70000.0,590.0,Success,MTN Mobile Money,1,2025,1
TX_002571,USER_051,2024-07-10,2024-07-01,Wednesday,0,Receive Money,21200.0,332.0,Success,MTN Mobile Money,7,2024,3
TX_002572,USER_051,2024-11-01,2024-11-01,Friday,0,Send Money,116900.0,1053.0,Success,MTN Mobile Money,11,2024,4
TX_002573,USER_051,2024-06-18,2024-06-01,Tuesday,0,Buy Airtime,4000.0,46.0,Success,MTN Mobile Money,6,2024,2
TX_002574,USER_051,2024-06-12,2024-06-01,Wednesday,0,Pay Bill,41700.0,781.0,Success,MTN Mobile Money,6,2024,2
TX_002575,USER_051,2024-12-01,2024-12-01,Sunday,1,Pay Bill,38500.0,737.0,Success,MTN Mobile Money,12,2024,4
TX_002576,USER_051,2024-07-17,2024-07-01,Wednesday,0,Pay Bill,43300.0,612.0,Success,MTN Mobile Money,7,2024,3
TX_002577,USER_051,2024-12-13,2024-12-01,Friday,0,Buy Airtime,1800.0,23.0,Success,MTN Mobile Money,12,2024,4
TX_002578,USER_051,2025-02-20,2025-02-01,Thursday,0,Merchant Payment,41800.0,384.0,Success,MTN Mobile Money,2,2025,1
TX_002579,USER_052,2024-07-18,2024-07-01,Thursday,0,Merchant Payment,15700.0,179.0,Success,MTN Mobile Money,7,2024,3
TX_002580,USER_052,2024-05-10,2024-05-01,Friday,0,Withdraw Cash,86300.0,886.0,Success,MTN Mobile Money,5,2024,2
TX_002581,USER_052,2024-04-25,2024-04-01,Thursday,0,Deposit Cash,100500.0,1585.0,Success,MTN Mobile Money,4,2024,2
TX_002582,USER_052,2025-01-10,2025-01-01,Friday,0,Merchant Payment,29800.0,575.0,Success,MTN Mobile Money,1,2025,1
TX_002583,USER_052,2024-12-26,2024-12-01,Thursday,0,Receive Money,116900.0,1177.0,Success,MTN Mobile Money,12,2024,4
TX_002584,USER_052,2024-07-01,2024-07-01,Monday,0,Receive Money,88500.0,1024.0,Success,MTN Mobile Money,7,2024,3
TX_002585,USER_052,2024-07-03,2024-07-01,Wednesday,0,Merchant Payment,60800.0,490.0,Failed,MTN Mobile Money,7,2024,3
TX_002586,USER_052,2024-03-26,2024-03-01,Tuesday,0,Receive Money,22300.0,142.0,Success,MTN Mobile Money,3,2024,1
TX_002587,USER_052,2025-02-06,2025-02-01,Thursday,0,Send Money,20800.0,198.0,Success,MTN Mobile Money,2,2025,1
TX_002588,USER_052,2024-11-27,2024-11-01,Wednesday,0,Buy Airtime,7400.0,122.0,Success,MTN Mobile Money,11,2024,4
TX_002589,USER_052,2024-06-24,2024-06-01,Monday,0,Receive Money,116900.0,713.0,Success,MTN Mobile Money,6,2024,2
TX_002590,USER_052,2025-01-21,2025-01-01,Tuesday,0,Send Money,116900.0,1383.0,Success,MTN Mobile Money,1,2025,1
TX_002591,USER_052,2024-06-28,2024-06-01,Friday,0,Withdraw Cash,106500.0,1040.0,Success,MTN Mobile Money,6,2024,2
TX_002592,USER_052,2024-03-27,2024-03-01,Wednesday,0,Withdraw Cash,9300.0,48.0,Success,MTN Mobile Money,3,2024,1
TX_002593,USER_052,2024-04-21,2024-04-01,Sunday,1,Send Money,96000.0,788.0,Success,MTN Mobile Money,4,2024,2
TX_002594,USER_052,2024-09-28,2024-09-01,Saturday,1,Send Money,79400.0,535.0,Success,MTN Mobile Money,9,2024,3
TX_002595,USER_052,2024-08-17,2024-08-01,Saturday,1,Send Money,116900.0,981.0,Success,MTN Mobile Money,8,2024,3
TX_002596,USER_052,2024-10-28,2024-10-01,Monday,0,Send Money,16400.0,207.0,Success,MTN Mobile Money,10,2024,4
TX_002597,USER_052,2024-04-21,2024-04-01,Sunday,1,Save/Investment,85100.0,1421.0,Success,MTN Mobile Money,4,2024,2
TX_002598,USER_052,2025-02-12,2025-02-01,Wednesday,0,Pay Bill,20400.0,392.0,Success,MTN Mobile Money,2,2025,1
TX_002599,USER_052,2024-05-10,2024-05-01,Friday,0,Buy Airtime,2200.0,13.0,Failed,MTN Mobile Money,5,2024,2
TX_002600,USER_052,2024-03-03,2024-03-01,Sunday,1,Receive Money,64200.0,431.0,Success,MTN Mobile Money,3,2024,1
TX_002601,USER_052,2024-12-07,2024-12-01,Saturday,1,Send Money,116900.0,854.0,Success,MTN Mobile Money,12,2024,4
TX_002602,USER_052,2024-05-20,2024-05-01,Monday,0,Withdraw Cash,31100.0,419.0,Success,MTN Mobile Money,5,2024,2
TX_002603,USER_052,2024-09-25,2024-09-01,Wednesday,0,Send Money,116900.0,1368.0,Success,MTN Mobile Money,9,2024,3
TX_002604,USER_052,2025-01-29,2025-01-01,Wednesday,0,Send Money,55700.0,1007.0,Success,MTN Mobile Money,1,2025,1
TX_002605,USER_052,2024-10-30,2024-10-01,Wednesday,0,Save/Investment,85200.0,611.0,Success,MTN Mobile Money,10,2024,4
TX_002606,USER_052,2024-10-31,2024-10-01,Thursday,0,Deposit Cash,71800.0,364.0,Success,MTN Mobile Money,10,2024,4
TX_002607,USER_052,2025-01-28,2025-01-01,Tuesday,0,Buy Airtime,7200.0,50.0,Success,MTN Mobile Money,1,2025,1
TX_002608,USER_052,2024-06-11,2024-06-01,Tuesday,0,Merchant Payment,67700.0,937.0,Success,MTN Mobile Money,6,2024,2
TX_002609,USER_052,2024-07-26,2024-07-01,Friday,0,Pay Bill,41400.0,438.0,Success,MTN Mobile Money,7,2024,3
TX_002610,USER_052,2024-08-12,2024-08-01,Monday,0,Withdraw Cash,76600.0,1511.0,Success,MTN Mobile Money,8,2024,3
TX_002611,USER_053,2024-07-25,2024-07-01,Thursday,0,Pay Bill,19300.0,227.0,Success,Orange Money,7,2024,3
TX_002612,USER_053,2025-01-25,2025-01-01,Saturday,1,Pay Bill,5300.0,42.0,Success,Orange Money,1,2025,1
TX_002613,USER_053,2024-03-31,2024-03-01,Sunday,1,Withdraw Cash,42600.0,653.0,Success,Orange Money,3,2024,1
TX_002614,USER_053,2024-04-15,2024-04-01,Monday,0,Pay Bill,1600.0,28.0,Pending,Orange Money,4,2024,2
TX_002615,USER_053,2025-01-28,2025-01-01,Tuesday,0,Pay Bill,900.0,7.0,Success,Orange Money,1,2025,1
TX_002616,USER_053,2024-12-19,2024-12-01,Thursday,0,Buy Airtime,2800.0,25.0,Success,Orange Money,12,2024,4
TX_002617,USER_053,2024-06-27,2024-06-01,Thursday,0,Withdraw Cash,23100.0,305.0,Success,Orange Money,6,2024,2
TX_002618,USER_053,2024-11-29,2024-11-01,Friday,0,Pay Bill,18600.0,211.0,Success,Orange Money,11,2024,4
TX_002619,USER_053,2024-03-20,2024-03-01,Wednesday,0,Buy Airtime,700.0,10.0,Success,Orange Money,3,2024,1
TX_002620,USER_053,2024-05-29,2024-05-01,Wednesday,0,Receive Money,7000.0,79.0,Success,Orange Money,5,2024,2
TX_002621,USER_053,2024-09-30,2024-09-01,Monday,0,Send Money,23500.0,225.0,Failed,Orange Money,9,2024,3
TX_002622,USER_053,2024-05-30,2024-05-01,Thursday,0,Receive Money,42500.0,551.0,Success,Orange Money,5,2024,2
TX_002623,USER_053,2024-03-19,2024-03-01,Tuesday,0,Receive Money,52800.0,684.0,Success,Orange Money,3,2024,1
TX_002624,USER_053,2024-09-20,2024-09-01,Friday,0,Receive Money,5900.0,89.0,Success,Orange Money,9,2024,3
TX_002625,USER_053,2024-11-09,2024-11-01,Saturday,1,Pay Bill,4600.0,66.0,Pending,Orange Money,11,2024,4
TX_002626,USER_053,2024-06-04,2024-06-01,Tuesday,0,Pay Bill,17300.0,218.0,Success,Orange Money,6,2024,2
TX_002627,USER_053,2024-07-27,2024-07-01,Saturday,1,Merchant Payment,31200.0,524.0,Success,Orange Money,7,2024,3
TX_002628,USER_053,2024-03-20,2024-03-01,Wednesday,0,Buy Airtime,800.0,9.0,Success,Orange Money,3,2024,1
TX_002629,USER_053,2024-03-05,2024-03-01,Tuesday,0,Deposit Cash,62800.0,705.0,Success,Orange Money,3,2024,1
TX_002630,USER_053,2024-07-31,2024-07-01,Wednesday,0,Deposit Cash,12800.0,183.0,Success,Orange Money,7,2024,3
TX_002631,USER_053,2024-12-16,2024-12-01,Monday,0,Receive Money,55200.0,359.0,Success,Orange Money,12,2024,4
TX_002632,USER_053,2025-01-03,2025-01-01,Friday,0,Receive Money,50700.0,915.0,Success,Orange Money,1,2025,1
TX_002633,USER_053,2024-04-24,2024-04-01,Wednesday,0,Send Money,35300.0,355.0,Success,Orange Money,4,2024,2
TX_002634,USER_053,2024-08-19,2024-08-01,Monday,0,Send Money,7800.0,119.0,Success,Orange Money,8,2024,3
TX_002635,USER_053,2024-07-24,2024-07-01,Wednesday,0,Deposit Cash,4800.0,40.0,Pending,Orange Money,7,2024,3
TX_002636,USER_053,2024-10-19,2024-10-01,Saturday,1,Pay Bill,15000.0,116.0,Success,Orange Money,10,2024,4
TX_002637,USER_053,2025-01-23,2025-01-01,Thursday,0,Withdraw Cash,22500.0,392.0,Success,Orange Money,1,2025,1
TX_002638,USER_053,2024-12-04,2024-12-01,Wednesday,0,Receive Money,31400.0,429.0,Success,Orange Money,12,2024,4
TX_002639,USER_053,2024-11-24,2024-11-01,Sunday,1,Pay Bill,7700.0,85.0,Success,Orange Money,11,2024,4
TX_002640,USER_053,2024-11-08,2024-11-01,Friday,0,Pay Bill,19800.0,186.0,Success,Orange Money,11,2024,4
TX_002641,USER_053,2024-05-08,2024-05-01,Wednesday,0,Withdraw Cash,38500.0,508.0,Success,Orange Money,5,2024,2
TX_002642,USER_053,2024-11-14,2024-11-01,Thursday,0,Receive Money,15400.0,308.0,Success,Orange Money,11,2024,4
TX_002643,USER_053,2024-10-26,2024-10-01,Saturday,1,Merchant Payment,23700.0,240.0,Success,Orange Money,10,2024,4
TX_002644,USER_053,2024-07-18,2024-07-01,Thursday,0,Deposit Cash,61900.0,458.0,Success,Orange Money,7,2024,3
TX_002645,USER_053,2024-06-07,2024-06-01,Friday,0,Receive Money,2700.0,38.0,Success,Orange Money,6,2024,2
TX_002646,USER_053,2024-04-27,2024-04-01,Saturday,1,Receive Money,41500.0,598.0,Success,Orange Money,4,2024,2
TX_002647,USER_053,2024-08-17,2024-08-01,Saturday,1,Send Money,39800.0,709.0,Success,Orange Money,8,2024,3
TX_002648,USER_053,2024-05-23,2024-05-01,Thursday,0,Send Money,12400.0,75.0,Success,Orange Money,5,2024,2
TX_002649,USER_053,2024-10-21,2024-10-01,Monday,0,Withdraw Cash,8400.0,148.0,Success,Orange Money,10,2024,4
TX_002650,USER_053,2025-01-26,2025-01-01,Sunday,1,Withdraw Cash,68000.0,425.0,Success,Orange Money,1,2025,1
TX_002651,USER_053,2024-07-10,2024-07-01,Wednesday,0,Send Money,22200.0,395.0,Success,Orange Money,7,2024,3
TX_002652,USER_053,2024-06-04,2024-06-01,Tuesday,0,Pay Bill,12800.0,200.0,Success,Orange Money,6,2024,2
TX_002653,USER_053,2024-03-08,2024-03-01,Friday,0,Send Money,45400.0,555.0,Success,Orange Money,3,2024,1
TX_002654,USER_053,2024-08-20,2024-08-01,Tuesday,0,Pay Bill,11000.0,211.0,Success,Orange Money,8,2024,3
TX_002655,USER_053,2024-07-30,2024-07-01,Tuesday,0,Save/Investment,6600.0,105.0,Success,Orange Money,7,2024,3
TX_002656,USER_053,2024-12-16,2024-12-01,Monday,0,Withdraw Cash,42800.0,577.0,Success,Orange Money,12,2024,4
TX_002657,USER_053,2025-02-09,2025-02-01,Sunday,1,Deposit Cash,9200.0,163.0,Success,Orange Money,2,2025,1
TX_002658,USER_053,2024-06-07,2024-06-01,Friday,0,Receive Money,48800.0,560.0,Success,Orange Money,6,2024,2
TX_002659,USER_053,2024-05-29,2024-05-01,Wednesday,0,Receive Money,600.0,7.0,Success,Orange Money,5,2024,2
TX_002660,USER_053,2025-01-07,2025-01-01,Tuesday,0,Withdraw Cash,19800.0,231.0,Success,Orange Money,1,2025,1
TX_002661,USER_053,2025-01-22,2025-01-01,Wednesday,0,Receive Money,43800.0,319.0,Success,Orange Money,1,2025,1
TX_002662,USER_053,2024-09-24,2024-09-01,Tuesday,0,Merchant Payment,23800.0,409.0,Success,Orange Money,9,2024,3
TX_002663,USER_053,2024-10-05,2024-10-01,Saturday,1,Receive Money,50100.0,788.0,Success,Orange Money,10,2024,4
TX_002664,USER_053,2024-11-19,2024-11-01,Tuesday,0,Buy Airtime,1500.0,9.0,Success,Orange Money,11,2024,4
TX_002665,USER_053,2024-08-15,2024-08-01,Thursday,0,Withdraw Cash,33500.0,620.0,Success,Orange Money,8,2024,3
TX_002666,USER_053,2024-04-14,2024-04-01,Sunday,1,Receive Money,48900.0,829.0,Success,Orange Money,4,2024,2
TX_002667,USER_053,2024-09-22,2024-09-01,Sunday,1,Send Money,39800.0,183.0,Success,Orange Money,9,2024,3
TX_002668,USER_053,2025-02-06,2025-02-01,Thursday,0,Deposit Cash,66500.0,1136.0,Success,Orange Money,2,2025,1
TX_002669,USER_053,2024-04-18,2024-04-01,Thursday,0,Withdraw Cash,25100.0,188.0,Success,Orange Money,4,2024,2
TX_002670,USER_053,2024-06-03,2024-06-01,Monday,0,Receive Money,50600.0,434.0,Success,Orange Money,6,2024,2
TX_002671,USER_053,2024-05-11,2024-05-01,Saturday,1,Save/Investment,1200.0,20.0,Success,Orange Money,5,2024,2
TX_002672,USER_053,2024-10-31,2024-10-01,Thursday,0,Send Money,51400.0,365.0,Success,Orange Money,10,2024,4
TX_002673,USER_053,2024-08-13,2024-08-01,Tuesday,0,Receive Money,4000.0,23.0,Success,Orange Money,8,2024,3
TX_002674,USER_053,2024-07-06,2024-07-01,Saturday,1,Send Money,42700.0,525.0,Success,Orange Money,7,2024,3
TX_002675,USER_053,2024-03-04,2024-03-01,Monday,0,Pay Bill,19600.0,366.0,Success,Orange Money,3,2024,1
TX_002676,USER_053,2024-07-12,2024-07-01,Friday,0,Merchant Payment,11300.0,121.0,Success,Orange Money,7,2024,3
TX_002677,USER_053,2024-09-13,2024-09-01,Friday,0,Buy Airtime,1700.0,19.0,Pending,Orange Money,9,2024,3
TX_002678,USER_053,2024-06-29,2024-06-01,Saturday,1,Deposit Cash,30800.0,490.0,Success,Orange Money,6,2024,2
TX_002679,USER_053,2024-10-15,2024-10-01,Tuesday,0,Send Money,20000.0,221.0,Success,Orange Money,10,2024,4
TX_002680,USER_053,2024-07-15,2024-07-01,Monday,0,Deposit Cash,25600.0,351.0,Success,Orange Money,7,2024,3
TX_002681,USER_053,2024-08-16,2024-08-01,Friday,0,Send Money,49900.0,705.0,Failed,Orange Money,8,2024,3
TX_002682,USER_053,2024-08-02,2024-08-01,Friday,0,Save/Investment,13200.0,125.0,Success,Orange Money,8,2024,3
TX_002683,USER_053,2024-12-24,2024-12-01,Tuesday,0,Save/Investment,22200.0,376.0,Success,Orange Money,12,2024,4
TX_002684,USER_053,2024-12-19,2024-12-01,Thursday,0,Receive Money,32300.0,565.0,Success,Orange Money,12,2024,4
TX_002685,USER_053,2024-03-06,2024-03-01,Wednesday,0,Send Money,19100.0,137.0,Success,Orange Money,3,2024,1
TX_002686,USER_053,2024-07-12,2024-07-01,Friday,0,Merchant Payment,1400.0,12.0,Success,Orange Money,7,2024,3
TX_002687,USER_053,2025-01-29,2025-01-01,Wednesday,0,Buy Airtime,2600.0,16.0,Success,Orange Money,1,2025,1
TX_002688,USER_053,2024-09-01,2024-09-01,Sunday,1,Receive Money,28300.0,257.0,Failed,Orange Money,9,2024,3
TX_002689,USER_053,2025-02-18,2025-02-01,Tuesday,0,Pay Bill,1900.0,30.0,Success,Orange Money,2,2025,1
TX_002690,USER_053,2024-06-29,2024-06-01,Saturday,1,Buy Airtime,1000.0,14.0,Success,Orange Money,6,2024,2
TX_002691,USER_053,2024-04-01,2024-04-01,Monday,0,Merchant Payment,9200.0,92.0,Success,Orange Money,4,2024,2
TX_002692,USER_053,2025-02-05,2025-02-01,Wednesday,0,Merchant Payment,31600.0,201.0,Success,Orange Money,2,2025,1
TX_002693,USER_053,2024-04-30,2024-04-01,Tuesday,0,Pay Bill,2900.0,30.0,Success,Orange Money,4,2024,2
TX_002694,USER_053,2024-10-25,2024-10-01,Friday,0,Buy Airtime,3300.0,66.0,Success,Orange Money,10,2024,4
TX_002695,USER_053,2024-08-05,2024-08-01,Monday,0,Buy Airtime,3000.0,20.0,Success,Orange Money,8,2024,3
TX_002696,USER_053,2024-05-21,2024-05-01,Tuesday,0,Pay Bill,4900.0,54.0,Success,Orange Money,5,2024,2
TX_002697,USER_053,2024-09-24,2024-09-01,Tuesday,0,Withdraw Cash,18200.0,176.0,Success,Orange Money,9,2024,3
TX_002698,USER_053,2025-02-15,2025-02-01,Saturday,1,Deposit Cash,34900.0,474.0,Success,Orange Money,2,2025,1
TX_002699,USER_053,2024-11-13,2024-11-01,Wednesday,0,Pay Bill,4600.0,74.0,Success,Orange Money,11,2024,4
TX_002700,USER_053,2025-02-24,2025-02-01,Monday,0,Send Money,39900.0,324.0,Success,Orange Money,2,2025,1
TX_002701,USER_053,2024-08-07,2024-08-01,Wednesday,0,Pay Bill,9800.0,153.0,Success,Orange Money,8,2024,3
TX_002702,USER_053,2025-02-17,2025-02-01,Monday,0,Buy Airtime,2500.0,23.0,Success,Orange Money,2,2025,1
TX_002703,USER_053,2024-04-30,2024-04-01,Tuesday,0,Pay Bill,6900.0,136.0,Success,Orange Money,4,2024,2
TX_002704,USER_053,2025-01-22,2025-01-01,Wednesday,0,Send Money,700.0,4.0,Success,Orange Money,1,2025,1
TX_002705,USER_053,2024-07-30,2024-07-01,Tuesday,0,Send Money,30000.0,536.0,Success,Orange Money,7,2024,3
TX_002706,USER_053,2024-09-05,2024-09-01,Thursday,0,Receive Money,22600.0,285.0,Success,Orange Money,9,2024,3
TX_002707,USER_053,2025-01-09,2025-01-01,Thursday,0,Deposit Cash,63700.0,805.0,Success,Orange Money,1,2025,1
TX_002708,USER_053,2024-06-22,2024-06-01,Saturday,1,Send Money,31800.0,278.0,Success,Orange Money,6,2024,2
TX_002709,USER_053,2024-06-21,2024-06-01,Friday,0,Buy Airtime,1000.0,6.0,Success,Orange Money,6,2024,2
TX_002710,USER_054,2024-05-08,2024-05-01,Wednesday,0,Send Money,1200.0,8.0,Success,MTN Mobile Money,5,2024,2
TX_002711,USER_054,2024-10-31,2024-10-01,Thursday,0,Receive Money,79000.0,758.0,Success,MTN Mobile Money,10,2024,4
TX_002712,USER_054,2024-05-18,2024-05-01,Saturday,1,Buy Airtime,4300.0,65.0,Success,MTN Mobile Money,5,2024,2
TX_002713,USER_054,2024-10-19,2024-10-01,Saturday,1,Buy Airtime,3600.0,57.0,Success,MTN Mobile Money,10,2024,4
TX_002714,USER_054,2025-01-05,2025-01-01,Sunday,1,Merchant Payment,43500.0,595.0,Success,MTN Mobile Money,1,2025,1
TX_002715,USER_054,2024-09-08,2024-09-01,Sunday,1,Buy Airtime,4100.0,21.0,Pending,MTN Mobile Money,9,2024,3
TX_002716,USER_054,2024-09-29,2024-09-01,Sunday,1,Send Money,37900.0,685.0,Success,MTN Mobile Money,9,2024,3
TX_002717,USER_054,2025-02-23,2025-02-01,Sunday,1,Pay Bill,4800.0,52.0,Success,MTN Mobile Money,2,2025,1
TX_002718,USER_054,2024-12-07,2024-12-01,Saturday,1,Receive Money,30200.0,601.0,Pending,MTN Mobile Money,12,2024,4
TX_002719,USER_054,2024-10-28,2024-10-01,Monday,0,Send Money,58200.0,336.0,Success,MTN Mobile Money,10,2024,4
TX_002720,USER_054,2024-12-01,2024-12-01,Sunday,1,Send Money,77300.0,1477.0,Success,MTN Mobile Money,12,2024,4
TX_002721,USER_054,2025-02-04,2025-02-01,Tuesday,0,Send Money,19600.0,250.0,Success,MTN Mobile Money,2,2025,1
TX_002722,USER_054,2024-06-20,2024-06-01,Thursday,0,Receive Money,60700.0,585.0,Failed,MTN Mobile Money,6,2024,2
TX_002723,USER_054,2024-07-05,2024-07-01,Friday,0,Buy Airtime,2200.0,37.0,Success,MTN Mobile Money,7,2024,3
TX_002724,USER_054,2025-02-12,2025-02-01,Wednesday,0,Receive Money,27500.0,524.0,Success,MTN Mobile Money,2,2025,1
TX_002725,USER_054,2024-12-31,2024-12-01,Tuesday,0,Send Money,36600.0,623.0,Success,MTN Mobile Money,12,2024,4
TX_002726,USER_054,2024-04-11,2024-04-01,Thursday,0,Merchant Payment,26800.0,174.0,Success,MTN Mobile Money,4,2024,2
TX_002727,USER_054,2024-11-25,2024-11-01,Monday,0,Withdraw Cash,10200.0,77.0,Success,MTN Mobile Money,11,2024,4
TX_002728,USER_054,2024-10-15,2024-10-01,Tuesday,0,Buy Airtime,4400.0,66.0,Pending,MTN Mobile Money,10,2024,4
TX_002729,USER_054,2024-11-26,2024-11-01,Tuesday,0,Send Money,72300.0,1244.0,Success,MTN Mobile Money,11,2024,4
TX_002730,USER_054,2025-02-24,2025-02-01,Monday,0,Save/Investment,14800.0,271.0,Success,MTN Mobile Money,2,2025,1
TX_002731,USER_054,2024-09-02,2024-09-01,Monday,0,Withdraw Cash,56800.0,386.0,Success,MTN Mobile Money,9,2024,3
TX_002732,USER_054,2024-04-09,2024-04-01,Tuesday,0,Receive Money,63500.0,1040.0,Success,MTN Mobile Money,4,2024,2
TX_002733,USER_054,2024-12-14,2024-12-01,Saturday,1,Send Money,64800.0,1236.0,Success,MTN Mobile Money,12,2024,4
TX_002734,USER_054,2024-04-27,2024-04-01,Saturday,1,Send Money,7000.0,37.0,Success,MTN Mobile Money,4,2024,2
TX_002735,USER_054,2024-04-01,2024-04-01,Monday,0,Buy Airtime,4900.0,54.0,Success,MTN Mobile Money,4,2024,2
TX_002736,USER_054,2024-12-06,2024-12-01,Friday,0,Buy Airtime,4100.0,78.0,Success,MTN Mobile Money,12,2024,4
TX_002737,USER_054,2024-11-14,2024-11-01,Thursday,0,Receive Money,27100.0,346.0,Success,MTN Mobile Money,11,2024,4
TX_002738,USER_054,2024-06-12,2024-06-01,Wednesday,0,Receive Money,14000.0,70.0,Success,MTN Mobile Money,6,2024,2
TX_002739,USER_054,2024-12-19,2024-12-01,Thursday,0,Send Money,19900.0,188.0,Success,MTN Mobile Money,12,2024,4
TX_002740,USER_055,2024-11-30,2024-11-01,Saturday,1,Send Money,7200.0,90.0,Success,Orange Money,11,2024,4
TX_002741,USER_055,2024-05-16,2024-05-01,Thursday,0,Receive Money,4100.0,76.0,Success,Orange Money,5,2024,2
TX_002742,USER_055,2024-05-24,2024-05-01,Friday,0,Send Money,4000.0,78.0,Success,Orange Money,5,2024,2
TX_002743,USER_055,2024-08-15,2024-08-01,Thursday,0,Pay Bill,14900.0,244.0,Success,Orange Money,8,2024,3
TX_002744,USER_055,2024-11-22,2024-11-01,Friday,0,Pay Bill,9400.0,49.0,Failed,Orange Money,11,2024,4
TX_002745,USER_055,2024-10-13,2024-10-01,Sunday,1,Buy Airtime,800.0,15.0,Success,Orange Money,10,2024,4
TX_002746,USER_055,2024-04-29,2024-04-01,Monday,0,Save/Investment,30600.0,611.0,Success,Orange Money,4,2024,2
TX_002747,USER_055,2025-02-12,2025-02-01,Wednesday,0,Deposit Cash,57700.0,488.0,Success,Orange Money,2,2025,1
TX_002748,USER_055,2024-06-14,2024-06-01,Friday,0,Save/Investment,10600.0,191.0,Success,Orange Money,6,2024,2
TX_002749,USER_055,2024-12-24,2024-12-01,Tuesday,0,Send Money,26300.0,226.0,Success,Orange Money,12,2024,4
TX_002750,USER_055,2024-11-06,2024-11-01,Wednesday,0,Buy Airtime,300.0,2.0,Success,Orange Money,11,2024,4
TX_002751,USER_055,2024-04-16,2024-04-01,Tuesday,0,Send Money,44400.0,499.0,Success,Orange Money,4,2024,2
TX_002752,USER_055,2024-11-17,2024-11-01,Sunday,1,Pay Bill,2500.0,17.0,Success,Orange Money,11,2024,4
TX_002753,USER_055,2024-10-15,2024-10-01,Tuesday,0,Deposit Cash,64800.0,1127.0,Success,Orange Money,10,2024,4
TX_002754,USER_055,2024-03-29,2024-03-01,Friday,0,Receive Money,30900.0,489.0,Pending,Orange Money,3,2024,1
TX_002755,USER_055,2024-10-19,2024-10-01,Saturday,1,Send Money,3100.0,48.0,Success,Orange Money,10,2024,4
TX_002756,USER_055,2024-05-07,2024-05-01,Tuesday,0,Deposit Cash,47700.0,921.0,Success,Orange Money,5,2024,2
TX_002757,USER_055,2024-11-18,2024-11-01,Monday,0,Merchant Payment,33900.0,600.0,Success,Orange Money,11,2024,4
TX_002758,USER_055,2024-09-29,2024-09-01,Sunday,1,Send Money,30900.0,364.0,Success,Orange Money,9,2024,3
TX_002759,USER_055,2024-10-20,2024-10-01,Sunday,1,Send Money,14700.0,239.0,Success,Orange Money,10,2024,4
TX_002760,USER_055,2024-12-14,2024-12-01,Saturday,1,Receive Money,21900.0,314.0,Success,Orange Money,12,2024,4
TX_002761,USER_055,2024-03-30,2024-03-01,Saturday,1,Deposit Cash,31700.0,595.0,Success,Orange Money,3,2024,1
TX_002762,USER_055,2024-12-12,2024-12-01,Thursday,0,Receive Money,8200.0,41.0,Success,Orange Money,12,2024,4
TX_002763,USER_055,2024-10-23,2024-10-01,Wednesday,0,Send Money,22100.0,306.0,Success,Orange Money,10,2024,4
TX_002764,USER_055,2025-02-08,2025-02-01,Saturday,1,Send Money,43500.0,835.0,Success,Orange Money,2,2025,1
TX_002765,USER_055,2024-08-05,2024-08-01,Monday,0,Send Money,53800.0,299.0,Pending,Orange Money,8,2024,3
TX_002766,USER_055,2024-03-12,2024-03-01,Tuesday,0,Send Money,49000.0,471.0,Failed,Orange Money,3,2024,1
TX_002767,USER_055,2024-09-19,2024-09-01,Thursday,0,Receive Money,36800.0,228.0,Success,Orange Money,9,2024,3
TX_002768,USER_055,2024-07-09,2024-07-01,Tuesday,0,Withdraw Cash,37300.0,706.0,Success,Orange Money,7,2024,3
TX_002769,USER_055,2024-03-02,2024-03-01,Saturday,1,Deposit Cash,31800.0,626.0,Failed,Orange Money,3,2024,1
TX_002770,USER_055,2024-06-20,2024-06-01,Thursday,0,Receive Money,27100.0,880.0,Success,Orange Money,6,2024,2
TX_002771,USER_055,2024-12-22,2024-12-01,Sunday,1,Buy Airtime,300.0,5.0,Success,Orange Money,12,2024,4
TX_002772,USER_055,2024-04-07,2024-04-01,Sunday,1,Send Money,22600.0,309.0,Success,Orange Money,4,2024,2
TX_002773,USER_055,2024-03-24,2024-03-01,Sunday,1,Save/Investment,15600.0,92.0,Success,Orange Money,3,2024,1
TX_002774,USER_055,2024-10-03,2024-10-01,Thursday,0,Buy Airtime,1600.0,15.0,Success,Orange Money,10,2024,4
TX_002775,USER_055,2024-08-24,2024-08-01,Saturday,1,Receive Money,42500.0,559.0,Success,Orange Money,8,2024,3
TX_002776,USER_055,2025-02-22,2025-02-01,Saturday,1,Buy Airtime,900.0,16.0,Success,Orange Money,2,2025,1
TX_002777,USER_055,2024-04-02,2024-04-01,Tuesday,0,Receive Money,35000.0,363.0,Success,Orange Money,4,2024,2
TX_002778,USER_055,2024-12-03,2024-12-01,Tuesday,0,Pay Bill,15400.0,99.0,Success,Orange Money,12,2024,4
TX_002779,USER_055,2024-03-31,2024-03-01,Sunday,1,Save/Investment,28400.0,210.0,Success,Orange Money,3,2024,1
TX_002780,USER_055,2024-04-05,2024-04-01,Friday,0,Receive Money,36500.0,597.0,Success,Orange Money,4,2024,2
TX_002781,USER_055,2024-10-28,2024-10-01,Monday,0,Pay Bill,17200.0,199.0,Success,Orange Money,10,2024,4
TX_002782,USER_055,2024-03-17,2024-03-01,Sunday,1,Buy Airtime,3300.0,56.0,Success,Orange Money,3,2024,1
TX_002783,USER_055,2024-07-25,2024-07-01,Thursday,0,Buy Airtime,3300.0,38.0,Success,Orange Money,7,2024,3
TX_002784,USER_055,2024-09-26,2024-09-01,Thursday,0,Save/Investment,30300.0,298.0,Success,Orange Money,9,2024,3
TX_002785,USER_055,2024-06-01,2024-06-01,Saturday,1,Pay Bill,3700.0,72.0,Success,Orange Money,6,2024,2
TX_002786,USER_055,2024-05-09,2024-05-01,Thursday,0,Receive Money,27100.0,89.0,Success,Orange Money,5,2024,2
TX_002787,USER_055,2025-01-23,2025-01-01,Thursday,0,Withdraw Cash,41000.0,590.0,Success,Orange Money,1,2025,1
TX_002788,USER_055,2025-01-25,2025-01-01,Saturday,1,Receive Money,4500.0,42.0,Success,Orange Money,1,2025,1
TX_002789,USER_055,2024-10-02,2024-10-01,Wednesday,0,Buy Airtime,2200.0,29.0,Success,Orange Money,10,2024,4
TX_002790,USER_055,2024-09-08,2024-09-01,Sunday,1,Receive Money,8000.0,142.0,Success,Orange Money,9,2024,3
TX_002791,USER_055,2024-09-12,2024-09-01,Thursday,0,Send Money,10200.0,185.0,Success,Orange Money,9,2024,3
TX_002792,USER_055,2024-10-16,2024-10-01,Wednesday,0,Receive Money,27100.0,13.0,Pending,Orange Money,10,2024,4
TX_002793,USER_055,2024-09-10,2024-09-01,Tuesday,0,Deposit Cash,21600.0,383.0,Success,Orange Money,9,2024,3
TX_002794,USER_055,2024-09-09,2024-09-01,Monday,0,Receive Money,24100.0,188.0,Success,Orange Money,9,2024,3
TX_002795,USER_055,2024-04-11,2024-04-01,Thursday,0,Withdraw Cash,19200.0,332.0,Pending,Orange Money,4,2024,2
TX_002796,USER_055,2025-02-13,2025-02-01,Thursday,0,Send Money,26700.0,455.0,Success,Orange Money,2,2025,1
TX_002797,USER_055,2025-02-02,2025-02-01,Sunday,1,Withdraw Cash,24900.0,294.0,Success,Orange Money,2,2025,1
TX_002798,USER_055,2024-12-02,2024-12-01,Monday,0,Save/Investment,11700.0,221.0,Success,Orange Money,12,2024,4
TX_002799,USER_055,2024-05-08,2024-05-01,Wednesday,0,Save/Investment,23600.0,282.0,Success,Orange Money,5,2024,2
TX_002800,USER_055,2025-01-29,2025-01-01,Wednesday,0,Receive Money,15600.0,105.0,Success,Orange Money,1,2025,1
TX_002801,USER_055,2024-08-26,2024-08-01,Monday,0,Receive Money,42800.0,604.0,Success,Orange Money,8,2024,3
TX_002802,USER_055,2024-04-30,2024-04-01,Tuesday,0,Deposit Cash,42400.0,823.0,Success,Orange Money,4,2024,2
TX_002803,USER_055,2024-05-31,2024-05-01,Friday,0,Send Money,26700.0,393.0,Success,Orange Money,5,2024,2
TX_002804,USER_056,2024-12-01,2024-12-01,Sunday,1,Send Money,10800.0,95.0,Success,MTN Mobile Money,12,2024,4
TX_002805,USER_056,2024-09-18,2024-09-01,Wednesday,0,Pay Bill,5000.0,76.0,Success,MTN Mobile Money,9,2024,3
TX_002806,USER_056,2024-11-26,2024-11-01,Tuesday,0,Receive Money,1600.0,10.0,Success,MTN Mobile Money,11,2024,4
TX_002807,USER_056,2024-05-05,2024-05-01,Sunday,1,Send Money,30500.0,440.0,Success,MTN Mobile Money,5,2024,2
TX_002808,USER_056,2024-06-23,2024-06-01,Sunday,1,Receive Money,27800.0,395.0,Success,MTN Mobile Money,6,2024,2
TX_002809,USER_056,2024-03-02,2024-03-01,Saturday,1,Withdraw Cash,55800.0,582.0,Success,MTN Mobile Money,3,2024,1
TX_002810,USER_056,2024-03-12,2024-03-01,Tuesday,0,Merchant Payment,2200.0,44.0,Success,MTN Mobile Money,3,2024,1
TX_002811,USER_056,2024-07-31,2024-07-01,Wednesday,0,Withdraw Cash,4800.0,68.0,Success,MTN Mobile Money,7,2024,3
TX_002812,USER_057,2024-10-24,2024-10-01,Thursday,0,Merchant Payment,27600.0,309.0,Success,MTN Mobile Money,10,2024,4
TX_002813,USER_057,2025-02-08,2025-02-01,Saturday,1,Withdraw Cash,70600.0,1003.0,Success,MTN Mobile Money,2,2025,1
TX_002814,USER_057,2024-12-04,2024-12-01,Wednesday,0,Pay Bill,18200.0,155.0,Failed,MTN Mobile Money,12,2024,4
TX_002815,USER_057,2024-10-04,2024-10-01,Friday,0,Buy Airtime,2600.0,19.0,Success,MTN Mobile Money,10,2024,4
TX_002816,USER_057,2024-11-28,2024-11-01,Thursday,0,Send Money,23800.0,362.0,Success,MTN Mobile Money,11,2024,4
TX_002817,USER_057,2024-09-11,2024-09-01,Wednesday,0,Deposit Cash,13900.0,229.0,Success,MTN Mobile Money,9,2024,3
TX_002818,USER_057,2024-06-26,2024-06-01,Wednesday,0,Send Money,71900.0,986.0,Success,MTN Mobile Money,6,2024,2
TX_002819,USER_057,2024-07-05,2024-07-01,Friday,0,Receive Money,49500.0,625.0,Pending,MTN Mobile Money,7,2024,3
TX_002820,USER_057,2024-10-22,2024-10-01,Tuesday,0,Save/Investment,31900.0,371.0,Success,MTN Mobile Money,10,2024,4
TX_002821,USER_057,2024-08-25,2024-08-01,Sunday,1,Withdraw Cash,11100.0,110.0,Success,MTN Mobile Money,8,2024,3
TX_002822,USER_057,2024-05-19,2024-05-01,Sunday,1,Send Money,16100.0,198.0,Success,MTN Mobile Money,5,2024,2
TX_002823,USER_057,2024-07-20,2024-07-01,Saturday,1,Pay Bill,10700.0,67.0,Success,MTN Mobile Money,7,2024,3
TX_002824,USER_058,2024-06-05,2024-06-01,Wednesday,0,Receive Money,34600.0,680.0,Success,Orange Money,6,2024,2
TX_002825,USER_058,2024-04-27,2024-04-01,Saturday,1,Send Money,2200.0,31.0,Success,MTN Mobile Money,4,2024,2
TX_002826,USER_058,2024-03-17,2024-03-01,Sunday,1,Receive Money,55600.0,364.0,Success,Orange Money,3,2024,1
TX_002827,USER_058,2025-02-02,2025-02-01,Sunday,1,Withdraw Cash,9900.0,180.0,Success,MTN Mobile Money,2,2025,1
TX_002828,USER_058,2024-10-01,2024-10-01,Tuesday,0,Send Money,12000.0,235.0,Success,MTN Mobile Money,10,2024,4
TX_002829,USER_058,2025-01-09,2025-01-01,Thursday,0,Receive Money,21200.0,108.0,Success,Orange Money,1,2025,1
TX_002830,USER_058,2024-03-09,2024-03-01,Saturday,1,Receive Money,31600.0,411.0,Success,Orange Money,3,2024,1
TX_002831,USER_058,2024-07-02,2024-07-01,Tuesday,0,Buy Airtime,900.0,10.0,Success,MTN Mobile Money,7,2024,3
TX_002832,USER_058,2024-06-14,2024-06-01,Friday,0,Receive Money,2500.0,26.0,Success,Orange Money,6,2024,2
TX_002833,USER_058,2024-04-04,2024-04-01,Thursday,0,Buy Airtime,600.0,11.0,Failed,MTN Mobile Money,4,2024,2
TX_002834,USER_058,2024-04-21,2024-04-01,Sunday,1,Receive Money,22100.0,356.0,Success,MTN Mobile Money,4,2024,2
TX_002835,USER_058,2024-12-30,2024-12-01,Monday,0,Merchant Payment,22700.0,187.0,Success,Orange Money,12,2024,4
TX_002836,USER_058,2024-03-18,2024-03-01,Monday,0,Pay Bill,6600.0,109.0,Success,MTN Mobile Money,3,2024,1
TX_002837,USER_058,2024-10-15,2024-10-01,Tuesday,0,Receive Money,21500.0,394.0,Success,MTN Mobile Money,10,2024,4
TX_002838,USER_058,2025-01-01,2025-01-01,Wednesday,0,Save/Investment,16600.0,147.0,Success,MTN Mobile Money,1,2025,1
TX_002839,USER_058,2025-02-08,2025-02-01,Saturday,1,Pay Bill,9400.0,182.0,Success,MTN Mobile Money,2,2025,1
TX_002840,USER_058,2025-02-24,2025-02-01,Monday,0,Buy Airtime,1300.0,19.0,Success,Orange Money,2,2025,1
TX_002841,USER_058,2024-03-25,2024-03-01,Monday,0,Merchant Payment,11600.0,132.0,Success,Orange Money,3,2024,1
TX_002842,USER_058,2024-07-04,2024-07-01,Thursday,0,Buy Airtime,2400.0,25.0,Success,MTN Mobile Money,7,2024,3
TX_002843,USER_058,2024-03-23,2024-03-01,Saturday,1,Pay Bill,1000.0,11.0,Success,MTN Mobile Money,3,2024,1
TX_002844,USER_058,2024-09-22,2024-09-01,Sunday,1,Save/Investment,15300.0,299.0,Success,Orange Money,9,2024,3
TX_002845,USER_058,2024-10-11,2024-10-01,Friday,0,Buy Airtime,300.0,3.0,Success,MTN Mobile Money,10,2024,4
TX_002846,USER_058,2024-06-28,2024-06-01,Friday,0,Merchant Payment,6900.0,98.0,Pending,Orange Money,6,2024,2
TX_002847,USER_058,2024-12-02,2024-12-01,Monday,0,Send Money,10300.0,158.0,Success,Orange Money,12,2024,4
TX_002848,USER_058,2024-06-20,2024-06-01,Thursday,0,Pay Bill,16800.0,122.0,Success,MTN Mobile Money,6,2024,2
TX_002849,USER_058,2024-03-29,2024-03-01,Friday,0,Deposit Cash,66200.0,1190.0,Success,MTN Mobile Money,3,2024,1
TX_002850,USER_058,2024-05-11,2024-05-01,Saturday,1,Send Money,44300.0,264.0,Success,MTN Mobile Money,5,2024,2
TX_002851,USER_058,2024-11-13,2024-11-01,Wednesday,0,Merchant Payment,8000.0,106.0,Failed,MTN Mobile Money,11,2024,4
TX_002852,USER_058,2024-07-27,2024-07-01,Saturday,1,Receive Money,45500.0,756.0,Success,Orange Money,7,2024,3
TX_002853,USER_058,2024-06-28,2024-06-01,Friday,0,Withdraw Cash,30600.0,269.0,Success,MTN Mobile Money,6,2024,2
TX_002854,USER_058,2024-12-20,2024-12-01,Friday,0,Buy Airtime,600.0,10.0,Success,MTN Mobile Money,12,2024,4
TX_002855,USER_059,2024-08-11,2024-08-01,Sunday,1,Merchant Payment,78200.0,1405.0,Success,MTN Mobile Money,8,2024,3
TX_002856,USER_059,2024-12-21,2024-12-01,Saturday,1,Buy Airtime,300.0,5.0,Success,MTN Mobile Money,12,2024,4
TX_002857,USER_059,2025-01-01,2025-01-01,Wednesday,0,Receive Money,79800.0,940.0,Success,MTN Mobile Money,1,2025,1
TX_002858,USER_059,2025-02-08,2025-02-01,Saturday,1,Deposit Cash,116900.0,2412.0,Success,MTN Mobile Money,2,2025,1
TX_002859,USER_059,2024-08-12,2024-08-01,Monday,0,Save/Investment,11600.0,186.0,Success,MTN Mobile Money,8,2024,3
TX_002860,USER_059,2024-06-30,2024-06-01,Sunday,1,Receive Money,84700.0,1360.0,Success,MTN Mobile Money,6,2024,2
TX_002861,USER_059,2024-08-02,2024-08-01,Friday,0,Receive Money,77900.0,1012.0,Success,MTN Mobile Money,8,2024,3
TX_002862,USER_059,2024-05-13,2024-05-01,Monday,0,Receive Money,78200.0,614.0,Success,MTN Mobile Money,5,2024,2
TX_002863,USER_059,2025-02-02,2025-02-01,Sunday,1,Buy Airtime,6200.0,42.0,Success,MTN Mobile Money,2,2025,1
TX_002864,USER_059,2024-11-22,2024-11-01,Friday,0,Buy Airtime,2600.0,28.0,Success,MTN Mobile Money,11,2024,4
TX_002865,USER_059,2024-06-22,2024-06-01,Saturday,1,Send Money,1100.0,20.0,Success,MTN Mobile Money,6,2024,2
TX_002866,USER_059,2024-09-28,2024-09-01,Saturday,1,Withdraw Cash,99200.0,1539.0,Failed,MTN Mobile Money,9,2024,3
TX_002867,USER_059,2024-08-01,2024-08-01,Thursday,0,Buy Airtime,2500.0,34.0,Success,MTN Mobile Money,8,2024,3
TX_002868,USER_059,2024-07-19,2024-07-01,Friday,0,Buy Airtime,4700.0,84.0,Success,MTN Mobile Money,7,2024,3
TX_002869,USER_059,2024-04-01,2024-04-01,Monday,0,Send Money,9900.0,113.0,Success,MTN Mobile Money,4,2024,2
TX_002870,USER_059,2024-12-11,2024-12-01,Wednesday,0,Receive Money,53600.0,570.0,Pending,MTN Mobile Money,12,2024,4
TX_002871,USER_059,2024-12-28,2024-12-01,Saturday,1,Receive Money,38900.0,270.0,Success,MTN Mobile Money,12,2024,4
TX_002872,USER_059,2024-05-29,2024-05-01,Wednesday,0,Send Money,89100.0,653.0,Success,MTN Mobile Money,5,2024,2
TX_002873,USER_059,2025-01-15,2025-01-01,Wednesday,0,Deposit Cash,9400.0,106.0,Success,MTN Mobile Money,1,2025,1
TX_002874,USER_059,2025-02-11,2025-02-01,Tuesday,0,Deposit Cash,85200.0,1151.0,Success,MTN Mobile Money,2,2025,1
TX_002875,USER_059,2024-10-05,2024-10-01,Saturday,1,Buy Airtime,3300.0,21.0,Success,MTN Mobile Money,10,2024,4
TX_002876,USER_059,2024-12-10,2024-12-01,Tuesday,0,Merchant Payment,87300.0,1650.0,Success,MTN Mobile Money,12,2024,4
TX_002877,USER_059,2024-11-09,2024-11-01,Saturday,1,Buy Airtime,7100.0,82.0,Success,MTN Mobile Money,11,2024,4
TX_002878,USER_059,2024-03-25,2024-03-01,Monday,0,Receive Money,47700.0,780.0,Success,MTN Mobile Money,3,2024,1
TX_002879,USER_059,2024-08-24,2024-08-01,Saturday,1,Receive Money,29800.0,533.0,Success,MTN Mobile Money,8,2024,3
TX_002880,USER_059,2025-01-24,2025-01-01,Friday,0,Buy Airtime,3700.0,42.0,Success,MTN Mobile Money,1,2025,1
TX_002881,USER_059,2025-02-07,2025-02-01,Friday,0,Pay Bill,43300.0,468.0,Success,MTN Mobile Money,2,2025,1
TX_002882,USER_059,2024-09-12,2024-09-01,Thursday,0,Send Money,66400.0,357.0,Success,MTN Mobile Money,9,2024,3
TX_002883,USER_059,2024-11-24,2024-11-01,Sunday,1,Pay Bill,45600.0,626.0,Success,MTN Mobile Money,11,2024,4
TX_002884,USER_059,2024-08-11,2024-08-01,Sunday,1,Pay Bill,38300.0,245.0,Success,MTN Mobile Money,8,2024,3
TX_002885,USER_059,2025-02-20,2025-02-01,Thursday,0,Merchant Payment,27200.0,392.0,Success,MTN Mobile Money,2,2025,1
TX_002886,USER_059,2024-09-30,2024-09-01,Monday,0,Pay Bill,39300.0,380.0,Success,MTN Mobile Money,9,2024,3
TX_002887,USER_059,2024-09-26,2024-09-01,Thursday,0,Buy Airtime,6400.0,122.0,Success,MTN Mobile Money,9,2024,3
TX_002888,USER_059,2024-05-16,2024-05-01,Thursday,0,Pay Bill,14900.0,92.0,Success,MTN Mobile Money,5,2024,2
TX_002889,USER_059,2024-08-01,2024-08-01,Thursday,0,Receive Money,39600.0,374.0,Success,MTN Mobile Money,8,2024,3
TX_002890,USER_059,2024-09-09,2024-09-01,Monday,0,Save/Investment,70700.0,429.0,Success,MTN Mobile Money,9,2024,3
TX_002891,USER_059,2024-06-03,2024-06-01,Monday,0,Buy Airtime,8000.0,81.0,Success,MTN Mobile Money,6,2024,2
TX_002892,USER_059,2024-12-01,2024-12-01,Sunday,1,Merchant Payment,24800.0,465.0,Success,MTN Mobile Money,12,2024,4
TX_002893,USER_059,2024-10-29,2024-10-01,Tuesday,0,Save/Investment,29800.0,254.0,Success,MTN Mobile Money,10,2024,4
TX_002894,USER_059,2024-07-02,2024-07-01,Tuesday,0,Save/Investment,30600.0,412.0,Success,MTN Mobile Money,7,2024,3
TX_002895,USER_059,2024-06-24,2024-06-01,Monday,0,Receive Money,28600.0,373.0,Success,MTN Mobile Money,6,2024,2
TX_002896,USER_059,2024-08-01,2024-08-01,Thursday,0,Send Money,116900.0,1919.0,Success,MTN Mobile Money,8,2024,3
TX_002897,USER_059,2025-02-26,2025-02-01,Wednesday,0,Buy Airtime,2800.0,31.0,Success,MTN Mobile Money,2,2025,1
TX_002898,USER_059,2024-05-13,2024-05-01,Monday,0,Receive Money,68200.0,361.0,Success,MTN Mobile Money,5,2024,2
TX_002899,USER_059,2024-10-24,2024-10-01,Thursday,0,Pay Bill,29200.0,196.0,Pending,MTN Mobile Money,10,2024,4
TX_002900,USER_059,2024-03-30,2024-03-01,Saturday,1,Receive Money,91800.0,1259.0,Success,MTN Mobile Money,3,2024,1
TX_002901,USER_059,2024-12-13,2024-12-01,Friday,0,Receive Money,109100.0,1171.0,Success,MTN Mobile Money,12,2024,4
TX_002902,USER_059,2024-09-28,2024-09-01,Saturday,1,Withdraw Cash,116900.0,2124.0,Success,MTN Mobile Money,9,2024,3
TX_002903,USER_059,2024-09-30,2024-09-01,Monday,0,Receive Money,116900.0,904.0,Success,MTN Mobile Money,9,2024,3
TX_002904,USER_059,2024-12-11,2024-12-01,Wednesday,0,Buy Airtime,4500.0,43.0,Success,MTN Mobile Money,12,2024,4
TX_002905,USER_059,2024-11-27,2024-11-01,Wednesday,0,Send Money,53700.0,348.0,Success,MTN Mobile Money,11,2024,4
TX_002906,USER_059,2024-05-08,2024-05-01,Wednesday,0,Send Money,23800.0,150.0,Success,MTN Mobile Money,5,2024,2
TX_002907,USER_059,2024-09-15,2024-09-01,Sunday,1,Deposit Cash,116900.0,993.0,Success,MTN Mobile Money,9,2024,3
TX_002908,USER_059,2024-07-03,2024-07-01,Wednesday,0,Withdraw Cash,96900.0,1454.0,Success,MTN Mobile Money,7,2024,3
TX_002909,USER_059,2024-07-09,2024-07-01,Tuesday,0,Pay Bill,22200.0,141.0,Success,MTN Mobile Money,7,2024,3
TX_002910,USER_059,2024-06-13,2024-06-01,Thursday,0,Pay Bill,16200.0,196.0,Success,MTN Mobile Money,6,2024,2
TX_002911,USER_059,2024-08-17,2024-08-01,Saturday,1,Deposit Cash,116900.0,1412.0,Success,MTN Mobile Money,8,2024,3
TX_002912,USER_059,2025-01-26,2025-01-01,Sunday,1,Receive Money,19000.0,205.0,Success,MTN Mobile Money,1,2025,1
TX_002913,USER_059,2024-04-10,2024-04-01,Wednesday,0,Buy Airtime,8400.0,140.0,Success,MTN Mobile Money,4,2024,2
TX_002914,USER_059,2024-10-17,2024-10-01,Thursday,0,Send Money,15300.0,246.0,Success,MTN Mobile Money,10,2024,4
TX_002915,USER_060,2024-09-06,2024-09-01,Friday,0,Save/Investment,26300.0,458.0,Success,Orange Money,9,2024,3
TX_002916,USER_060,2024-04-17,2024-04-01,Wednesday,0,Merchant Payment,36100.0,529.0,Success,Orange Money,4,2024,2
TX_002917,USER_060,2024-11-30,2024-11-01,Saturday,1,Withdraw Cash,42500.0,274.0,Success,Orange Money,11,2024,4
TX_002918,USER_060,2024-06-06,2024-06-01,Thursday,0,Pay Bill,18400.0,114.0,Success,Orange Money,6,2024,2
TX_002919,USER_060,2024-03-27,2024-03-01,Wednesday,0,Receive Money,45200.0,415.0,Success,Orange Money,3,2024,1
TX_002920,USER_060,2024-07-16,2024-07-01,Tuesday,0,Send Money,14300.0,252.0,Success,Orange Money,7,2024,3
TX_002921,USER_060,2024-09-10,2024-09-01,Tuesday,0,Withdraw Cash,57200.0,1124.0,Success,Orange Money,9,2024,3
TX_002922,USER_060,2025-02-08,2025-02-01,Saturday,1,Send Money,4600.0,40.0,Success,Orange Money,2,2025,1
TX_002923,USER_060,2025-01-04,2025-01-01,Saturday,1,Send Money,20000.0,357.0,Success,Orange Money,1,2025,1
TX_002924,USER_060,2025-01-03,2025-01-01,Friday,0,Send Money,4300.0,25.0,Failed,Orange Money,1,2025,1
TX_002925,USER_060,2024-03-21,2024-03-01,Thursday,0,Deposit Cash,84600.0,1596.0,Success,Orange Money,3,2024,1
TX_002926,USER_060,2024-04-07,2024-04-01,Sunday,1,Receive Money,32400.0,511.0,Success,Orange Money,4,2024,2
TX_002927,USER_060,2024-06-05,2024-06-01,Wednesday,0,Pay Bill,16500.0,313.0,Success,Orange Money,6,2024,2
TX_002928,USER_060,2024-12-26,2024-12-01,Thursday,0,Deposit Cash,16800.0,206.0,Success,Orange Money,12,2024,4
TX_002929,USER_060,2025-02-07,2025-02-01,Friday,0,Buy Airtime,2800.0,30.0,Success,Orange Money,2,2025,1
TX_002930,USER_060,2024-12-12,2024-12-01,Thursday,0,Buy Airtime,3600.0,26.0,Success,Orange Money,12,2024,4
